product_id,competitor_name,raw_price,discount,net_price,voucher_details,promo_mechanics,url,scraped_at
1,Shopee,118000.0,0.0,118000.0,Freeship Extra,,https://www.shopee.vn/search?q=8933321819605,2026-06-30 04:44:35
1,Lazada,129000.0,13000.0,116000.0,Voucher tích lũy,,https://www.lazada.vn/search?q=8933321819605,2026-06-30 04:44:35
1,TikTok Shop,119000.0,12000.0,107000.0,,,https://www.tiktokshop.vn/search?q=8933321819605,2026-06-30 04:44:35
1,GrabMart,150000.0,0.0,150000.0,,,https://www.grabmart.vn/search?q=8933321819605,2026-06-30 04:44:35
1,Pharmacity,134000.0,0.0,134000.0,,,https://www.pharmacity.vn/search?q=8933321819605,2026-06-30 04:44:35
1,Shopee,118000.0,12000.0,106000.0,,,https://www.shopee.vn/search?q=8933321819605,2026-07-01 04:44:35
1,Lazada,123000.0,6000.0,117000.0,Voucher tích lũy,Combo mua 2 giảm 5%,https://www.lazada.vn/search?q=8933321819605,2026-07-01 04:44:35
1,TikTok Shop,126000.0,19000.0,87000.0,Voucher Livestream 20k,,https://www.tiktokshop.vn/search?q=8933321819605,2026-07-01 04:44:35
1,GrabMart,156000.0,0.0,156000.0,,,https://www.grabmart.vn/search?q=8933321819605,2026-07-01 04:44:35
1,Pharmacity,134000.0,7000.0,127000.0,,,https://www.pharmacity.vn/search?q=8933321819605,2026-07-01 04:44:35
1,Shopee,131000.0,13000.0,118000.0,Freeship Extra,,https://www.shopee.vn/search?q=8933321819605,2026-07-02 04:44:35
1,Lazada,128000.0,0.0,128000.0,,Combo mua 2 giảm 5%,https://www.lazada.vn/search?q=8933321819605,2026-07-02 04:44:35
1,TikTok Shop,130000.0,0.0,130000.0,,Flash Sale hàng hiệu,https://www.tiktokshop.vn/search?q=8933321819605,2026-07-02 04:44:35
1,GrabMart,141000.0,0.0,141000.0,,,https://www.grabmart.vn/search?q=8933321819605,2026-07-02 04:44:35
1,Pharmacity,137000.0,7000.0,130000.0,,,https://www.pharmacity.vn/search?q=8933321819605,2026-07-02 04:44:35
1,Shopee,116000.0,12000.0,104000.0,,Flash Sale,https://www.shopee.vn/search?q=8933321819605,2026-07-03 04:44:35
1,Lazada,128000.0,13000.0,115000.0,,,https://www.lazada.vn/search?q=8933321819605,2026-07-03 04:44:35
1,TikTok Shop,120000.0,0.0,120000.0,,Flash Sale hàng hiệu,https://www.tiktokshop.vn/search?q=8933321819605,2026-07-03 04:44:35
1,GrabMart,143000.0,0.0,143000.0,,,https://www.grabmart.vn/search?q=8933321819605,2026-07-03 04:44:35
1,Pharmacity,140000.0,0.0,140000.0,,,https://www.pharmacity.vn/search?q=8933321819605,2026-07-03 04:44:35
1,Shopee,128000.0,0.0,128000.0,,,https://www.shopee.vn/search?q=8933321819605,2026-07-04 04:44:35
1,Lazada,130000.0,6000.0,124000.0,Voucher tích lũy,,https://www.lazada.vn/search?q=8933321819605,2026-07-04 04:44:35
1,TikTok Shop,113000.0,17000.0,76000.0,Voucher Livestream 20k,,https://www.tiktokshop.vn/search?q=8933321819605,2026-07-04 04:44:35
1,GrabMart,149000.0,0.0,149000.0,,,https://www.grabmart.vn/search?q=8933321819605,2026-07-04 04:44:35
1,Pharmacity,134000.0,7000.0,127000.0,,,https://www.pharmacity.vn/search?q=8933321819605,2026-07-04 04:44:35
1,Shopee,116000.0,6000.0,110000.0,,Flash Sale,https://www.shopee.vn/search?q=8933321819605,2026-07-05 04:44:35
1,Lazada,129000.0,6000.0,123000.0,Voucher tích lũy,Combo mua 2 giảm 5%,https://www.lazada.vn/search?q=8933321819605,2026-07-05 04:44:35
1,TikTok Shop,114000.0,0.0,94000.0,Voucher Livestream 20k,,https://www.tiktokshop.vn/search?q=8933321819605,2026-07-05 04:44:35
1,GrabMart,151000.0,0.0,151000.0,,,https://www.grabmart.vn/search?q=8933321819605,2026-07-05 04:44:35
1,Pharmacity,139000.0,0.0,139000.0,,,https://www.pharmacity.vn/search?q=8933321819605,2026-07-05 04:44:35
1,Shopee,127000.0,19000.0,108000.0,Freeship Extra,,https://www.shopee.vn/search?q=8933321819605,2026-07-06 04:44:35
1,Lazada,123000.0,12000.0,111000.0,Voucher tích lũy,Combo mua 2 giảm 5%,https://www.lazada.vn/search?q=8933321819605,2026-07-06 04:44:35
1,TikTok Shop,130000.0,0.0,130000.0,,Flash Sale hàng hiệu,https://www.tiktokshop.vn/search?q=8933321819605,2026-07-06 04:44:35
1,GrabMart,151000.0,0.0,151000.0,,,https://www.grabmart.vn/search?q=8933321819605,2026-07-06 04:44:35
1,Pharmacity,134000.0,7000.0,127000.0,,,https://www.pharmacity.vn/search?q=8933321819605,2026-07-06 04:44:35
2,Shopee,38000.0,0.0,38000.0,Freeship Extra,Flash Sale,https://www.shopee.vn/search?q=8934828148939,2026-06-30 04:44:35
2,Lazada,37000.0,0.0,37000.0,Voucher tích lũy,Combo mua 2 giảm 5%,https://www.lazada.vn/search?q=8934828148939,2026-06-30 04:44:35
2,TikTok Shop,34000.0,0.0,34000.0,,,https://www.tiktokshop.vn/search?q=8934828148939,2026-06-30 04:44:35
2,GrabMart,44000.0,0.0,44000.0,,,https://www.grabmart.vn/search?q=8934828148939,2026-06-30 04:44:35
2,Pharmacity,41000.0,0.0,41000.0,,,https://www.pharmacity.vn/search?q=8934828148939,2026-06-30 04:44:35
2,Shopee,34000.0,5000.0,29000.0,Freeship Extra,,https://www.shopee.vn/search?q=8934828148939,2026-07-01 04:44:35
2,Lazada,36000.0,4000.0,32000.0,Voucher tích lũy,,https://www.lazada.vn/search?q=8934828148939,2026-07-01 04:44:35
2,TikTok Shop,38000.0,6000.0,32000.0,,Flash Sale hàng hiệu,https://www.tiktokshop.vn/search?q=8934828148939,2026-07-01 04:44:35
2,GrabMart,42000.0,0.0,42000.0,,,https://www.grabmart.vn/search?q=8934828148939,2026-07-01 04:44:35
2,Pharmacity,40000.0,2000.0,38000.0,,,https://www.pharmacity.vn/search?q=8934828148939,2026-07-01 04:44:35
2,Shopee,36000.0,5000.0,31000.0,,,https://www.shopee.vn/search?q=8934828148939,2026-07-02 04:44:35
2,Lazada,35000.0,2000.0,33000.0,,,https://www.lazada.vn/search?q=8934828148939,2026-07-02 04:44:35
2,TikTok Shop,36000.0,0.0,36000.0,,,https://www.tiktokshop.vn/search?q=8934828148939,2026-07-02 04:44:35
2,GrabMart,41000.0,0.0,41000.0,,,https://www.grabmart.vn/search?q=8934828148939,2026-07-02 04:44:35
2,Pharmacity,41000.0,2000.0,39000.0,,,https://www.pharmacity.vn/search?q=8934828148939,2026-07-02 04:44:35
2,Shopee,34000.0,2000.0,22000.0,Mã giảm 10k,Flash Sale,https://www.shopee.vn/search?q=8934828148939,2026-07-03 04:44:35
2,Lazada,35000.0,0.0,35000.0,Voucher tích lũy,,https://www.lazada.vn/search?q=8934828148939,2026-07-03 04:44:35
2,TikTok Shop,37000.0,4000.0,33000.0,,,https://www.tiktokshop.vn/search?q=8934828148939,2026-07-03 04:44:35
2,GrabMart,40000.0,0.0,40000.0,,,https://www.grabmart.vn/search?q=8934828148939,2026-07-03 04:44:35
2,Pharmacity,40000.0,2000.0,38000.0,,,https://www.pharmacity.vn/search?q=8934828148939,2026-07-03 04:44:35
2,Shopee,36000.0,0.0,36000.0,Freeship Extra,,https://www.shopee.vn/search?q=8934828148939,2026-07-04 04:44:35
2,Lazada,35000.0,4000.0,31000.0,Voucher tích lũy,,https://www.lazada.vn/search?q=8934828148939,2026-07-04 04:44:35
2,TikTok Shop,34000.0,0.0,14000.0,Voucher Livestream 20k,,https://www.tiktokshop.vn/search?q=8934828148939,2026-07-04 04:44:35
2,GrabMart,42000.0,0.0,42000.0,,,https://www.grabmart.vn/search?q=8934828148939,2026-07-04 04:44:35
2,Pharmacity,39000.0,0.0,39000.0,,,https://www.pharmacity.vn/search?q=8934828148939,2026-07-04 04:44:35
2,Shopee,39000.0,0.0,29000.0,Mã giảm 10k,,https://www.shopee.vn/search?q=8934828148939,2026-07-05 04:44:35
2,Lazada,35000.0,4000.0,31000.0,,,https://www.lazada.vn/search?q=8934828148939,2026-07-05 04:44:35
2,TikTok Shop,38000.0,0.0,38000.0,,Flash Sale hàng hiệu,https://www.tiktokshop.vn/search?q=8934828148939,2026-07-05 04:44:35
2,GrabMart,43000.0,0.0,43000.0,,,https://www.grabmart.vn/search?q=8934828148939,2026-07-05 04:44:35
2,Pharmacity,39000.0,2000.0,37000.0,,,https://www.pharmacity.vn/search?q=8934828148939,2026-07-05 04:44:35
2,Shopee,39000.0,2000.0,27000.0,Mã giảm 10k,,https://www.shopee.vn/search?q=8934828148939,2026-07-06 04:44:35
2,Lazada,39000.0,2000.0,37000.0,Voucher tích lũy,Combo mua 2 giảm 5%,https://www.lazada.vn/search?q=8934828148939,2026-07-06 04:44:35
2,TikTok Shop,35000.0,5000.0,10000.0,Voucher Livestream 20k,,https://www.tiktokshop.vn/search?q=8934828148939,2026-07-06 04:44:35
2,GrabMart,41000.0,0.0,41000.0,,,https://www.grabmart.vn/search?q=8934828148939,2026-07-06 04:44:35
2,Pharmacity,39000.0,0.0,39000.0,,,https://www.pharmacity.vn/search?q=8934828148939,2026-07-06 04:44:35
3,Shopee,164000.0,8000.0,146000.0,Mã giảm 10k,,https://www.shopee.vn/search?q=8930978820817,2026-06-30 04:44:35
3,Lazada,172000.0,17000.0,155000.0,,,https://www.lazada.vn/search?q=8930978820817,2026-06-30 04:44:35
3,TikTok Shop,159000.0,16000.0,123000.0,Voucher Livestream 20k,Flash Sale hàng hiệu,https://www.tiktokshop.vn/search?q=8930978820817,2026-06-30 04:44:35
3,GrabMart,181000.0,0.0,181000.0,,,https://www.grabmart.vn/search?q=8930978820817,2026-06-30 04:44:35
3,Pharmacity,179000.0,0.0,179000.0,,,https://www.pharmacity.vn/search?q=8930978820817,2026-06-30 04:44:35
3,Shopee,154000.0,8000.0,146000.0,Freeship Extra,Flash Sale,https://www.shopee.vn/search?q=8930978820817,2026-07-01 04:44:35
3,Lazada,162000.0,0.0,162000.0,,Combo mua 2 giảm 5%,https://www.lazada.vn/search?q=8930978820817,2026-07-01 04:44:35
3,TikTok Shop,159000.0,24000.0,135000.0,,,https://www.tiktokshop.vn/search?q=8930978820817,2026-07-01 04:44:35
3,GrabMart,190000.0,0.0,190000.0,,,https://www.grabmart.vn/search?q=8930978820817,2026-07-01 04:44:35
3,Pharmacity,176000.0,0.0,176000.0,,,https://www.pharmacity.vn/search?q=8930978820817,2026-07-01 04:44:35
3,Shopee,173000.0,0.0,173000.0,,Flash Sale,https://www.shopee.vn/search?q=8930978820817,2026-07-02 04:44:35
3,Lazada,158000.0,8000.0,150000.0,Voucher tích lũy,,https://www.lazada.vn/search?q=8930978820817,2026-07-02 04:44:35
3,TikTok Shop,161000.0,24000.0,117000.0,Voucher Livestream 20k,,https://www.tiktokshop.vn/search?q=8930978820817,2026-07-02 04:44:35
3,GrabMart,202000.0,0.0,202000.0,,,https://www.grabmart.vn/search?q=8930978820817,2026-07-02 04:44:35
3,Pharmacity,172000.0,0.0,172000.0,,,https://www.pharmacity.vn/search?q=8930978820817,2026-07-02 04:44:35
3,Shopee,172000.0,9000.0,153000.0,Mã giảm 10k,Flash Sale,https://www.shopee.vn/search?q=8930978820817,2026-07-03 04:44:35
3,Lazada,165000.0,16000.0,149000.0,Voucher tích lũy,,https://www.lazada.vn/search?q=8930978820817,2026-07-03 04:44:35
3,TikTok Shop,161000.0,16000.0,125000.0,Voucher Livestream 20k,Flash Sale hàng hiệu,https://www.tiktokshop.vn/search?q=8930978820817,2026-07-03 04:44:35
3,GrabMart,201000.0,0.0,201000.0,,,https://www.grabmart.vn/search?q=8930978820817,2026-07-03 04:44:35
3,Pharmacity,180000.0,0.0,180000.0,,,https://www.pharmacity.vn/search?q=8930978820817,2026-07-03 04:44:35
3,Shopee,165000.0,16000.0,149000.0,,,https://www.shopee.vn/search?q=8930978820817,2026-07-04 04:44:35
3,Lazada,159000.0,0.0,159000.0,Voucher tích lũy,,https://www.lazada.vn/search?q=8930978820817,2026-07-04 04:44:35
3,TikTok Shop,163000.0,24000.0,119000.0,Voucher Livestream 20k,,https://www.tiktokshop.vn/search?q=8930978820817,2026-07-04 04:44:35
3,GrabMart,178000.0,0.0,178000.0,,,https://www.grabmart.vn/search?q=8930978820817,2026-07-04 04:44:35
3,Pharmacity,182000.0,0.0,182000.0,,,https://www.pharmacity.vn/search?q=8930978820817,2026-07-04 04:44:35
3,Shopee,162000.0,16000.0,146000.0,Freeship Extra,,https://www.shopee.vn/search?q=8930978820817,2026-07-05 04:44:35
3,Lazada,161000.0,0.0,161000.0,Voucher tích lũy,Combo mua 2 giảm 5%,https://www.lazada.vn/search?q=8930978820817,2026-07-05 04:44:35
3,TikTok Shop,167000.0,0.0,147000.0,Voucher Livestream 20k,,https://www.tiktokshop.vn/search?q=8930978820817,2026-07-05 04:44:35
3,GrabMart,195000.0,0.0,195000.0,,,https://www.grabmart.vn/search?q=8930978820817,2026-07-05 04:44:35
3,Pharmacity,178000.0,9000.0,169000.0,,,https://www.pharmacity.vn/search?q=8930978820817,2026-07-05 04:44:35
3,Shopee,169000.0,25000.0,144000.0,Freeship Extra,,https://www.shopee.vn/search?q=8930978820817,2026-07-06 04:44:35
3,Lazada,172000.0,0.0,172000.0,,,https://www.lazada.vn/search?q=8930978820817,2026-07-06 04:44:35
3,TikTok Shop,167000.0,0.0,167000.0,,Flash Sale hàng hiệu,https://www.tiktokshop.vn/search?q=8930978820817,2026-07-06 04:44:35
3,GrabMart,197000.0,0.0,197000.0,,,https://www.grabmart.vn/search?q=8930978820817,2026-07-06 04:44:35
3,Pharmacity,175000.0,0.0,175000.0,,,https://www.pharmacity.vn/search?q=8930978820817,2026-07-06 04:44:35
4,Shopee,65000.0,10000.0,45000.0,Mã giảm 10k,Flash Sale,https://www.shopee.vn/search?q=8936073375436,2026-06-30 04:44:35
4,Lazada,66000.0,3000.0,63000.0,Voucher tích lũy,Combo mua 2 giảm 5%,https://www.lazada.vn/search?q=8936073375436,2026-06-30 04:44:35
4,TikTok Shop,63000.0,9000.0,34000.0,Voucher Livestream 20k,,https://www.tiktokshop.vn/search?q=8936073375436,2026-06-30 04:44:35
4,GrabMart,70000.0,0.0,70000.0,,,https://www.grabmart.vn/search?q=8936073375436,2026-06-30 04:44:35
4,Pharmacity,71000.0,0.0,71000.0,,,https://www.pharmacity.vn/search?q=8936073375436,2026-06-30 04:44:35
4,Shopee,64000.0,6000.0,58000.0,,,https://www.shopee.vn/search?q=8936073375436,2026-07-01 04:44:35
4,Lazada,64000.0,3000.0,61000.0,Voucher tích lũy,Combo mua 2 giảm 5%,https://www.lazada.vn/search?q=8936073375436,2026-07-01 04:44:35
4,TikTok Shop,62000.0,9000.0,53000.0,,Flash Sale hàng hiệu,https://www.tiktokshop.vn/search?q=8936073375436,2026-07-01 04:44:35
4,GrabMart,78000.0,0.0,78000.0,,,https://www.grabmart.vn/search?q=8936073375436,2026-07-01 04:44:35
4,Pharmacity,67000.0,0.0,67000.0,,,https://www.pharmacity.vn/search?q=8936073375436,2026-07-01 04:44:35
4,Shopee,65000.0,0.0,65000.0,Freeship Extra,,https://www.shopee.vn/search?q=8936073375436,2026-07-02 04:44:35
4,Lazada,62000.0,0.0,62000.0,Voucher tích lũy,Combo mua 2 giảm 5%,https://www.lazada.vn/search?q=8936073375436,2026-07-02 04:44:35
4,TikTok Shop,63000.0,0.0,43000.0,Voucher Livestream 20k,Flash Sale hàng hiệu,https://www.tiktokshop.vn/search?q=8936073375436,2026-07-02 04:44:35
4,GrabMart,76000.0,0.0,76000.0,,,https://www.grabmart.vn/search?q=8936073375436,2026-07-02 04:44:35
4,Pharmacity,68000.0,3000.0,65000.0,,,https://www.pharmacity.vn/search?q=8936073375436,2026-07-02 04:44:35
4,Shopee,63000.0,3000.0,50000.0,Mã giảm 10k,Flash Sale,https://www.shopee.vn/search?q=8936073375436,2026-07-03 04:44:35
4,Lazada,65000.0,0.0,65000.0,Voucher tích lũy,Combo mua 2 giảm 5%,https://www.lazada.vn/search?q=8936073375436,2026-07-03 04:44:35
4,TikTok Shop,61000.0,0.0,41000.0,Voucher Livestream 20k,Flash Sale hàng hiệu,https://www.tiktokshop.vn/search?q=8936073375436,2026-07-03 04:44:35
4,GrabMart,71000.0,0.0,71000.0,,,https://www.grabmart.vn/search?q=8936073375436,2026-07-03 04:44:35
4,Pharmacity,70000.0,4000.0,66000.0,,,https://www.pharmacity.vn/search?q=8936073375436,2026-07-03 04:44:35
4,Shopee,62000.0,9000.0,53000.0,Freeship Extra,,https://www.shopee.vn/search?q=8936073375436,2026-07-04 04:44:35
4,Lazada,64000.0,6000.0,58000.0,,,https://www.lazada.vn/search?q=8936073375436,2026-07-04 04:44:35
4,TikTok Shop,58000.0,9000.0,29000.0,Voucher Livestream 20k,,https://www.tiktokshop.vn/search?q=8936073375436,2026-07-04 04:44:35
4,GrabMart,77000.0,0.0,77000.0,,,https://www.grabmart.vn/search?q=8936073375436,2026-07-04 04:44:35
4,Pharmacity,70000.0,4000.0,66000.0,,,https://www.pharmacity.vn/search?q=8936073375436,2026-07-04 04:44:35
4,Shopee,60000.0,3000.0,57000.0,,,https://www.shopee.vn/search?q=8936073375436,2026-07-05 04:44:35
4,Lazada,60000.0,3000.0,57000.0,,Combo mua 2 giảm 5%,https://www.lazada.vn/search?q=8936073375436,2026-07-05 04:44:35
4,TikTok Shop,60000.0,9000.0,51000.0,,Flash Sale hàng hiệu,https://www.tiktokshop.vn/search?q=8936073375436,2026-07-05 04:44:35
4,GrabMart,74000.0,0.0,74000.0,,,https://www.grabmart.vn/search?q=8936073375436,2026-07-05 04:44:35
4,Pharmacity,67000.0,0.0,67000.0,,,https://www.pharmacity.vn/search?q=8936073375436,2026-07-05 04:44:35
4,Shopee,67000.0,0.0,57000.0,Mã giảm 10k,,https://www.shopee.vn/search?q=8936073375436,2026-07-06 04:44:35
4,Lazada,61000.0,6000.0,55000.0,Voucher tích lũy,,https://www.lazada.vn/search?q=8936073375436,2026-07-06 04:44:35
4,TikTok Shop,61000.0,0.0,41000.0,Voucher Livestream 20k,,https://www.tiktokshop.vn/search?q=8936073375436,2026-07-06 04:44:35
4,GrabMart,77000.0,0.0,77000.0,,,https://www.grabmart.vn/search?q=8936073375436,2026-07-06 04:44:35
4,Pharmacity,69000.0,3000.0,66000.0,,,https://www.pharmacity.vn/search?q=8936073375436,2026-07-06 04:44:35
5,Shopee,881000.0,88000.0,783000.0,Mã giảm 10k,,https://www.shopee.vn/search?q=8936872774348,2026-06-30 04:44:35
5,Lazada,896000.0,0.0,896000.0,Voucher tích lũy,Combo mua 2 giảm 5%,https://www.lazada.vn/search?q=8936872774348,2026-06-30 04:44:35
5,TikTok Shop,806000.0,121000.0,685000.0,,,https://www.tiktokshop.vn/search?q=8936872774348,2026-06-30 04:44:35
5,GrabMart,960000.0,0.0,960000.0,,,https://www.grabmart.vn/search?q=8936872774348,2026-06-30 04:44:35
5,Pharmacity,935000.0,0.0,935000.0,,,https://www.pharmacity.vn/search?q=8936872774348,2026-06-30 04:44:35
5,Shopee,893000.0,0.0,883000.0,Mã giảm 10k,Flash Sale,https://www.shopee.vn/search?q=8936872774348,2026-07-01 04:44:35
5,Lazada,852000.0,43000.0,809000.0,Voucher tích lũy,,https://www.lazada.vn/search?q=8936872774348,2026-07-01 04:44:35
5,TikTok Shop,789000.0,79000.0,690000.0,Voucher Livestream 20k,,https://www.tiktokshop.vn/search?q=8936872774348,2026-07-01 04:44:35
5,GrabMart,1067000.0,0.0,1067000.0,,,https://www.grabmart.vn/search?q=8936872774348,2026-07-01 04:44:35
5,Pharmacity,960000.0,48000.0,912000.0,,,https://www.pharmacity.vn/search?q=8936872774348,2026-07-01 04:44:35
5,Shopee,858000.0,86000.0,762000.0,Mã giảm 10k,Flash Sale,https://www.shopee.vn/search?q=8936872774348,2026-07-02 04:44:35
5,Lazada,911000.0,46000.0,865000.0,,Combo mua 2 giảm 5%,https://www.lazada.vn/search?q=8936872774348,2026-07-02 04:44:35
5,TikTok Shop,791000.0,79000.0,692000.0,Voucher Livestream 20k,,https://www.tiktokshop.vn/search?q=8936872774348,2026-07-02 04:44:35
5,GrabMart,996000.0,0.0,996000.0,,,https://www.grabmart.vn/search?q=8936872774348,2026-07-02 04:44:35
5,Pharmacity,953000.0,48000.0,905000.0,,,https://www.pharmacity.vn/search?q=8936872774348,2026-07-02 04:44:35
5,Shopee,896000.0,134000.0,762000.0,,,https://www.shopee.vn/search?q=8936872774348,2026-07-03 04:44:35
5,Lazada,917000.0,92000.0,825000.0,,,https://www.lazada.vn/search?q=8936872774348,2026-07-03 04:44:35
5,TikTok Shop,855000.0,0.0,835000.0,Voucher Livestream 20k,,https://www.tiktokshop.vn/search?q=8936872774348,2026-07-03 04:44:35
5,GrabMart,945000.0,0.0,945000.0,,,https://www.grabmart.vn/search?q=8936872774348,2026-07-03 04:44:35
5,Pharmacity,934000.0,0.0,934000.0,,,https://www.pharmacity.vn/search?q=8936872774348,2026-07-03 04:44:35
5,Shopee,855000.0,86000.0,759000.0,Mã giảm 10k,Flash Sale,https://www.shopee.vn/search?q=8936872774348,2026-07-04 04:44:35
5,Lazada,900000.0,45000.0,855000.0,Voucher tích lũy,,https://www.lazada.vn/search?q=8936872774348,2026-07-04 04:44:35
5,TikTok Shop,829000.0,124000.0,705000.0,,Flash Sale hàng hiệu,https://www.tiktokshop.vn/search?q=8936872774348,2026-07-04 04:44:35
5,GrabMart,972000.0,0.0,972000.0,,,https://www.grabmart.vn/search?q=8936872774348,2026-07-04 04:44:35
5,Pharmacity,914000.0,0.0,914000.0,,,https://www.pharmacity.vn/search?q=8936872774348,2026-07-04 04:44:35
5,Shopee,900000.0,45000.0,855000.0,,,https://www.shopee.vn/search?q=8936872774348,2026-07-05 04:44:35
5,Lazada,885000.0,0.0,885000.0,,Combo mua 2 giảm 5%,https://www.lazada.vn/search?q=8936872774348,2026-07-05 04:44:35
5,TikTok Shop,859000.0,129000.0,730000.0,,Flash Sale hàng hiệu,https://www.tiktokshop.vn/search?q=8936872774348,2026-07-05 04:44:35
5,GrabMart,1044000.0,0.0,1044000.0,,,https://www.grabmart.vn/search?q=8936872774348,2026-07-05 04:44:35
5,Pharmacity,960000.0,0.0,960000.0,,,https://www.pharmacity.vn/search?q=8936872774348,2026-07-05 04:44:35
5,Shopee,878000.0,0.0,878000.0,,Flash Sale,https://www.shopee.vn/search?q=8936872774348,2026-07-06 04:44:35
5,Lazada,827000.0,0.0,827000.0,Voucher tích lũy,Combo mua 2 giảm 5%,https://www.lazada.vn/search?q=8936872774348,2026-07-06 04:44:35
5,TikTok Shop,818000.0,123000.0,695000.0,,,https://www.tiktokshop.vn/search?q=8936872774348,2026-07-06 04:44:35
5,GrabMart,1027000.0,0.0,1027000.0,,,https://www.grabmart.vn/search?q=8936872774348,2026-07-06 04:44:35
5,Pharmacity,964000.0,0.0,964000.0,,,https://www.pharmacity.vn/search?q=8936872774348,2026-07-06 04:44:35
6,Shopee,287000.0,43000.0,234000.0,Mã giảm 10k,,https://www.shopee.vn/search?q=8939190586518,2026-06-30 04:44:35
6,Lazada,315000.0,16000.0,299000.0,Voucher tích lũy,,https://www.lazada.vn/search?q=8939190586518,2026-06-30 04:44:35
6,TikTok Shop,300000.0,45000.0,235000.0,Voucher Livestream 20k,Flash Sale hàng hiệu,https://www.tiktokshop.vn/search?q=8939190586518,2026-06-30 04:44:35
6,GrabMart,367000.0,0.0,367000.0,,,https://www.grabmart.vn/search?q=8939190586518,2026-06-30 04:44:35
6,Pharmacity,351000.0,18000.0,333000.0,,,https://www.pharmacity.vn/search?q=8939190586518,2026-06-30 04:44:35
6,Shopee,304000.0,15000.0,289000.0,,Flash Sale,https://www.shopee.vn/search?q=8939190586518,2026-07-01 04:44:35
6,Lazada,333000.0,0.0,333000.0,Voucher tích lũy,Combo mua 2 giảm 5%,https://www.lazada.vn/search?q=8939190586518,2026-07-01 04:44:35
6,TikTok Shop,295000.0,30000.0,245000.0,Voucher Livestream 20k,,https://www.tiktokshop.vn/search?q=8939190586518,2026-07-01 04:44:35
6,GrabMart,368000.0,0.0,368000.0,,,https://www.grabmart.vn/search?q=8939190586518,2026-07-01 04:44:35
6,Pharmacity,340000.0,17000.0,323000.0,,,https://www.pharmacity.vn/search?q=8939190586518,2026-07-01 04:44:35
6,Shopee,305000.0,30000.0,275000.0,Freeship Extra,,https://www.shopee.vn/search?q=8939190586518,2026-07-02 04:44:35
6,Lazada,318000.0,0.0,318000.0,,,https://www.lazada.vn/search?q=8939190586518,2026-07-02 04:44:35
6,TikTok Shop,316000.0,32000.0,284000.0,,Flash Sale hàng hiệu,https://www.tiktokshop.vn/search?q=8939190586518,2026-07-02 04:44:35
6,GrabMart,377000.0,0.0,377000.0,,,https://www.grabmart.vn/search?q=8939190586518,2026-07-02 04:44:35
6,Pharmacity,343000.0,0.0,343000.0,,,https://www.pharmacity.vn/search?q=8939190586518,2026-07-02 04:44:35
6,Shopee,291000.0,15000.0,266000.0,Mã giảm 10k,,https://www.shopee.vn/search?q=8939190586518,2026-07-03 04:44:35
6,Lazada,309000.0,31000.0,278000.0,Voucher tích lũy,Combo mua 2 giảm 5%,https://www.lazada.vn/search?q=8939190586518,2026-07-03 04:44:35
6,TikTok Shop,307000.0,31000.0,256000.0,Voucher Livestream 20k,Flash Sale hàng hiệu,https://www.tiktokshop.vn/search?q=8939190586518,2026-07-03 04:44:35
6,GrabMart,361000.0,0.0,361000.0,,,https://www.grabmart.vn/search?q=8939190586518,2026-07-03 04:44:35
6,Pharmacity,342000.0,17000.0,325000.0,,,https://www.pharmacity.vn/search?q=8939190586518,2026-07-03 04:44:35
6,Shopee,300000.0,0.0,300000.0,Freeship Extra,,https://www.shopee.vn/search?q=8939190586518,2026-07-04 04:44:35
6,Lazada,310000.0,31000.0,279000.0,,,https://www.lazada.vn/search?q=8939190586518,2026-07-04 04:44:35
6,TikTok Shop,288000.0,29000.0,239000.0,Voucher Livestream 20k,Flash Sale hàng hiệu,https://www.tiktokshop.vn/search?q=8939190586518,2026-07-04 04:44:35
6,GrabMart,396000.0,0.0,396000.0,,,https://www.grabmart.vn/search?q=8939190586518,2026-07-04 04:44:35
6,Pharmacity,351000.0,18000.0,333000.0,,,https://www.pharmacity.vn/search?q=8939190586518,2026-07-04 04:44:35
6,Shopee,299000.0,15000.0,274000.0,Mã giảm 10k,,https://www.shopee.vn/search?q=8939190586518,2026-07-05 04:44:35
6,Lazada,326000.0,0.0,326000.0,Voucher tích lũy,,https://www.lazada.vn/search?q=8939190586518,2026-07-05 04:44:35
6,TikTok Shop,330000.0,50000.0,260000.0,Voucher Livestream 20k,,https://www.tiktokshop.vn/search?q=8939190586518,2026-07-05 04:44:35
6,GrabMart,377000.0,0.0,377000.0,,,https://www.grabmart.vn/search?q=8939190586518,2026-07-05 04:44:35
6,Pharmacity,349000.0,0.0,349000.0,,,https://www.pharmacity.vn/search?q=8939190586518,2026-07-05 04:44:35
6,Shopee,335000.0,34000.0,291000.0,Mã giảm 10k,Flash Sale,https://www.shopee.vn/search?q=8939190586518,2026-07-06 04:44:35
6,Lazada,315000.0,0.0,315000.0,,Combo mua 2 giảm 5%,https://www.lazada.vn/search?q=8939190586518,2026-07-06 04:44:35
6,TikTok Shop,328000.0,33000.0,295000.0,,,https://www.tiktokshop.vn/search?q=8939190586518,2026-07-06 04:44:35
6,GrabMart,364000.0,0.0,364000.0,,,https://www.grabmart.vn/search?q=8939190586518,2026-07-06 04:44:35
6,Pharmacity,333000.0,0.0,333000.0,,,https://www.pharmacity.vn/search?q=8939190586518,2026-07-06 04:44:35
7,Shopee,264000.0,40000.0,214000.0,Mã giảm 10k,Flash Sale,https://www.shopee.vn/search?q=8931318699933,2026-06-30 04:44:35
7,Lazada,263000.0,26000.0,237000.0,,,https://www.lazada.vn/search?q=8931318699933,2026-06-30 04:44:35
7,TikTok Shop,279000.0,0.0,279000.0,,Flash Sale hàng hiệu,https://www.tiktokshop.vn/search?q=8931318699933,2026-06-30 04:44:35
7,GrabMart,321000.0,0.0,321000.0,,,https://www.grabmart.vn/search?q=8931318699933,2026-06-30 04:44:35
7,Pharmacity,285000.0,0.0,285000.0,,,https://www.pharmacity.vn/search?q=8931318699933,2026-06-30 04:44:35
7,Shopee,269000.0,13000.0,256000.0,,Flash Sale,https://www.shopee.vn/search?q=8931318699933,2026-07-01 04:44:35
7,Lazada,268000.0,27000.0,241000.0,Voucher tích lũy,Combo mua 2 giảm 5%,https://www.lazada.vn/search?q=8931318699933,2026-07-01 04:44:35
7,TikTok Shop,236000.0,24000.0,192000.0,Voucher Livestream 20k,Flash Sale hàng hiệu,https://www.tiktokshop.vn/search?q=8931318699933,2026-07-01 04:44:35
7,GrabMart,293000.0,0.0,293000.0,,,https://www.grabmart.vn/search?q=8931318699933,2026-07-01 04:44:35
7,Pharmacity,286000.0,14000.0,272000.0,,,https://www.pharmacity.vn/search?q=8931318699933,2026-07-01 04:44:35
7,Shopee,280000.0,14000.0,256000.0,Mã giảm 10k,,https://www.shopee.vn/search?q=8931318699933,2026-07-02 04:44:35
7,Lazada,271000.0,27000.0,244000.0,,Combo mua 2 giảm 5%,https://www.lazada.vn/search?q=8931318699933,2026-07-02 04:44:35
7,TikTok Shop,273000.0,0.0,273000.0,,,https://www.tiktokshop.vn/search?q=8931318699933,2026-07-02 04:44:35
7,GrabMart,327000.0,0.0,327000.0,,,https://www.grabmart.vn/search?q=8931318699933,2026-07-02 04:44:35
7,Pharmacity,293000.0,15000.0,278000.0,,,https://www.pharmacity.vn/search?q=8931318699933,2026-07-02 04:44:35
7,Shopee,264000.0,40000.0,224000.0,Freeship Extra,Flash Sale,https://www.shopee.vn/search?q=8931318699933,2026-07-03 04:44:35
7,Lazada,277000.0,14000.0,263000.0,Voucher tích lũy,Combo mua 2 giảm 5%,https://www.lazada.vn/search?q=8931318699933,2026-07-03 04:44:35
7,TikTok Shop,238000.0,0.0,218000.0,Voucher Livestream 20k,Flash Sale hàng hiệu,https://www.tiktokshop.vn/search?q=8931318699933,2026-07-03 04:44:35
7,GrabMart,318000.0,0.0,318000.0,,,https://www.grabmart.vn/search?q=8931318699933,2026-07-03 04:44:35
7,Pharmacity,282000.0,0.0,282000.0,,,https://www.pharmacity.vn/search?q=8931318699933,2026-07-03 04:44:35
7,Shopee,288000.0,0.0,288000.0,Freeship Extra,Flash Sale,https://www.shopee.vn/search?q=8931318699933,2026-07-04 04:44:35
7,Lazada,272000.0,0.0,272000.0,Voucher tích lũy,Combo mua 2 giảm 5%,https://www.lazada.vn/search?q=8931318699933,2026-07-04 04:44:35
7,TikTok Shop,277000.0,0.0,257000.0,Voucher Livestream 20k,Flash Sale hàng hiệu,https://www.tiktokshop.vn/search?q=8931318699933,2026-07-04 04:44:35
7,GrabMart,335000.0,0.0,335000.0,,,https://www.grabmart.vn/search?q=8931318699933,2026-07-04 04:44:35
7,Pharmacity,291000.0,15000.0,276000.0,,,https://www.pharmacity.vn/search?q=8931318699933,2026-07-04 04:44:35
7,Shopee,259000.0,0.0,259000.0,,Flash Sale,https://www.shopee.vn/search?q=8931318699933,2026-07-05 04:44:35
7,Lazada,266000.0,13000.0,253000.0,Voucher tích lũy,Combo mua 2 giảm 5%,https://www.lazada.vn/search?q=8931318699933,2026-07-05 04:44:35
7,TikTok Shop,273000.0,41000.0,232000.0,,Flash Sale hàng hiệu,https://www.tiktokshop.vn/search?q=8931318699933,2026-07-05 04:44:35
7,GrabMart,294000.0,0.0,294000.0,,,https://www.grabmart.vn/search?q=8931318699933,2026-07-05 04:44:35
7,Pharmacity,286000.0,0.0,286000.0,,,https://www.pharmacity.vn/search?q=8931318699933,2026-07-05 04:44:35
7,Shopee,289000.0,43000.0,246000.0,Freeship Extra,,https://www.shopee.vn/search?q=8931318699933,2026-07-06 04:44:35
7,Lazada,275000.0,28000.0,247000.0,Voucher tích lũy,Combo mua 2 giảm 5%,https://www.lazada.vn/search?q=8931318699933,2026-07-06 04:44:35
7,TikTok Shop,237000.0,36000.0,181000.0,Voucher Livestream 20k,Flash Sale hàng hiệu,https://www.tiktokshop.vn/search?q=8931318699933,2026-07-06 04:44:35
7,GrabMart,319000.0,0.0,319000.0,,,https://www.grabmart.vn/search?q=8931318699933,2026-07-06 04:44:35
7,Pharmacity,297000.0,0.0,297000.0,,,https://www.pharmacity.vn/search?q=8931318699933,2026-07-06 04:44:35
8,Shopee,79000.0,0.0,69000.0,Mã giảm 10k,,https://www.shopee.vn/search?q=8937710932487,2026-06-30 04:44:35
8,Lazada,88000.0,0.0,88000.0,Voucher tích lũy,Combo mua 2 giảm 5%,https://www.lazada.vn/search?q=8937710932487,2026-06-30 04:44:35
8,TikTok Shop,83000.0,8000.0,55000.0,Voucher Livestream 20k,Flash Sale hàng hiệu,https://www.tiktokshop.vn/search?q=8937710932487,2026-06-30 04:44:35
8,GrabMart,108000.0,0.0,108000.0,,,https://www.grabmart.vn/search?q=8937710932487,2026-06-30 04:44:35
8,Pharmacity,92000.0,0.0,92000.0,,,https://www.pharmacity.vn/search?q=8937710932487,2026-06-30 04:44:35
8,Shopee,84000.0,4000.0,80000.0,,Flash Sale,https://www.shopee.vn/search?q=8937710932487,2026-07-01 04:44:35
8,Lazada,90000.0,4000.0,86000.0,Voucher tích lũy,Combo mua 2 giảm 5%,https://www.lazada.vn/search?q=8937710932487,2026-07-01 04:44:35
8,TikTok Shop,88000.0,9000.0,59000.0,Voucher Livestream 20k,Flash Sale hàng hiệu,https://www.tiktokshop.vn/search?q=8937710932487,2026-07-01 04:44:35
8,GrabMart,106000.0,0.0,106000.0,,,https://www.grabmart.vn/search?q=8937710932487,2026-07-01 04:44:35
8,Pharmacity,93000.0,5000.0,88000.0,,,https://www.pharmacity.vn/search?q=8937710932487,2026-07-01 04:44:35
8,Shopee,83000.0,12000.0,61000.0,Mã giảm 10k,Flash Sale,https://www.shopee.vn/search?q=8937710932487,2026-07-02 04:44:35
8,Lazada,91000.0,9000.0,82000.0,,Combo mua 2 giảm 5%,https://www.lazada.vn/search?q=8937710932487,2026-07-02 04:44:35
8,TikTok Shop,79000.0,8000.0,71000.0,,Flash Sale hàng hiệu,https://www.tiktokshop.vn/search?q=8937710932487,2026-07-02 04:44:35
8,GrabMart,104000.0,0.0,104000.0,,,https://www.grabmart.vn/search?q=8937710932487,2026-07-02 04:44:35
8,Pharmacity,95000.0,5000.0,90000.0,,,https://www.pharmacity.vn/search?q=8937710932487,2026-07-02 04:44:35
8,Shopee,84000.0,4000.0,70000.0,Mã giảm 10k,,https://www.shopee.vn/search?q=8937710932487,2026-07-03 04:44:35
8,Lazada,82000.0,8000.0,74000.0,Voucher tích lũy,,https://www.lazada.vn/search?q=8937710932487,2026-07-03 04:44:35
8,TikTok Shop,88000.0,9000.0,79000.0,,Flash Sale hàng hiệu,https://www.tiktokshop.vn/search?q=8937710932487,2026-07-03 04:44:35
8,GrabMart,93000.0,0.0,93000.0,,,https://www.grabmart.vn/search?q=8937710932487,2026-07-03 04:44:35
8,Pharmacity,91000.0,0.0,91000.0,,,https://www.pharmacity.vn/search?q=8937710932487,2026-07-03 04:44:35
8,Shopee,79000.0,8000.0,61000.0,Mã giảm 10k,Flash Sale,https://www.shopee.vn/search?q=8937710932487,2026-07-04 04:44:35
8,Lazada,88000.0,4000.0,84000.0,Voucher tích lũy,Combo mua 2 giảm 5%,https://www.lazada.vn/search?q=8937710932487,2026-07-04 04:44:35
8,TikTok Shop,85000.0,8000.0,77000.0,,,https://www.tiktokshop.vn/search?q=8937710932487,2026-07-04 04:44:35
8,GrabMart,97000.0,0.0,97000.0,,,https://www.grabmart.vn/search?q=8937710932487,2026-07-04 04:44:35
8,Pharmacity,95000.0,5000.0,90000.0,,,https://www.pharmacity.vn/search?q=8937710932487,2026-07-04 04:44:35
8,Shopee,93000.0,0.0,83000.0,Mã giảm 10k,,https://www.shopee.vn/search?q=8937710932487,2026-07-05 04:44:35
8,Lazada,89000.0,9000.0,80000.0,,Combo mua 2 giảm 5%,https://www.lazada.vn/search?q=8937710932487,2026-07-05 04:44:35
8,TikTok Shop,78000.0,8000.0,70000.0,,,https://www.tiktokshop.vn/search?q=8937710932487,2026-07-05 04:44:35
8,GrabMart,98000.0,0.0,98000.0,,,https://www.grabmart.vn/search?q=8937710932487,2026-07-05 04:44:35
8,Pharmacity,91000.0,5000.0,86000.0,,,https://www.pharmacity.vn/search?q=8937710932487,2026-07-05 04:44:35
8,Shopee,84000.0,4000.0,80000.0,,Flash Sale,https://www.shopee.vn/search?q=8937710932487,2026-07-06 04:44:35
8,Lazada,87000.0,0.0,87000.0,,,https://www.lazada.vn/search?q=8937710932487,2026-07-06 04:44:35
8,TikTok Shop,76000.0,8000.0,68000.0,,Flash Sale hàng hiệu,https://www.tiktokshop.vn/search?q=8937710932487,2026-07-06 04:44:35
8,GrabMart,107000.0,0.0,107000.0,,,https://www.grabmart.vn/search?q=8937710932487,2026-07-06 04:44:35
8,Pharmacity,91000.0,5000.0,86000.0,,,https://www.pharmacity.vn/search?q=8937710932487,2026-07-06 04:44:35
9,Shopee,139000.0,21000.0,108000.0,Mã giảm 10k,,https://www.shopee.vn/search?q=8930748217595,2026-06-30 04:44:35
9,Lazada,145000.0,7000.0,138000.0,,,https://www.lazada.vn/search?q=8930748217595,2026-06-30 04:44:35
9,TikTok Shop,127000.0,13000.0,94000.0,Voucher Livestream 20k,Flash Sale hàng hiệu,https://www.tiktokshop.vn/search?q=8930748217595,2026-06-30 04:44:35
9,GrabMart,147000.0,0.0,147000.0,,,https://www.grabmart.vn/search?q=8930748217595,2026-06-30 04:44:35
9,Pharmacity,151000.0,8000.0,143000.0,,,https://www.pharmacity.vn/search?q=8930748217595,2026-06-30 04:44:35
9,Shopee,129000.0,0.0,129000.0,Freeship Extra,Flash Sale,https://www.shopee.vn/search?q=8930748217595,2026-07-01 04:44:35
9,Lazada,142000.0,7000.0,135000.0,,Combo mua 2 giảm 5%,https://www.lazada.vn/search?q=8930748217595,2026-07-01 04:44:35
9,TikTok Shop,124000.0,0.0,104000.0,Voucher Livestream 20k,,https://www.tiktokshop.vn/search?q=8930748217595,2026-07-01 04:44:35
9,GrabMart,161000.0,0.0,161000.0,,,https://www.grabmart.vn/search?q=8930748217595,2026-07-01 04:44:35
9,Pharmacity,151000.0,0.0,151000.0,,,https://www.pharmacity.vn/search?q=8930748217595,2026-07-01 04:44:35
9,Shopee,130000.0,20000.0,110000.0,,Flash Sale,https://www.shopee.vn/search?q=8930748217595,2026-07-02 04:44:35
9,Lazada,140000.0,0.0,140000.0,Voucher tích lũy,Combo mua 2 giảm 5%,https://www.lazada.vn/search?q=8930748217595,2026-07-02 04:44:35
9,TikTok Shop,136000.0,0.0,136000.0,,,https://www.tiktokshop.vn/search?q=8930748217595,2026-07-02 04:44:35
9,GrabMart,165000.0,0.0,165000.0,,,https://www.grabmart.vn/search?q=8930748217595,2026-07-02 04:44:35
9,Pharmacity,151000.0,8000.0,143000.0,,,https://www.pharmacity.vn/search?q=8930748217595,2026-07-02 04:44:35
9,Shopee,135000.0,14000.0,121000.0,,Flash Sale,https://www.shopee.vn/search?q=8930748217595,2026-07-03 04:44:35
9,Lazada,144000.0,7000.0,137000.0,Voucher tích lũy,Combo mua 2 giảm 5%,https://www.lazada.vn/search?q=8930748217595,2026-07-03 04:44:35
9,TikTok Shop,137000.0,14000.0,123000.0,,,https://www.tiktokshop.vn/search?q=8930748217595,2026-07-03 04:44:35
9,GrabMart,164000.0,0.0,164000.0,,,https://www.grabmart.vn/search?q=8930748217595,2026-07-03 04:44:35
9,Pharmacity,144000.0,7000.0,137000.0,,,https://www.pharmacity.vn/search?q=8930748217595,2026-07-03 04:44:35
9,Shopee,146000.0,15000.0,131000.0,,Flash Sale,https://www.shopee.vn/search?q=8930748217595,2026-07-04 04:44:35
9,Lazada,128000.0,13000.0,115000.0,,Combo mua 2 giảm 5%,https://www.lazada.vn/search?q=8930748217595,2026-07-04 04:44:35
9,TikTok Shop,127000.0,19000.0,88000.0,Voucher Livestream 20k,Flash Sale hàng hiệu,https://www.tiktokshop.vn/search?q=8930748217595,2026-07-04 04:44:35
9,GrabMart,166000.0,0.0,166000.0,,,https://www.grabmart.vn/search?q=8930748217595,2026-07-04 04:44:35
9,Pharmacity,152000.0,0.0,152000.0,,,https://www.pharmacity.vn/search?q=8930748217595,2026-07-04 04:44:35
9,Shopee,139000.0,21000.0,118000.0,,Flash Sale,https://www.shopee.vn/search?q=8930748217595,2026-07-05 04:44:35
9,Lazada,144000.0,0.0,144000.0,,Combo mua 2 giảm 5%,https://www.lazada.vn/search?q=8930748217595,2026-07-05 04:44:35
9,TikTok Shop,140000.0,14000.0,106000.0,Voucher Livestream 20k,,https://www.tiktokshop.vn/search?q=8930748217595,2026-07-05 04:44:35
9,GrabMart,150000.0,0.0,150000.0,,,https://www.grabmart.vn/search?q=8930748217595,2026-07-05 04:44:35
9,Pharmacity,152000.0,8000.0,144000.0,,,https://www.pharmacity.vn/search?q=8930748217595,2026-07-05 04:44:35
9,Shopee,146000.0,0.0,146000.0,,,https://www.shopee.vn/search?q=8930748217595,2026-07-06 04:44:35
9,Lazada,143000.0,0.0,143000.0,Voucher tích lũy,Combo mua 2 giảm 5%,https://www.lazada.vn/search?q=8930748217595,2026-07-06 04:44:35
9,TikTok Shop,127000.0,19000.0,88000.0,Voucher Livestream 20k,,https://www.tiktokshop.vn/search?q=8930748217595,2026-07-06 04:44:35
9,GrabMart,167000.0,0.0,167000.0,,,https://www.grabmart.vn/search?q=8930748217595,2026-07-06 04:44:35
9,Pharmacity,149000.0,7000.0,142000.0,,,https://www.pharmacity.vn/search?q=8930748217595,2026-07-06 04:44:35
10,Shopee,559000.0,28000.0,531000.0,,Flash Sale,https://www.shopee.vn/search?q=8935377351580,2026-06-30 04:44:35
10,Lazada,545000.0,0.0,545000.0,,,https://www.lazada.vn/search?q=8935377351580,2026-06-30 04:44:35
10,TikTok Shop,580000.0,0.0,580000.0,,,https://www.tiktokshop.vn/search?q=8935377351580,2026-06-30 04:44:35
10,GrabMart,627000.0,0.0,627000.0,,,https://www.grabmart.vn/search?q=8935377351580,2026-06-30 04:44:35
10,Pharmacity,634000.0,0.0,634000.0,,,https://www.pharmacity.vn/search?q=8935377351580,2026-06-30 04:44:35
10,Shopee,578000.0,29000.0,539000.0,Mã giảm 10k,,https://www.shopee.vn/search?q=8935377351580,2026-07-01 04:44:35
10,Lazada,598000.0,60000.0,538000.0,,Combo mua 2 giảm 5%,https://www.lazada.vn/search?q=8935377351580,2026-07-01 04:44:35
10,TikTok Shop,587000.0,0.0,587000.0,,Flash Sale hàng hiệu,https://www.tiktokshop.vn/search?q=8935377351580,2026-07-01 04:44:35
10,GrabMart,700000.0,0.0,700000.0,,,https://www.grabmart.vn/search?q=8935377351580,2026-07-01 04:44:35
10,Pharmacity,606000.0,0.0,606000.0,,,https://www.pharmacity.vn/search?q=8935377351580,2026-07-01 04:44:35
10,Shopee,533000.0,53000.0,480000.0,,Flash Sale,https://www.shopee.vn/search?q=8935377351580,2026-07-02 04:44:35
10,Lazada,540000.0,27000.0,513000.0,,,https://www.lazada.vn/search?q=8935377351580,2026-07-02 04:44:35
10,TikTok Shop,575000.0,86000.0,489000.0,,,https://www.tiktokshop.vn/search?q=8935377351580,2026-07-02 04:44:35
10,GrabMart,667000.0,0.0,667000.0,,,https://www.grabmart.vn/search?q=8935377351580,2026-07-02 04:44:35
10,Pharmacity,635000.0,0.0,635000.0,,,https://www.pharmacity.vn/search?q=8935377351580,2026-07-02 04:44:35
10,Shopee,565000.0,28000.0,537000.0,Freeship Extra,,https://www.shopee.vn/search?q=8935377351580,2026-07-03 04:44:35
10,Lazada,593000.0,59000.0,534000.0,Voucher tích lũy,Combo mua 2 giảm 5%,https://www.lazada.vn/search?q=8935377351580,2026-07-03 04:44:35
10,TikTok Shop,565000.0,0.0,565000.0,,Flash Sale hàng hiệu,https://www.tiktokshop.vn/search?q=8935377351580,2026-07-03 04:44:35
10,GrabMart,705000.0,0.0,705000.0,,,https://www.grabmart.vn/search?q=8935377351580,2026-07-03 04:44:35
10,Pharmacity,620000.0,0.0,620000.0,,,https://www.pharmacity.vn/search?q=8935377351580,2026-07-03 04:44:35
10,Shopee,569000.0,85000.0,484000.0,,,https://www.shopee.vn/search?q=8935377351580,2026-07-04 04:44:35
10,Lazada,563000.0,0.0,563000.0,,,https://www.lazada.vn/search?q=8935377351580,2026-07-04 04:44:35
10,TikTok Shop,528000.0,79000.0,429000.0,Voucher Livestream 20k,Flash Sale hàng hiệu,https://www.tiktokshop.vn/search?q=8935377351580,2026-07-04 04:44:35
10,GrabMart,719000.0,0.0,719000.0,,,https://www.grabmart.vn/search?q=8935377351580,2026-07-04 04:44:35
10,Pharmacity,624000.0,31000.0,593000.0,,,https://www.pharmacity.vn/search?q=8935377351580,2026-07-04 04:44:35
10,Shopee,570000.0,86000.0,484000.0,,,https://www.shopee.vn/search?q=8935377351580,2026-07-05 04:44:35
10,Lazada,602000.0,60000.0,542000.0,,Combo mua 2 giảm 5%,https://www.lazada.vn/search?q=8935377351580,2026-07-05 04:44:35
10,TikTok Shop,546000.0,0.0,526000.0,Voucher Livestream 20k,Flash Sale hàng hiệu,https://www.tiktokshop.vn/search?q=8935377351580,2026-07-05 04:44:35
10,GrabMart,703000.0,0.0,703000.0,,,https://www.grabmart.vn/search?q=8935377351580,2026-07-05 04:44:35
10,Pharmacity,618000.0,0.0,618000.0,,,https://www.pharmacity.vn/search?q=8935377351580,2026-07-05 04:44:35
10,Shopee,551000.0,55000.0,496000.0,Freeship Extra,Flash Sale,https://www.shopee.vn/search?q=8935377351580,2026-07-06 04:44:35
10,Lazada,566000.0,0.0,566000.0,Voucher tích lũy,,https://www.lazada.vn/search?q=8935377351580,2026-07-06 04:44:35
10,TikTok Shop,510000.0,0.0,510000.0,,Flash Sale hàng hiệu,https://www.tiktokshop.vn/search?q=8935377351580,2026-07-06 04:44:35
10,GrabMart,629000.0,0.0,629000.0,,,https://www.grabmart.vn/search?q=8935377351580,2026-07-06 04:44:35
10,Pharmacity,633000.0,0.0,633000.0,,,https://www.pharmacity.vn/search?q=8935377351580,2026-07-06 04:44:35
11,Shopee,479000.0,24000.0,455000.0,,Flash Sale,https://www.shopee.vn/search?q=8935165604942,2026-06-30 04:44:35
11,Lazada,460000.0,0.0,460000.0,Voucher tích lũy,Combo mua 2 giảm 5%,https://www.lazada.vn/search?q=8935165604942,2026-06-30 04:44:35
11,TikTok Shop,425000.0,42000.0,383000.0,,Flash Sale hàng hiệu,https://www.tiktokshop.vn/search?q=8935165604942,2026-06-30 04:44:35
11,GrabMart,584000.0,0.0,584000.0,,,https://www.grabmart.vn/search?q=8935165604942,2026-06-30 04:44:35
11,Pharmacity,534000.0,0.0,534000.0,,,https://www.pharmacity.vn/search?q=8935165604942,2026-06-30 04:44:35
11,Shopee,481000.0,48000.0,433000.0,,,https://www.shopee.vn/search?q=8935165604942,2026-07-01 04:44:35
11,Lazada,463000.0,23000.0,440000.0,Voucher tích lũy,Combo mua 2 giảm 5%,https://www.lazada.vn/search?q=8935165604942,2026-07-01 04:44:35
11,TikTok Shop,416000.0,0.0,396000.0,Voucher Livestream 20k,,https://www.tiktokshop.vn/search?q=8935165604942,2026-07-01 04:44:35
11,GrabMart,526000.0,0.0,526000.0,,,https://www.grabmart.vn/search?q=8935165604942,2026-07-01 04:44:35
11,Pharmacity,521000.0,0.0,521000.0,,,https://www.pharmacity.vn/search?q=8935165604942,2026-07-01 04:44:35
11,Shopee,438000.0,22000.0,406000.0,Mã giảm 10k,Flash Sale,https://www.shopee.vn/search?q=8935165604942,2026-07-02 04:44:35
11,Lazada,475000.0,0.0,475000.0,Voucher tích lũy,Combo mua 2 giảm 5%,https://www.lazada.vn/search?q=8935165604942,2026-07-02 04:44:35
11,TikTok Shop,475000.0,71000.0,404000.0,,,https://www.tiktokshop.vn/search?q=8935165604942,2026-07-02 04:44:35
11,GrabMart,527000.0,0.0,527000.0,,,https://www.grabmart.vn/search?q=8935165604942,2026-07-02 04:44:35
11,Pharmacity,526000.0,0.0,526000.0,,,https://www.pharmacity.vn/search?q=8935165604942,2026-07-02 04:44:35
11,Shopee,487000.0,49000.0,428000.0,Mã giảm 10k,Flash Sale,https://www.shopee.vn/search?q=8935165604942,2026-07-03 04:44:35
11,Lazada,477000.0,24000.0,453000.0,Voucher tích lũy,Combo mua 2 giảm 5%,https://www.lazada.vn/search?q=8935165604942,2026-07-03 04:44:35
11,TikTok Shop,433000.0,65000.0,368000.0,,Flash Sale hàng hiệu,https://www.tiktokshop.vn/search?q=8935165604942,2026-07-03 04:44:35
11,GrabMart,550000.0,0.0,550000.0,,,https://www.grabmart.vn/search?q=8935165604942,2026-07-03 04:44:35
11,Pharmacity,509000.0,25000.0,484000.0,,,https://www.pharmacity.vn/search?q=8935165604942,2026-07-03 04:44:35
11,Shopee,475000.0,48000.0,427000.0,,,https://www.shopee.vn/search?q=8935165604942,2026-07-04 04:44:35
11,Lazada,471000.0,47000.0,424000.0,,,https://www.lazada.vn/search?q=8935165604942,2026-07-04 04:44:35
11,TikTok Shop,432000.0,0.0,432000.0,,Flash Sale hàng hiệu,https://www.tiktokshop.vn/search?q=8935165604942,2026-07-04 04:44:35
11,GrabMart,538000.0,0.0,538000.0,,,https://www.grabmart.vn/search?q=8935165604942,2026-07-04 04:44:35
11,Pharmacity,503000.0,25000.0,478000.0,,,https://www.pharmacity.vn/search?q=8935165604942,2026-07-04 04:44:35
11,Shopee,493000.0,25000.0,468000.0,,Flash Sale,https://www.shopee.vn/search?q=8935165604942,2026-07-05 04:44:35
11,Lazada,480000.0,0.0,480000.0,Voucher tích lũy,,https://www.lazada.vn/search?q=8935165604942,2026-07-05 04:44:35
11,TikTok Shop,448000.0,67000.0,381000.0,,Flash Sale hàng hiệu,https://www.tiktokshop.vn/search?q=8935165604942,2026-07-05 04:44:35
11,GrabMart,515000.0,0.0,515000.0,,,https://www.grabmart.vn/search?q=8935165604942,2026-07-05 04:44:35
11,Pharmacity,532000.0,27000.0,505000.0,,,https://www.pharmacity.vn/search?q=8935165604942,2026-07-05 04:44:35
11,Shopee,479000.0,72000.0,407000.0,Freeship Extra,Flash Sale,https://www.shopee.vn/search?q=8935165604942,2026-07-06 04:44:35
11,Lazada,464000.0,23000.0,441000.0,,Combo mua 2 giảm 5%,https://www.lazada.vn/search?q=8935165604942,2026-07-06 04:44:35
11,TikTok Shop,429000.0,64000.0,345000.0,Voucher Livestream 20k,Flash Sale hàng hiệu,https://www.tiktokshop.vn/search?q=8935165604942,2026-07-06 04:44:35
11,GrabMart,521000.0,0.0,521000.0,,,https://www.grabmart.vn/search?q=8935165604942,2026-07-06 04:44:35
11,Pharmacity,529000.0,0.0,529000.0,,,https://www.pharmacity.vn/search?q=8935165604942,2026-07-06 04:44:35
12,Shopee,34000.0,3000.0,21000.0,Mã giảm 10k,,https://www.shopee.vn/search?q=8931645352181,2026-06-30 04:44:35
12,Lazada,31000.0,0.0,31000.0,Voucher tích lũy,,https://www.lazada.vn/search?q=8931645352181,2026-06-30 04:44:35
12,TikTok Shop,29000.0,0.0,29000.0,,,https://www.tiktokshop.vn/search?q=8931645352181,2026-06-30 04:44:35
12,GrabMart,40000.0,0.0,40000.0,,,https://www.grabmart.vn/search?q=8931645352181,2026-06-30 04:44:35
12,Pharmacity,35000.0,2000.0,33000.0,,,https://www.pharmacity.vn/search?q=8931645352181,2026-06-30 04:44:35
12,Shopee,33000.0,5000.0,28000.0,Freeship Extra,Flash Sale,https://www.shopee.vn/search?q=8931645352181,2026-07-01 04:44:35
12,Lazada,34000.0,3000.0,31000.0,Voucher tích lũy,,https://www.lazada.vn/search?q=8931645352181,2026-07-01 04:44:35
12,TikTok Shop,30000.0,3000.0,7000.0,Voucher Livestream 20k,Flash Sale hàng hiệu,https://www.tiktokshop.vn/search?q=8931645352181,2026-07-01 04:44:35
12,GrabMart,39000.0,0.0,39000.0,,,https://www.grabmart.vn/search?q=8931645352181,2026-07-01 04:44:35
12,Pharmacity,35000.0,2000.0,33000.0,,,https://www.pharmacity.vn/search?q=8931645352181,2026-07-01 04:44:35
12,Shopee,32000.0,3000.0,19000.0,Mã giảm 10k,Flash Sale,https://www.shopee.vn/search?q=8931645352181,2026-07-02 04:44:35
12,Lazada,30000.0,2000.0,28000.0,Voucher tích lũy,,https://www.lazada.vn/search?q=8931645352181,2026-07-02 04:44:35
12,TikTok Shop,32000.0,0.0,12000.0,Voucher Livestream 20k,Flash Sale hàng hiệu,https://www.tiktokshop.vn/search?q=8931645352181,2026-07-02 04:44:35
12,GrabMart,38000.0,0.0,38000.0,,,https://www.grabmart.vn/search?q=8931645352181,2026-07-02 04:44:35
12,Pharmacity,36000.0,0.0,36000.0,,,https://www.pharmacity.vn/search?q=8931645352181,2026-07-02 04:44:35
12,Shopee,32000.0,2000.0,20000.0,Mã giảm 10k,Flash Sale,https://www.shopee.vn/search?q=8931645352181,2026-07-03 04:44:35
12,Lazada,32000.0,0.0,32000.0,Voucher tích lũy,,https://www.lazada.vn/search?q=8931645352181,2026-07-03 04:44:35
12,TikTok Shop,33000.0,3000.0,30000.0,,,https://www.tiktokshop.vn/search?q=8931645352181,2026-07-03 04:44:35
12,GrabMart,35000.0,0.0,35000.0,,,https://www.grabmart.vn/search?q=8931645352181,2026-07-03 04:44:35
12,Pharmacity,35000.0,2000.0,33000.0,,,https://www.pharmacity.vn/search?q=8931645352181,2026-07-03 04:44:35
12,Shopee,32000.0,2000.0,20000.0,Mã giảm 10k,Flash Sale,https://www.shopee.vn/search?q=8931645352181,2026-07-04 04:44:35
12,Lazada,34000.0,2000.0,32000.0,Voucher tích lũy,Combo mua 2 giảm 5%,https://www.lazada.vn/search?q=8931645352181,2026-07-04 04:44:35
12,TikTok Shop,32000.0,0.0,12000.0,Voucher Livestream 20k,,https://www.tiktokshop.vn/search?q=8931645352181,2026-07-04 04:44:35
12,GrabMart,36000.0,0.0,36000.0,,,https://www.grabmart.vn/search?q=8931645352181,2026-07-04 04:44:35
12,Pharmacity,35000.0,2000.0,33000.0,,,https://www.pharmacity.vn/search?q=8931645352181,2026-07-04 04:44:35
12,Shopee,31000.0,2000.0,19000.0,Mã giảm 10k,,https://www.shopee.vn/search?q=8931645352181,2026-07-05 04:44:35
12,Lazada,33000.0,0.0,33000.0,Voucher tích lũy,Combo mua 2 giảm 5%,https://www.lazada.vn/search?q=8931645352181,2026-07-05 04:44:35
12,TikTok Shop,33000.0,5000.0,8000.0,Voucher Livestream 20k,,https://www.tiktokshop.vn/search?q=8931645352181,2026-07-05 04:44:35
12,GrabMart,38000.0,0.0,38000.0,,,https://www.grabmart.vn/search?q=8931645352181,2026-07-05 04:44:35
12,Pharmacity,36000.0,2000.0,34000.0,,,https://www.pharmacity.vn/search?q=8931645352181,2026-07-05 04:44:35
12,Shopee,32000.0,3000.0,29000.0,,,https://www.shopee.vn/search?q=8931645352181,2026-07-06 04:44:35
12,Lazada,33000.0,2000.0,31000.0,Voucher tích lũy,,https://www.lazada.vn/search?q=8931645352181,2026-07-06 04:44:35
12,TikTok Shop,30000.0,0.0,30000.0,,Flash Sale hàng hiệu,https://www.tiktokshop.vn/search?q=8931645352181,2026-07-06 04:44:35
12,GrabMart,40000.0,0.0,40000.0,,,https://www.grabmart.vn/search?q=8931645352181,2026-07-06 04:44:35
12,Pharmacity,35000.0,0.0,35000.0,,,https://www.pharmacity.vn/search?q=8931645352181,2026-07-06 04:44:35
13,Shopee,272000.0,14000.0,258000.0,Freeship Extra,Flash Sale,https://www.shopee.vn/search?q=8931888059298,2026-06-30 04:44:35
13,Lazada,275000.0,14000.0,261000.0,,Combo mua 2 giảm 5%,https://www.lazada.vn/search?q=8931888059298,2026-06-30 04:44:35
13,TikTok Shop,285000.0,43000.0,222000.0,Voucher Livestream 20k,,https://www.tiktokshop.vn/search?q=8931888059298,2026-06-30 04:44:35
13,GrabMart,342000.0,0.0,342000.0,,,https://www.grabmart.vn/search?q=8931888059298,2026-06-30 04:44:35
13,Pharmacity,312000.0,16000.0,296000.0,,,https://www.pharmacity.vn/search?q=8931888059298,2026-06-30 04:44:35
13,Shopee,310000.0,16000.0,284000.0,Mã giảm 10k,Flash Sale,https://www.shopee.vn/search?q=8931888059298,2026-07-01 04:44:35
13,Lazada,291000.0,15000.0,276000.0,Voucher tích lũy,Combo mua 2 giảm 5%,https://www.lazada.vn/search?q=8931888059298,2026-07-01 04:44:35
13,TikTok Shop,304000.0,0.0,304000.0,,Flash Sale hàng hiệu,https://www.tiktokshop.vn/search?q=8931888059298,2026-07-01 04:44:35
13,GrabMart,317000.0,0.0,317000.0,,,https://www.grabmart.vn/search?q=8931888059298,2026-07-01 04:44:35
13,Pharmacity,316000.0,16000.0,300000.0,,,https://www.pharmacity.vn/search?q=8931888059298,2026-07-01 04:44:35
13,Shopee,292000.0,0.0,292000.0,Freeship Extra,,https://www.shopee.vn/search?q=8931888059298,2026-07-02 04:44:35
13,Lazada,284000.0,0.0,284000.0,Voucher tích lũy,Combo mua 2 giảm 5%,https://www.lazada.vn/search?q=8931888059298,2026-07-02 04:44:35
13,TikTok Shop,300000.0,0.0,280000.0,Voucher Livestream 20k,,https://www.tiktokshop.vn/search?q=8931888059298,2026-07-02 04:44:35
13,GrabMart,363000.0,0.0,363000.0,,,https://www.grabmart.vn/search?q=8931888059298,2026-07-02 04:44:35
13,Pharmacity,310000.0,16000.0,294000.0,,,https://www.pharmacity.vn/search?q=8931888059298,2026-07-02 04:44:35
13,Shopee,309000.0,0.0,299000.0,Mã giảm 10k,,https://www.shopee.vn/search?q=8931888059298,2026-07-03 04:44:35
13,Lazada,289000.0,14000.0,275000.0,,Combo mua 2 giảm 5%,https://www.lazada.vn/search?q=8931888059298,2026-07-03 04:44:35
13,TikTok Shop,305000.0,30000.0,275000.0,,,https://www.tiktokshop.vn/search?q=8931888059298,2026-07-03 04:44:35
13,GrabMart,331000.0,0.0,331000.0,,,https://www.grabmart.vn/search?q=8931888059298,2026-07-03 04:44:35
13,Pharmacity,307000.0,15000.0,292000.0,,,https://www.pharmacity.vn/search?q=8931888059298,2026-07-03 04:44:35
13,Shopee,304000.0,15000.0,289000.0,,Flash Sale,https://www.shopee.vn/search?q=8931888059298,2026-07-04 04:44:35
13,Lazada,308000.0,15000.0,293000.0,,Combo mua 2 giảm 5%,https://www.lazada.vn/search?q=8931888059298,2026-07-04 04:44:35
13,TikTok Shop,277000.0,0.0,277000.0,,,https://www.tiktokshop.vn/search?q=8931888059298,2026-07-04 04:44:35
13,GrabMart,328000.0,0.0,328000.0,,,https://www.grabmart.vn/search?q=8931888059298,2026-07-04 04:44:35
13,Pharmacity,324000.0,16000.0,308000.0,,,https://www.pharmacity.vn/search?q=8931888059298,2026-07-04 04:44:35
13,Shopee,270000.0,27000.0,243000.0,,Flash Sale,https://www.shopee.vn/search?q=8931888059298,2026-07-05 04:44:35
13,Lazada,278000.0,0.0,278000.0,Voucher tích lũy,Combo mua 2 giảm 5%,https://www.lazada.vn/search?q=8931888059298,2026-07-05 04:44:35
13,TikTok Shop,258000.0,26000.0,232000.0,,,https://www.tiktokshop.vn/search?q=8931888059298,2026-07-05 04:44:35
13,GrabMart,351000.0,0.0,351000.0,,,https://www.grabmart.vn/search?q=8931888059298,2026-07-05 04:44:35
13,Pharmacity,312000.0,0.0,312000.0,,,https://www.pharmacity.vn/search?q=8931888059298,2026-07-05 04:44:35
13,Shopee,295000.0,15000.0,280000.0,Freeship Extra,Flash Sale,https://www.shopee.vn/search?q=8931888059298,2026-07-06 04:44:35
13,Lazada,281000.0,28000.0,253000.0,,Combo mua 2 giảm 5%,https://www.lazada.vn/search?q=8931888059298,2026-07-06 04:44:35
13,TikTok Shop,258000.0,39000.0,219000.0,,Flash Sale hàng hiệu,https://www.tiktokshop.vn/search?q=8931888059298,2026-07-06 04:44:35
13,GrabMart,359000.0,0.0,359000.0,,,https://www.grabmart.vn/search?q=8931888059298,2026-07-06 04:44:35
13,Pharmacity,306000.0,15000.0,291000.0,,,https://www.pharmacity.vn/search?q=8931888059298,2026-07-06 04:44:35
14,Shopee,83000.0,4000.0,79000.0,Freeship Extra,Flash Sale,https://www.shopee.vn/search?q=8935153195209,2026-06-30 04:44:35
14,Lazada,84000.0,4000.0,80000.0,,,https://www.lazada.vn/search?q=8935153195209,2026-06-30 04:44:35
14,TikTok Shop,70000.0,7000.0,63000.0,,Flash Sale hàng hiệu,https://www.tiktokshop.vn/search?q=8935153195209,2026-06-30 04:44:35
14,GrabMart,88000.0,0.0,88000.0,,,https://www.grabmart.vn/search?q=8935153195209,2026-06-30 04:44:35
14,Pharmacity,87000.0,0.0,87000.0,,,https://www.pharmacity.vn/search?q=8935153195209,2026-06-30 04:44:35
14,Shopee,76000.0,8000.0,68000.0,Freeship Extra,Flash Sale,https://www.shopee.vn/search?q=8935153195209,2026-07-01 04:44:35
14,Lazada,84000.0,8000.0,76000.0,Voucher tích lũy,Combo mua 2 giảm 5%,https://www.lazada.vn/search?q=8935153195209,2026-07-01 04:44:35
14,TikTok Shop,69000.0,10000.0,59000.0,,Flash Sale hàng hiệu,https://www.tiktokshop.vn/search?q=8935153195209,2026-07-01 04:44:35
14,GrabMart,90000.0,0.0,90000.0,,,https://www.grabmart.vn/search?q=8935153195209,2026-07-01 04:44:35
14,Pharmacity,87000.0,4000.0,83000.0,,,https://www.pharmacity.vn/search?q=8935153195209,2026-07-01 04:44:35
14,Shopee,75000.0,8000.0,57000.0,Mã giảm 10k,Flash Sale,https://www.shopee.vn/search?q=8935153195209,2026-07-02 04:44:35
14,Lazada,82000.0,4000.0,78000.0,Voucher tích lũy,,https://www.lazada.vn/search?q=8935153195209,2026-07-02 04:44:35
14,TikTok Shop,76000.0,8000.0,48000.0,Voucher Livestream 20k,Flash Sale hàng hiệu,https://www.tiktokshop.vn/search?q=8935153195209,2026-07-02 04:44:35
14,GrabMart,96000.0,0.0,96000.0,,,https://www.grabmart.vn/search?q=8935153195209,2026-07-02 04:44:35
14,Pharmacity,87000.0,0.0,87000.0,,,https://www.pharmacity.vn/search?q=8935153195209,2026-07-02 04:44:35
14,Shopee,77000.0,4000.0,73000.0,Freeship Extra,Flash Sale,https://www.shopee.vn/search?q=8935153195209,2026-07-03 04:44:35
14,Lazada,77000.0,0.0,77000.0,Voucher tích lũy,Combo mua 2 giảm 5%,https://www.lazada.vn/search?q=8935153195209,2026-07-03 04:44:35
14,TikTok Shop,73000.0,11000.0,42000.0,Voucher Livestream 20k,,https://www.tiktokshop.vn/search?q=8935153195209,2026-07-03 04:44:35
14,GrabMart,95000.0,0.0,95000.0,,,https://www.grabmart.vn/search?q=8935153195209,2026-07-03 04:44:35
14,Pharmacity,85000.0,0.0,85000.0,,,https://www.pharmacity.vn/search?q=8935153195209,2026-07-03 04:44:35
14,Shopee,81000.0,8000.0,73000.0,Freeship Extra,Flash Sale,https://www.shopee.vn/search?q=8935153195209,2026-07-04 04:44:35
14,Lazada,77000.0,0.0,77000.0,,Combo mua 2 giảm 5%,https://www.lazada.vn/search?q=8935153195209,2026-07-04 04:44:35
14,TikTok Shop,74000.0,11000.0,63000.0,,,https://www.tiktokshop.vn/search?q=8935153195209,2026-07-04 04:44:35
14,GrabMart,87000.0,0.0,87000.0,,,https://www.grabmart.vn/search?q=8935153195209,2026-07-04 04:44:35
14,Pharmacity,86000.0,4000.0,82000.0,,,https://www.pharmacity.vn/search?q=8935153195209,2026-07-04 04:44:35
14,Shopee,72000.0,0.0,72000.0,,Flash Sale,https://www.shopee.vn/search?q=8935153195209,2026-07-05 04:44:35
14,Lazada,78000.0,8000.0,70000.0,,,https://www.lazada.vn/search?q=8935153195209,2026-07-05 04:44:35
14,TikTok Shop,78000.0,8000.0,50000.0,Voucher Livestream 20k,Flash Sale hàng hiệu,https://www.tiktokshop.vn/search?q=8935153195209,2026-07-05 04:44:35
14,GrabMart,96000.0,0.0,96000.0,,,https://www.grabmart.vn/search?q=8935153195209,2026-07-05 04:44:35
14,Pharmacity,86000.0,4000.0,82000.0,,,https://www.pharmacity.vn/search?q=8935153195209,2026-07-05 04:44:35
14,Shopee,77000.0,8000.0,69000.0,,,https://www.shopee.vn/search?q=8935153195209,2026-07-06 04:44:35
14,Lazada,74000.0,0.0,74000.0,Voucher tích lũy,Combo mua 2 giảm 5%,https://www.lazada.vn/search?q=8935153195209,2026-07-06 04:44:35
14,TikTok Shop,81000.0,0.0,61000.0,Voucher Livestream 20k,Flash Sale hàng hiệu,https://www.tiktokshop.vn/search?q=8935153195209,2026-07-06 04:44:35
14,GrabMart,95000.0,0.0,95000.0,,,https://www.grabmart.vn/search?q=8935153195209,2026-07-06 04:44:35
14,Pharmacity,84000.0,4000.0,80000.0,,,https://www.pharmacity.vn/search?q=8935153195209,2026-07-06 04:44:35
15,Shopee,535000.0,27000.0,498000.0,Mã giảm 10k,,https://www.shopee.vn/search?q=8931727155181,2026-06-30 04:44:35
15,Lazada,485000.0,0.0,485000.0,,,https://www.lazada.vn/search?q=8931727155181,2026-06-30 04:44:35
15,TikTok Shop,513000.0,0.0,493000.0,Voucher Livestream 20k,Flash Sale hàng hiệu,https://www.tiktokshop.vn/search?q=8931727155181,2026-06-30 04:44:35
15,GrabMart,590000.0,0.0,590000.0,,,https://www.grabmart.vn/search?q=8931727155181,2026-06-30 04:44:35
15,Pharmacity,570000.0,0.0,570000.0,,,https://www.pharmacity.vn/search?q=8931727155181,2026-06-30 04:44:35
15,Shopee,514000.0,0.0,514000.0,,Flash Sale,https://www.shopee.vn/search?q=8931727155181,2026-07-01 04:44:35
15,Lazada,503000.0,50000.0,453000.0,Voucher tích lũy,Combo mua 2 giảm 5%,https://www.lazada.vn/search?q=8931727155181,2026-07-01 04:44:35
15,TikTok Shop,511000.0,77000.0,434000.0,,,https://www.tiktokshop.vn/search?q=8931727155181,2026-07-01 04:44:35
15,GrabMart,635000.0,0.0,635000.0,,,https://www.grabmart.vn/search?q=8931727155181,2026-07-01 04:44:35
15,Pharmacity,557000.0,28000.0,529000.0,,,https://www.pharmacity.vn/search?q=8931727155181,2026-07-01 04:44:35
15,Shopee,501000.0,50000.0,451000.0,,,https://www.shopee.vn/search?q=8931727155181,2026-07-02 04:44:35
15,Lazada,527000.0,0.0,527000.0,Voucher tích lũy,,https://www.lazada.vn/search?q=8931727155181,2026-07-02 04:44:35
15,TikTok Shop,517000.0,78000.0,439000.0,,Flash Sale hàng hiệu,https://www.tiktokshop.vn/search?q=8931727155181,2026-07-02 04:44:35
15,GrabMart,563000.0,0.0,563000.0,,,https://www.grabmart.vn/search?q=8931727155181,2026-07-02 04:44:35
15,Pharmacity,544000.0,0.0,544000.0,,,https://www.pharmacity.vn/search?q=8931727155181,2026-07-02 04:44:35
15,Shopee,490000.0,49000.0,441000.0,,Flash Sale,https://www.shopee.vn/search?q=8931727155181,2026-07-03 04:44:35
15,Lazada,489000.0,49000.0,440000.0,Voucher tích lũy,,https://www.lazada.vn/search?q=8931727155181,2026-07-03 04:44:35
15,TikTok Shop,499000.0,75000.0,424000.0,,,https://www.tiktokshop.vn/search?q=8931727155181,2026-07-03 04:44:35
15,GrabMart,601000.0,0.0,601000.0,,,https://www.grabmart.vn/search?q=8931727155181,2026-07-03 04:44:35
15,Pharmacity,554000.0,0.0,554000.0,,,https://www.pharmacity.vn/search?q=8931727155181,2026-07-03 04:44:35
15,Shopee,518000.0,52000.0,466000.0,Freeship Extra,,https://www.shopee.vn/search?q=8931727155181,2026-07-04 04:44:35
15,Lazada,531000.0,0.0,531000.0,,,https://www.lazada.vn/search?q=8931727155181,2026-07-04 04:44:35
15,TikTok Shop,527000.0,79000.0,428000.0,Voucher Livestream 20k,,https://www.tiktokshop.vn/search?q=8931727155181,2026-07-04 04:44:35
15,GrabMart,616000.0,0.0,616000.0,,,https://www.grabmart.vn/search?q=8931727155181,2026-07-04 04:44:35
15,Pharmacity,548000.0,0.0,548000.0,,,https://www.pharmacity.vn/search?q=8931727155181,2026-07-04 04:44:35
15,Shopee,504000.0,50000.0,454000.0,Freeship Extra,Flash Sale,https://www.shopee.vn/search?q=8931727155181,2026-07-05 04:44:35
15,Lazada,509000.0,51000.0,458000.0,Voucher tích lũy,Combo mua 2 giảm 5%,https://www.lazada.vn/search?q=8931727155181,2026-07-05 04:44:35
15,TikTok Shop,483000.0,72000.0,411000.0,,,https://www.tiktokshop.vn/search?q=8931727155181,2026-07-05 04:44:35
15,GrabMart,587000.0,0.0,587000.0,,,https://www.grabmart.vn/search?q=8931727155181,2026-07-05 04:44:35
15,Pharmacity,551000.0,0.0,551000.0,,,https://www.pharmacity.vn/search?q=8931727155181,2026-07-05 04:44:35
15,Shopee,490000.0,24000.0,456000.0,Mã giảm 10k,Flash Sale,https://www.shopee.vn/search?q=8931727155181,2026-07-06 04:44:35
15,Lazada,525000.0,26000.0,499000.0,Voucher tích lũy,,https://www.lazada.vn/search?q=8931727155181,2026-07-06 04:44:35
15,TikTok Shop,511000.0,77000.0,434000.0,,Flash Sale hàng hiệu,https://www.tiktokshop.vn/search?q=8931727155181,2026-07-06 04:44:35
15,GrabMart,570000.0,0.0,570000.0,,,https://www.grabmart.vn/search?q=8931727155181,2026-07-06 04:44:35
15,Pharmacity,537000.0,27000.0,510000.0,,,https://www.pharmacity.vn/search?q=8931727155181,2026-07-06 04:44:35
16,Shopee,200000.0,30000.0,160000.0,Mã giảm 10k,Flash Sale,https://www.shopee.vn/search?q=8934696325951,2026-06-30 04:44:35
16,Lazada,202000.0,0.0,202000.0,Voucher tích lũy,Combo mua 2 giảm 5%,https://www.lazada.vn/search?q=8934696325951,2026-06-30 04:44:35
16,TikTok Shop,210000.0,0.0,190000.0,Voucher Livestream 20k,,https://www.tiktokshop.vn/search?q=8934696325951,2026-06-30 04:44:35
16,GrabMart,220000.0,0.0,220000.0,,,https://www.grabmart.vn/search?q=8934696325951,2026-06-30 04:44:35
16,Pharmacity,219000.0,11000.0,208000.0,,,https://www.pharmacity.vn/search?q=8934696325951,2026-06-30 04:44:35
16,Shopee,193000.0,0.0,193000.0,,Flash Sale,https://www.shopee.vn/search?q=8934696325951,2026-07-01 04:44:35
16,Lazada,193000.0,10000.0,183000.0,Voucher tích lũy,Combo mua 2 giảm 5%,https://www.lazada.vn/search?q=8934696325951,2026-07-01 04:44:35
16,TikTok Shop,189000.0,19000.0,170000.0,,,https://www.tiktokshop.vn/search?q=8934696325951,2026-07-01 04:44:35
16,GrabMart,231000.0,0.0,231000.0,,,https://www.grabmart.vn/search?q=8934696325951,2026-07-01 04:44:35
16,Pharmacity,216000.0,11000.0,205000.0,,,https://www.pharmacity.vn/search?q=8934696325951,2026-07-01 04:44:35
16,Shopee,200000.0,20000.0,180000.0,Freeship Extra,,https://www.shopee.vn/search?q=8934696325951,2026-07-02 04:44:35
16,Lazada,193000.0,0.0,193000.0,Voucher tích lũy,Combo mua 2 giảm 5%,https://www.lazada.vn/search?q=8934696325951,2026-07-02 04:44:35
16,TikTok Shop,204000.0,20000.0,164000.0,Voucher Livestream 20k,,https://www.tiktokshop.vn/search?q=8934696325951,2026-07-02 04:44:35
16,GrabMart,225000.0,0.0,225000.0,,,https://www.grabmart.vn/search?q=8934696325951,2026-07-02 04:44:35
16,Pharmacity,219000.0,0.0,219000.0,,,https://www.pharmacity.vn/search?q=8934696325951,2026-07-02 04:44:35
16,Shopee,184000.0,9000.0,175000.0,Freeship Extra,Flash Sale,https://www.shopee.vn/search?q=8934696325951,2026-07-03 04:44:35
16,Lazada,210000.0,21000.0,189000.0,Voucher tích lũy,,https://www.lazada.vn/search?q=8934696325951,2026-07-03 04:44:35
16,TikTok Shop,197000.0,30000.0,167000.0,,Flash Sale hàng hiệu,https://www.tiktokshop.vn/search?q=8934696325951,2026-07-03 04:44:35
16,GrabMart,251000.0,0.0,251000.0,,,https://www.grabmart.vn/search?q=8934696325951,2026-07-03 04:44:35
16,Pharmacity,216000.0,11000.0,205000.0,,,https://www.pharmacity.vn/search?q=8934696325951,2026-07-03 04:44:35
16,Shopee,217000.0,22000.0,195000.0,Freeship Extra,Flash Sale,https://www.shopee.vn/search?q=8934696325951,2026-07-04 04:44:35
16,Lazada,203000.0,20000.0,183000.0,Voucher tích lũy,Combo mua 2 giảm 5%,https://www.lazada.vn/search?q=8934696325951,2026-07-04 04:44:35
16,TikTok Shop,193000.0,0.0,173000.0,Voucher Livestream 20k,Flash Sale hàng hiệu,https://www.tiktokshop.vn/search?q=8934696325951,2026-07-04 04:44:35
16,GrabMart,242000.0,0.0,242000.0,,,https://www.grabmart.vn/search?q=8934696325951,2026-07-04 04:44:35
16,Pharmacity,226000.0,11000.0,215000.0,,,https://www.pharmacity.vn/search?q=8934696325951,2026-07-04 04:44:35
16,Shopee,211000.0,0.0,211000.0,Freeship Extra,Flash Sale,https://www.shopee.vn/search?q=8934696325951,2026-07-05 04:44:35
16,Lazada,196000.0,20000.0,176000.0,,,https://www.lazada.vn/search?q=8934696325951,2026-07-05 04:44:35
16,TikTok Shop,197000.0,0.0,177000.0,Voucher Livestream 20k,,https://www.tiktokshop.vn/search?q=8934696325951,2026-07-05 04:44:35
16,GrabMart,247000.0,0.0,247000.0,,,https://www.grabmart.vn/search?q=8934696325951,2026-07-05 04:44:35
16,Pharmacity,215000.0,0.0,215000.0,,,https://www.pharmacity.vn/search?q=8934696325951,2026-07-05 04:44:35
16,Shopee,189000.0,28000.0,151000.0,Mã giảm 10k,Flash Sale,https://www.shopee.vn/search?q=8934696325951,2026-07-06 04:44:35
16,Lazada,193000.0,19000.0,174000.0,,Combo mua 2 giảm 5%,https://www.lazada.vn/search?q=8934696325951,2026-07-06 04:44:35
16,TikTok Shop,194000.0,29000.0,145000.0,Voucher Livestream 20k,,https://www.tiktokshop.vn/search?q=8934696325951,2026-07-06 04:44:35
16,GrabMart,243000.0,0.0,243000.0,,,https://www.grabmart.vn/search?q=8934696325951,2026-07-06 04:44:35
16,Pharmacity,219000.0,11000.0,208000.0,,,https://www.pharmacity.vn/search?q=8934696325951,2026-07-06 04:44:35
17,Shopee,39000.0,4000.0,35000.0,,Flash Sale,https://www.shopee.vn/search?q=8932785854979,2026-06-30 04:44:35
17,Lazada,43000.0,4000.0,39000.0,,Combo mua 2 giảm 5%,https://www.lazada.vn/search?q=8932785854979,2026-06-30 04:44:35
17,TikTok Shop,38000.0,4000.0,14000.0,Voucher Livestream 20k,Flash Sale hàng hiệu,https://www.tiktokshop.vn/search?q=8932785854979,2026-06-30 04:44:35
17,GrabMart,45000.0,0.0,45000.0,,,https://www.grabmart.vn/search?q=8932785854979,2026-06-30 04:44:35
17,Pharmacity,45000.0,2000.0,43000.0,,,https://www.pharmacity.vn/search?q=8932785854979,2026-06-30 04:44:35
17,Shopee,44000.0,7000.0,27000.0,Mã giảm 10k,,https://www.shopee.vn/search?q=8932785854979,2026-07-01 04:44:35
17,Lazada,40000.0,2000.0,38000.0,,Combo mua 2 giảm 5%,https://www.lazada.vn/search?q=8932785854979,2026-07-01 04:44:35
17,TikTok Shop,43000.0,6000.0,17000.0,Voucher Livestream 20k,Flash Sale hàng hiệu,https://www.tiktokshop.vn/search?q=8932785854979,2026-07-01 04:44:35
17,GrabMart,46000.0,0.0,46000.0,,,https://www.grabmart.vn/search?q=8932785854979,2026-07-01 04:44:35
17,Pharmacity,46000.0,2000.0,44000.0,,,https://www.pharmacity.vn/search?q=8932785854979,2026-07-01 04:44:35
17,Shopee,44000.0,4000.0,40000.0,,,https://www.shopee.vn/search?q=8932785854979,2026-07-02 04:44:35
17,Lazada,42000.0,4000.0,38000.0,,,https://www.lazada.vn/search?q=8932785854979,2026-07-02 04:44:35
17,TikTok Shop,36000.0,5000.0,31000.0,,,https://www.tiktokshop.vn/search?q=8932785854979,2026-07-02 04:44:35
17,GrabMart,45000.0,0.0,45000.0,,,https://www.grabmart.vn/search?q=8932785854979,2026-07-02 04:44:35
17,Pharmacity,45000.0,2000.0,43000.0,,,https://www.pharmacity.vn/search?q=8932785854979,2026-07-02 04:44:35
17,Shopee,38000.0,2000.0,36000.0,,,https://www.shopee.vn/search?q=8932785854979,2026-07-03 04:44:35
17,Lazada,41000.0,2000.0,39000.0,Voucher tích lũy,,https://www.lazada.vn/search?q=8932785854979,2026-07-03 04:44:35
17,TikTok Shop,41000.0,4000.0,17000.0,Voucher Livestream 20k,Flash Sale hàng hiệu,https://www.tiktokshop.vn/search?q=8932785854979,2026-07-03 04:44:35
17,GrabMart,49000.0,0.0,49000.0,,,https://www.grabmart.vn/search?q=8932785854979,2026-07-03 04:44:35
17,Pharmacity,46000.0,0.0,46000.0,,,https://www.pharmacity.vn/search?q=8932785854979,2026-07-03 04:44:35
17,Shopee,42000.0,2000.0,40000.0,Freeship Extra,,https://www.shopee.vn/search?q=8932785854979,2026-07-04 04:44:35
17,Lazada,44000.0,0.0,44000.0,Voucher tích lũy,,https://www.lazada.vn/search?q=8932785854979,2026-07-04 04:44:35
17,TikTok Shop,43000.0,0.0,23000.0,Voucher Livestream 20k,Flash Sale hàng hiệu,https://www.tiktokshop.vn/search?q=8932785854979,2026-07-04 04:44:35
17,GrabMart,46000.0,0.0,46000.0,,,https://www.grabmart.vn/search?q=8932785854979,2026-07-04 04:44:35
17,Pharmacity,46000.0,2000.0,44000.0,,,https://www.pharmacity.vn/search?q=8932785854979,2026-07-04 04:44:35
17,Shopee,44000.0,0.0,34000.0,Mã giảm 10k,,https://www.shopee.vn/search?q=8932785854979,2026-07-05 04:44:35
17,Lazada,44000.0,2000.0,42000.0,Voucher tích lũy,Combo mua 2 giảm 5%,https://www.lazada.vn/search?q=8932785854979,2026-07-05 04:44:35
17,TikTok Shop,43000.0,6000.0,17000.0,Voucher Livestream 20k,,https://www.tiktokshop.vn/search?q=8932785854979,2026-07-05 04:44:35
17,GrabMart,51000.0,0.0,51000.0,,,https://www.grabmart.vn/search?q=8932785854979,2026-07-05 04:44:35
17,Pharmacity,45000.0,0.0,45000.0,,,https://www.pharmacity.vn/search?q=8932785854979,2026-07-05 04:44:35
17,Shopee,43000.0,4000.0,39000.0,,Flash Sale,https://www.shopee.vn/search?q=8932785854979,2026-07-06 04:44:35
17,Lazada,42000.0,4000.0,38000.0,,,https://www.lazada.vn/search?q=8932785854979,2026-07-06 04:44:35
17,TikTok Shop,41000.0,4000.0,37000.0,,,https://www.tiktokshop.vn/search?q=8932785854979,2026-07-06 04:44:35
17,GrabMart,49000.0,0.0,49000.0,,,https://www.grabmart.vn/search?q=8932785854979,2026-07-06 04:44:35
17,Pharmacity,45000.0,2000.0,43000.0,,,https://www.pharmacity.vn/search?q=8932785854979,2026-07-06 04:44:35
18,Shopee,136000.0,14000.0,112000.0,Mã giảm 10k,Flash Sale,https://www.shopee.vn/search?q=8936122753048,2026-06-30 04:44:35
18,Lazada,140000.0,14000.0,126000.0,,Combo mua 2 giảm 5%,https://www.lazada.vn/search?q=8936122753048,2026-06-30 04:44:35
18,TikTok Shop,137000.0,21000.0,116000.0,,,https://www.tiktokshop.vn/search?q=8936122753048,2026-06-30 04:44:35
18,GrabMart,166000.0,0.0,166000.0,,,https://www.grabmart.vn/search?q=8936122753048,2026-06-30 04:44:35
18,Pharmacity,150000.0,0.0,150000.0,,,https://www.pharmacity.vn/search?q=8936122753048,2026-06-30 04:44:35
18,Shopee,135000.0,14000.0,121000.0,Freeship Extra,,https://www.shopee.vn/search?q=8936122753048,2026-07-01 04:44:35
18,Lazada,141000.0,7000.0,134000.0,Voucher tích lũy,,https://www.lazada.vn/search?q=8936122753048,2026-07-01 04:44:35
18,TikTok Shop,126000.0,0.0,106000.0,Voucher Livestream 20k,,https://www.tiktokshop.vn/search?q=8936122753048,2026-07-01 04:44:35
18,GrabMart,160000.0,0.0,160000.0,,,https://www.grabmart.vn/search?q=8936122753048,2026-07-01 04:44:35
18,Pharmacity,155000.0,8000.0,147000.0,,,https://www.pharmacity.vn/search?q=8936122753048,2026-07-01 04:44:35
18,Shopee,135000.0,20000.0,115000.0,Freeship Extra,,https://www.shopee.vn/search?q=8936122753048,2026-07-02 04:44:35
18,Lazada,144000.0,14000.0,130000.0,,Combo mua 2 giảm 5%,https://www.lazada.vn/search?q=8936122753048,2026-07-02 04:44:35
18,TikTok Shop,134000.0,13000.0,121000.0,,,https://www.tiktokshop.vn/search?q=8936122753048,2026-07-02 04:44:35
18,GrabMart,151000.0,0.0,151000.0,,,https://www.grabmart.vn/search?q=8936122753048,2026-07-02 04:44:35
18,Pharmacity,151000.0,0.0,151000.0,,,https://www.pharmacity.vn/search?q=8936122753048,2026-07-02 04:44:35
18,Shopee,139000.0,7000.0,132000.0,,Flash Sale,https://www.shopee.vn/search?q=8936122753048,2026-07-03 04:44:35
18,Lazada,145000.0,7000.0,138000.0,,,https://www.lazada.vn/search?q=8936122753048,2026-07-03 04:44:35
18,TikTok Shop,138000.0,14000.0,124000.0,,Flash Sale hàng hiệu,https://www.tiktokshop.vn/search?q=8936122753048,2026-07-03 04:44:35
18,GrabMart,169000.0,0.0,169000.0,,,https://www.grabmart.vn/search?q=8936122753048,2026-07-03 04:44:35
18,Pharmacity,150000.0,8000.0,142000.0,,,https://www.pharmacity.vn/search?q=8936122753048,2026-07-03 04:44:35
18,Shopee,136000.0,0.0,136000.0,Freeship Extra,Flash Sale,https://www.shopee.vn/search?q=8936122753048,2026-07-04 04:44:35
18,Lazada,142000.0,7000.0,135000.0,,Combo mua 2 giảm 5%,https://www.lazada.vn/search?q=8936122753048,2026-07-04 04:44:35
18,TikTok Shop,127000.0,0.0,127000.0,,,https://www.tiktokshop.vn/search?q=8936122753048,2026-07-04 04:44:35
18,GrabMart,151000.0,0.0,151000.0,,,https://www.grabmart.vn/search?q=8936122753048,2026-07-04 04:44:35
18,Pharmacity,149000.0,0.0,149000.0,,,https://www.pharmacity.vn/search?q=8936122753048,2026-07-04 04:44:35
18,Shopee,138000.0,0.0,138000.0,,Flash Sale,https://www.shopee.vn/search?q=8936122753048,2026-07-05 04:44:35
18,Lazada,130000.0,6000.0,124000.0,,,https://www.lazada.vn/search?q=8936122753048,2026-07-05 04:44:35
18,TikTok Shop,139000.0,21000.0,98000.0,Voucher Livestream 20k,Flash Sale hàng hiệu,https://www.tiktokshop.vn/search?q=8936122753048,2026-07-05 04:44:35
18,GrabMart,173000.0,0.0,173000.0,,,https://www.grabmart.vn/search?q=8936122753048,2026-07-05 04:44:35
18,Pharmacity,149000.0,7000.0,142000.0,,,https://www.pharmacity.vn/search?q=8936122753048,2026-07-05 04:44:35
18,Shopee,134000.0,7000.0,127000.0,Freeship Extra,Flash Sale,https://www.shopee.vn/search?q=8936122753048,2026-07-06 04:44:35
18,Lazada,132000.0,13000.0,119000.0,Voucher tích lũy,,https://www.lazada.vn/search?q=8936122753048,2026-07-06 04:44:35
18,TikTok Shop,138000.0,0.0,138000.0,,,https://www.tiktokshop.vn/search?q=8936122753048,2026-07-06 04:44:35
18,GrabMart,173000.0,0.0,173000.0,,,https://www.grabmart.vn/search?q=8936122753048,2026-07-06 04:44:35
18,Pharmacity,150000.0,8000.0,142000.0,,,https://www.pharmacity.vn/search?q=8936122753048,2026-07-06 04:44:35
19,Shopee,232000.0,0.0,222000.0,Mã giảm 10k,,https://www.shopee.vn/search?q=8935243106900,2026-06-30 04:44:35
19,Lazada,245000.0,0.0,245000.0,Voucher tích lũy,Combo mua 2 giảm 5%,https://www.lazada.vn/search?q=8935243106900,2026-06-30 04:44:35
19,TikTok Shop,231000.0,0.0,231000.0,,,https://www.tiktokshop.vn/search?q=8935243106900,2026-06-30 04:44:35
19,GrabMart,295000.0,0.0,295000.0,,,https://www.grabmart.vn/search?q=8935243106900,2026-06-30 04:44:35
19,Pharmacity,271000.0,14000.0,257000.0,,,https://www.pharmacity.vn/search?q=8935243106900,2026-06-30 04:44:35
19,Shopee,255000.0,26000.0,229000.0,,Flash Sale,https://www.shopee.vn/search?q=8935243106900,2026-07-01 04:44:35
19,Lazada,266000.0,27000.0,239000.0,,Combo mua 2 giảm 5%,https://www.lazada.vn/search?q=8935243106900,2026-07-01 04:44:35
19,TikTok Shop,234000.0,0.0,234000.0,,Flash Sale hàng hiệu,https://www.tiktokshop.vn/search?q=8935243106900,2026-07-01 04:44:35
19,GrabMart,298000.0,0.0,298000.0,,,https://www.grabmart.vn/search?q=8935243106900,2026-07-01 04:44:35
19,Pharmacity,266000.0,13000.0,253000.0,,,https://www.pharmacity.vn/search?q=8935243106900,2026-07-01 04:44:35
19,Shopee,271000.0,41000.0,230000.0,Freeship Extra,Flash Sale,https://www.shopee.vn/search?q=8935243106900,2026-07-02 04:44:35
19,Lazada,260000.0,13000.0,247000.0,,Combo mua 2 giảm 5%,https://www.lazada.vn/search?q=8935243106900,2026-07-02 04:44:35
19,TikTok Shop,237000.0,36000.0,181000.0,Voucher Livestream 20k,,https://www.tiktokshop.vn/search?q=8935243106900,2026-07-02 04:44:35
19,GrabMart,311000.0,0.0,311000.0,,,https://www.grabmart.vn/search?q=8935243106900,2026-07-02 04:44:35
19,Pharmacity,271000.0,0.0,271000.0,,,https://www.pharmacity.vn/search?q=8935243106900,2026-07-02 04:44:35
19,Shopee,265000.0,0.0,265000.0,Freeship Extra,Flash Sale,https://www.shopee.vn/search?q=8935243106900,2026-07-03 04:44:35
19,Lazada,269000.0,27000.0,242000.0,,Combo mua 2 giảm 5%,https://www.lazada.vn/search?q=8935243106900,2026-07-03 04:44:35
19,TikTok Shop,232000.0,0.0,212000.0,Voucher Livestream 20k,,https://www.tiktokshop.vn/search?q=8935243106900,2026-07-03 04:44:35
19,GrabMart,314000.0,0.0,314000.0,,,https://www.grabmart.vn/search?q=8935243106900,2026-07-03 04:44:35
19,Pharmacity,281000.0,0.0,281000.0,,,https://www.pharmacity.vn/search?q=8935243106900,2026-07-03 04:44:35
19,Shopee,253000.0,13000.0,240000.0,,Flash Sale,https://www.shopee.vn/search?q=8935243106900,2026-07-04 04:44:35
19,Lazada,250000.0,25000.0,225000.0,,,https://www.lazada.vn/search?q=8935243106900,2026-07-04 04:44:35
19,TikTok Shop,229000.0,34000.0,195000.0,,Flash Sale hàng hiệu,https://www.tiktokshop.vn/search?q=8935243106900,2026-07-04 04:44:35
19,GrabMart,282000.0,0.0,282000.0,,,https://www.grabmart.vn/search?q=8935243106900,2026-07-04 04:44:35
19,Pharmacity,282000.0,14000.0,268000.0,,,https://www.pharmacity.vn/search?q=8935243106900,2026-07-04 04:44:35
19,Shopee,271000.0,0.0,271000.0,,,https://www.shopee.vn/search?q=8935243106900,2026-07-05 04:44:35
19,Lazada,269000.0,0.0,269000.0,Voucher tích lũy,,https://www.lazada.vn/search?q=8935243106900,2026-07-05 04:44:35
19,TikTok Shop,252000.0,38000.0,214000.0,,Flash Sale hàng hiệu,https://www.tiktokshop.vn/search?q=8935243106900,2026-07-05 04:44:35
19,GrabMart,314000.0,0.0,314000.0,,,https://www.grabmart.vn/search?q=8935243106900,2026-07-05 04:44:35
19,Pharmacity,276000.0,14000.0,262000.0,,,https://www.pharmacity.vn/search?q=8935243106900,2026-07-05 04:44:35
19,Shopee,246000.0,25000.0,211000.0,Mã giảm 10k,Flash Sale,https://www.shopee.vn/search?q=8935243106900,2026-07-06 04:44:35
19,Lazada,249000.0,12000.0,237000.0,Voucher tích lũy,,https://www.lazada.vn/search?q=8935243106900,2026-07-06 04:44:35
19,TikTok Shop,256000.0,38000.0,198000.0,Voucher Livestream 20k,Flash Sale hàng hiệu,https://www.tiktokshop.vn/search?q=8935243106900,2026-07-06 04:44:35
19,GrabMart,314000.0,0.0,314000.0,,,https://www.grabmart.vn/search?q=8935243106900,2026-07-06 04:44:35
19,Pharmacity,272000.0,14000.0,258000.0,,,https://www.pharmacity.vn/search?q=8935243106900,2026-07-06 04:44:35
20,Shopee,0.0,0.0,1000,Mã giảm 10k,Flash Sale,https://www.shopee.vn/search?q=8932048996422,2026-06-30 04:44:35
20,Lazada,0.0,0.0,0.0,Voucher tích lũy,Combo mua 2 giảm 5%,https://www.lazada.vn/search?q=8932048996422,2026-06-30 04:44:35
20,TikTok Shop,0.0,0.0,0.0,,,https://www.tiktokshop.vn/search?q=8932048996422,2026-06-30 04:44:35
20,GrabMart,0.0,0.0,0.0,,,https://www.grabmart.vn/search?q=8932048996422,2026-06-30 04:44:35
20,Pharmacity,0.0,0.0,0.0,,,https://www.pharmacity.vn/search?q=8932048996422,2026-06-30 04:44:35
20,Shopee,0.0,0.0,0.0,Freeship Extra,,https://www.shopee.vn/search?q=8932048996422,2026-07-01 04:44:35
20,Lazada,0.0,0.0,0.0,,,https://www.lazada.vn/search?q=8932048996422,2026-07-01 04:44:35
20,TikTok Shop,0.0,0.0,0.0,,,https://www.tiktokshop.vn/search?q=8932048996422,2026-07-01 04:44:35
20,GrabMart,0.0,0.0,0.0,,,https://www.grabmart.vn/search?q=8932048996422,2026-07-01 04:44:35
20,Pharmacity,0.0,0.0,0.0,,,https://www.pharmacity.vn/search?q=8932048996422,2026-07-01 04:44:35
20,Shopee,0.0,0.0,0.0,,Flash Sale,https://www.shopee.vn/search?q=8932048996422,2026-07-02 04:44:35
20,Lazada,0.0,0.0,0.0,Voucher tích lũy,Combo mua 2 giảm 5%,https://www.lazada.vn/search?q=8932048996422,2026-07-02 04:44:35
20,TikTok Shop,0.0,0.0,1000,Voucher Livestream 20k,,https://www.tiktokshop.vn/search?q=8932048996422,2026-07-02 04:44:35
20,GrabMart,0.0,0.0,0.0,,,https://www.grabmart.vn/search?q=8932048996422,2026-07-02 04:44:35
20,Pharmacity,0.0,0.0,0.0,,,https://www.pharmacity.vn/search?q=8932048996422,2026-07-02 04:44:35
20,Shopee,0.0,0.0,1000,Mã giảm 10k,Flash Sale,https://www.shopee.vn/search?q=8932048996422,2026-07-03 04:44:35
20,Lazada,0.0,0.0,0.0,Voucher tích lũy,Combo mua 2 giảm 5%,https://www.lazada.vn/search?q=8932048996422,2026-07-03 04:44:35
20,TikTok Shop,0.0,0.0,0.0,,Flash Sale hàng hiệu,https://www.tiktokshop.vn/search?q=8932048996422,2026-07-03 04:44:35
20,GrabMart,0.0,0.0,0.0,,,https://www.grabmart.vn/search?q=8932048996422,2026-07-03 04:44:35
20,Pharmacity,0.0,0.0,0.0,,,https://www.pharmacity.vn/search?q=8932048996422,2026-07-03 04:44:35
20,Shopee,0.0,0.0,1000,Mã giảm 10k,Flash Sale,https://www.shopee.vn/search?q=8932048996422,2026-07-04 04:44:35
20,Lazada,0.0,0.0,0.0,,,https://www.lazada.vn/search?q=8932048996422,2026-07-04 04:44:35
20,TikTok Shop,0.0,0.0,1000,Voucher Livestream 20k,,https://www.tiktokshop.vn/search?q=8932048996422,2026-07-04 04:44:35
20,GrabMart,0.0,0.0,0.0,,,https://www.grabmart.vn/search?q=8932048996422,2026-07-04 04:44:35
20,Pharmacity,0.0,0.0,0.0,,,https://www.pharmacity.vn/search?q=8932048996422,2026-07-04 04:44:35
20,Shopee,0.0,0.0,1000,Mã giảm 10k,,https://www.shopee.vn/search?q=8932048996422,2026-07-05 04:44:35
20,Lazada,0.0,0.0,0.0,Voucher tích lũy,,https://www.lazada.vn/search?q=8932048996422,2026-07-05 04:44:35
20,TikTok Shop,0.0,0.0,0.0,,,https://www.tiktokshop.vn/search?q=8932048996422,2026-07-05 04:44:35
20,GrabMart,0.0,0.0,0.0,,,https://www.grabmart.vn/search?q=8932048996422,2026-07-05 04:44:35
20,Pharmacity,0.0,0.0,0.0,,,https://www.pharmacity.vn/search?q=8932048996422,2026-07-05 04:44:35
20,Shopee,0.0,0.0,0.0,,,https://www.shopee.vn/search?q=8932048996422,2026-07-06 04:44:35
20,Lazada,0.0,0.0,0.0,Voucher tích lũy,Combo mua 2 giảm 5%,https://www.lazada.vn/search?q=8932048996422,2026-07-06 04:44:35
20,TikTok Shop,0.0,0.0,0.0,,Flash Sale hàng hiệu,https://www.tiktokshop.vn/search?q=8932048996422,2026-07-06 04:44:35
20,GrabMart,0.0,0.0,0.0,,,https://www.grabmart.vn/search?q=8932048996422,2026-07-06 04:44:35
20,Pharmacity,0.0,0.0,0.0,,,https://www.pharmacity.vn/search?q=8932048996422,2026-07-06 04:44:35
21,Shopee,156000.0,23000.0,133000.0,,Flash Sale,https://www.shopee.vn/search?q=8936504773589,2026-06-30 04:44:35
21,Lazada,165000.0,16000.0,149000.0,,,https://www.lazada.vn/search?q=8936504773589,2026-06-30 04:44:35
21,TikTok Shop,146000.0,15000.0,131000.0,,Flash Sale hàng hiệu,https://www.tiktokshop.vn/search?q=8936504773589,2026-06-30 04:44:35
21,GrabMart,180000.0,0.0,180000.0,,,https://www.grabmart.vn/search?q=8936504773589,2026-06-30 04:44:35
21,Pharmacity,167000.0,0.0,167000.0,,,https://www.pharmacity.vn/search?q=8936504773589,2026-06-30 04:44:35
21,Shopee,170000.0,26000.0,134000.0,Mã giảm 10k,Flash Sale,https://www.shopee.vn/search?q=8936504773589,2026-07-01 04:44:35
21,Lazada,151000.0,0.0,151000.0,,Combo mua 2 giảm 5%,https://www.lazada.vn/search?q=8936504773589,2026-07-01 04:44:35
21,TikTok Shop,151000.0,23000.0,108000.0,Voucher Livestream 20k,,https://www.tiktokshop.vn/search?q=8936504773589,2026-07-01 04:44:35
21,GrabMart,172000.0,0.0,172000.0,,,https://www.grabmart.vn/search?q=8936504773589,2026-07-01 04:44:35
21,Pharmacity,170000.0,0.0,170000.0,,,https://www.pharmacity.vn/search?q=8936504773589,2026-07-01 04:44:35
21,Shopee,160000.0,16000.0,134000.0,Mã giảm 10k,,https://www.shopee.vn/search?q=8936504773589,2026-07-02 04:44:35
21,Lazada,155000.0,8000.0,147000.0,,,https://www.lazada.vn/search?q=8936504773589,2026-07-02 04:44:35
21,TikTok Shop,154000.0,0.0,134000.0,Voucher Livestream 20k,,https://www.tiktokshop.vn/search?q=8936504773589,2026-07-02 04:44:35
21,GrabMart,175000.0,0.0,175000.0,,,https://www.grabmart.vn/search?q=8936504773589,2026-07-02 04:44:35
21,Pharmacity,170000.0,8000.0,162000.0,,,https://www.pharmacity.vn/search?q=8936504773589,2026-07-02 04:44:35
21,Shopee,148000.0,7000.0,131000.0,Mã giảm 10k,Flash Sale,https://www.shopee.vn/search?q=8936504773589,2026-07-03 04:44:35
21,Lazada,158000.0,8000.0,150000.0,,Combo mua 2 giảm 5%,https://www.lazada.vn/search?q=8936504773589,2026-07-03 04:44:35
21,TikTok Shop,145000.0,0.0,125000.0,Voucher Livestream 20k,,https://www.tiktokshop.vn/search?q=8936504773589,2026-07-03 04:44:35
21,GrabMart,184000.0,0.0,184000.0,,,https://www.grabmart.vn/search?q=8936504773589,2026-07-03 04:44:35
21,Pharmacity,168000.0,0.0,168000.0,,,https://www.pharmacity.vn/search?q=8936504773589,2026-07-03 04:44:35
21,Shopee,170000.0,17000.0,153000.0,Freeship Extra,Flash Sale,https://www.shopee.vn/search?q=8936504773589,2026-07-04 04:44:35
21,Lazada,165000.0,8000.0,157000.0,Voucher tích lũy,Combo mua 2 giảm 5%,https://www.lazada.vn/search?q=8936504773589,2026-07-04 04:44:35
21,TikTok Shop,150000.0,22000.0,128000.0,,Flash Sale hàng hiệu,https://www.tiktokshop.vn/search?q=8936504773589,2026-07-04 04:44:35
21,GrabMart,180000.0,0.0,180000.0,,,https://www.grabmart.vn/search?q=8936504773589,2026-07-04 04:44:35
21,Pharmacity,178000.0,0.0,178000.0,,,https://www.pharmacity.vn/search?q=8936504773589,2026-07-04 04:44:35
21,Shopee,157000.0,8000.0,139000.0,Mã giảm 10k,Flash Sale,https://www.shopee.vn/search?q=8936504773589,2026-07-05 04:44:35
21,Lazada,155000.0,16000.0,139000.0,Voucher tích lũy,,https://www.lazada.vn/search?q=8936504773589,2026-07-05 04:44:35
21,TikTok Shop,147000.0,15000.0,112000.0,Voucher Livestream 20k,Flash Sale hàng hiệu,https://www.tiktokshop.vn/search?q=8936504773589,2026-07-05 04:44:35
21,GrabMart,174000.0,0.0,174000.0,,,https://www.grabmart.vn/search?q=8936504773589,2026-07-05 04:44:35
21,Pharmacity,173000.0,0.0,173000.0,,,https://www.pharmacity.vn/search?q=8936504773589,2026-07-05 04:44:35
21,Shopee,162000.0,0.0,162000.0,Freeship Extra,Flash Sale,https://www.shopee.vn/search?q=8936504773589,2026-07-06 04:44:35
21,Lazada,168000.0,0.0,168000.0,Voucher tích lũy,Combo mua 2 giảm 5%,https://www.lazada.vn/search?q=8936504773589,2026-07-06 04:44:35
21,TikTok Shop,161000.0,0.0,141000.0,Voucher Livestream 20k,Flash Sale hàng hiệu,https://www.tiktokshop.vn/search?q=8936504773589,2026-07-06 04:44:35
21,GrabMart,175000.0,0.0,175000.0,,,https://www.grabmart.vn/search?q=8936504773589,2026-07-06 04:44:35
21,Pharmacity,170000.0,8000.0,162000.0,,,https://www.pharmacity.vn/search?q=8936504773589,2026-07-06 04:44:35
22,Shopee,104000.0,0.0,104000.0,,,https://www.shopee.vn/search?q=8937979688682,2026-06-30 04:44:35
22,Lazada,103000.0,5000.0,98000.0,,,https://www.lazada.vn/search?q=8937979688682,2026-06-30 04:44:35
22,TikTok Shop,98000.0,15000.0,63000.0,Voucher Livestream 20k,Flash Sale hàng hiệu,https://www.tiktokshop.vn/search?q=8937979688682,2026-06-30 04:44:35
22,GrabMart,126000.0,0.0,126000.0,,,https://www.grabmart.vn/search?q=8937979688682,2026-06-30 04:44:35
22,Pharmacity,109000.0,0.0,109000.0,,,https://www.pharmacity.vn/search?q=8937979688682,2026-06-30 04:44:35
22,Shopee,93000.0,5000.0,88000.0,Freeship Extra,,https://www.shopee.vn/search?q=8937979688682,2026-07-01 04:44:35
22,Lazada,100000.0,5000.0,95000.0,Voucher tích lũy,,https://www.lazada.vn/search?q=8937979688682,2026-07-01 04:44:35
22,TikTok Shop,94000.0,0.0,74000.0,Voucher Livestream 20k,,https://www.tiktokshop.vn/search?q=8937979688682,2026-07-01 04:44:35
22,GrabMart,114000.0,0.0,114000.0,,,https://www.grabmart.vn/search?q=8937979688682,2026-07-01 04:44:35
22,Pharmacity,113000.0,0.0,113000.0,,,https://www.pharmacity.vn/search?q=8937979688682,2026-07-01 04:44:35
22,Shopee,93000.0,5000.0,78000.0,Mã giảm 10k,Flash Sale,https://www.shopee.vn/search?q=8937979688682,2026-07-02 04:44:35
22,Lazada,99000.0,0.0,99000.0,Voucher tích lũy,Combo mua 2 giảm 5%,https://www.lazada.vn/search?q=8937979688682,2026-07-02 04:44:35
22,TikTok Shop,96000.0,10000.0,66000.0,Voucher Livestream 20k,Flash Sale hàng hiệu,https://www.tiktokshop.vn/search?q=8937979688682,2026-07-02 04:44:35
22,GrabMart,110000.0,0.0,110000.0,,,https://www.grabmart.vn/search?q=8937979688682,2026-07-02 04:44:35
22,Pharmacity,106000.0,0.0,106000.0,,,https://www.pharmacity.vn/search?q=8937979688682,2026-07-02 04:44:35
22,Shopee,92000.0,9000.0,83000.0,Freeship Extra,,https://www.shopee.vn/search?q=8937979688682,2026-07-03 04:44:35
22,Lazada,104000.0,0.0,104000.0,,,https://www.lazada.vn/search?q=8937979688682,2026-07-03 04:44:35
22,TikTok Shop,98000.0,10000.0,68000.0,Voucher Livestream 20k,Flash Sale hàng hiệu,https://www.tiktokshop.vn/search?q=8937979688682,2026-07-03 04:44:35
22,GrabMart,113000.0,0.0,113000.0,,,https://www.grabmart.vn/search?q=8937979688682,2026-07-03 04:44:35
22,Pharmacity,109000.0,0.0,109000.0,,,https://www.pharmacity.vn/search?q=8937979688682,2026-07-03 04:44:35
22,Shopee,95000.0,14000.0,71000.0,Mã giảm 10k,,https://www.shopee.vn/search?q=8937979688682,2026-07-04 04:44:35
22,Lazada,104000.0,0.0,104000.0,Voucher tích lũy,Combo mua 2 giảm 5%,https://www.lazada.vn/search?q=8937979688682,2026-07-04 04:44:35
22,TikTok Shop,95000.0,14000.0,81000.0,,,https://www.tiktokshop.vn/search?q=8937979688682,2026-07-04 04:44:35
22,GrabMart,114000.0,0.0,114000.0,,,https://www.grabmart.vn/search?q=8937979688682,2026-07-04 04:44:35
22,Pharmacity,111000.0,0.0,111000.0,,,https://www.pharmacity.vn/search?q=8937979688682,2026-07-04 04:44:35
22,Shopee,101000.0,5000.0,86000.0,Mã giảm 10k,Flash Sale,https://www.shopee.vn/search?q=8937979688682,2026-07-05 04:44:35
22,Lazada,97000.0,0.0,97000.0,Voucher tích lũy,Combo mua 2 giảm 5%,https://www.lazada.vn/search?q=8937979688682,2026-07-05 04:44:35
22,TikTok Shop,97000.0,15000.0,62000.0,Voucher Livestream 20k,Flash Sale hàng hiệu,https://www.tiktokshop.vn/search?q=8937979688682,2026-07-05 04:44:35
22,GrabMart,120000.0,0.0,120000.0,,,https://www.grabmart.vn/search?q=8937979688682,2026-07-05 04:44:35
22,Pharmacity,110000.0,6000.0,104000.0,,,https://www.pharmacity.vn/search?q=8937979688682,2026-07-05 04:44:35
22,Shopee,97000.0,15000.0,82000.0,Freeship Extra,,https://www.shopee.vn/search?q=8937979688682,2026-07-06 04:44:35
22,Lazada,105000.0,10000.0,95000.0,Voucher tích lũy,,https://www.lazada.vn/search?q=8937979688682,2026-07-06 04:44:35
22,TikTok Shop,100000.0,10000.0,90000.0,,,https://www.tiktokshop.vn/search?q=8937979688682,2026-07-06 04:44:35
22,GrabMart,114000.0,0.0,114000.0,,,https://www.grabmart.vn/search?q=8937979688682,2026-07-06 04:44:35
22,Pharmacity,107000.0,0.0,107000.0,,,https://www.pharmacity.vn/search?q=8937979688682,2026-07-06 04:44:35
23,Shopee,40000.0,4000.0,26000.0,Mã giảm 10k,,https://www.shopee.vn/search?q=8939662782820,2026-06-30 04:44:35
23,Lazada,45000.0,0.0,45000.0,Voucher tích lũy,,https://www.lazada.vn/search?q=8939662782820,2026-06-30 04:44:35
23,TikTok Shop,39000.0,4000.0,15000.0,Voucher Livestream 20k,Flash Sale hàng hiệu,https://www.tiktokshop.vn/search?q=8939662782820,2026-06-30 04:44:35
23,GrabMart,52000.0,0.0,52000.0,,,https://www.grabmart.vn/search?q=8939662782820,2026-06-30 04:44:35
23,Pharmacity,46000.0,2000.0,44000.0,,,https://www.pharmacity.vn/search?q=8939662782820,2026-06-30 04:44:35
23,Shopee,43000.0,0.0,43000.0,Freeship Extra,,https://www.shopee.vn/search?q=8939662782820,2026-07-01 04:44:35
23,Lazada,45000.0,0.0,45000.0,Voucher tích lũy,,https://www.lazada.vn/search?q=8939662782820,2026-07-01 04:44:35
23,TikTok Shop,40000.0,6000.0,14000.0,Voucher Livestream 20k,,https://www.tiktokshop.vn/search?q=8939662782820,2026-07-01 04:44:35
23,GrabMart,52000.0,0.0,52000.0,,,https://www.grabmart.vn/search?q=8939662782820,2026-07-01 04:44:35
23,Pharmacity,47000.0,2000.0,45000.0,,,https://www.pharmacity.vn/search?q=8939662782820,2026-07-01 04:44:35
23,Shopee,43000.0,0.0,43000.0,Freeship Extra,,https://www.shopee.vn/search?q=8939662782820,2026-07-02 04:44:35
23,Lazada,42000.0,4000.0,38000.0,Voucher tích lũy,,https://www.lazada.vn/search?q=8939662782820,2026-07-02 04:44:35
23,TikTok Shop,43000.0,4000.0,39000.0,,Flash Sale hàng hiệu,https://www.tiktokshop.vn/search?q=8939662782820,2026-07-02 04:44:35
23,GrabMart,47000.0,0.0,47000.0,,,https://www.grabmart.vn/search?q=8939662782820,2026-07-02 04:44:35
23,Pharmacity,48000.0,0.0,48000.0,,,https://www.pharmacity.vn/search?q=8939662782820,2026-07-02 04:44:35
23,Shopee,41000.0,0.0,31000.0,Mã giảm 10k,Flash Sale,https://www.shopee.vn/search?q=8939662782820,2026-07-03 04:44:35
23,Lazada,42000.0,0.0,42000.0,Voucher tích lũy,,https://www.lazada.vn/search?q=8939662782820,2026-07-03 04:44:35
23,TikTok Shop,43000.0,0.0,43000.0,,Flash Sale hàng hiệu,https://www.tiktokshop.vn/search?q=8939662782820,2026-07-03 04:44:35
23,GrabMart,53000.0,0.0,53000.0,,,https://www.grabmart.vn/search?q=8939662782820,2026-07-03 04:44:35
23,Pharmacity,47000.0,2000.0,45000.0,,,https://www.pharmacity.vn/search?q=8939662782820,2026-07-03 04:44:35
23,Shopee,40000.0,2000.0,38000.0,,,https://www.shopee.vn/search?q=8939662782820,2026-07-04 04:44:35
23,Lazada,45000.0,4000.0,41000.0,Voucher tích lũy,Combo mua 2 giảm 5%,https://www.lazada.vn/search?q=8939662782820,2026-07-04 04:44:35
23,TikTok Shop,42000.0,0.0,22000.0,Voucher Livestream 20k,Flash Sale hàng hiệu,https://www.tiktokshop.vn/search?q=8939662782820,2026-07-04 04:44:35
23,GrabMart,49000.0,0.0,49000.0,,,https://www.grabmart.vn/search?q=8939662782820,2026-07-04 04:44:35
23,Pharmacity,46000.0,0.0,46000.0,,,https://www.pharmacity.vn/search?q=8939662782820,2026-07-04 04:44:35
23,Shopee,40000.0,6000.0,34000.0,,Flash Sale,https://www.shopee.vn/search?q=8939662782820,2026-07-05 04:44:35
23,Lazada,45000.0,0.0,45000.0,,,https://www.lazada.vn/search?q=8939662782820,2026-07-05 04:44:35
23,TikTok Shop,39000.0,4000.0,35000.0,,Flash Sale hàng hiệu,https://www.tiktokshop.vn/search?q=8939662782820,2026-07-05 04:44:35
23,GrabMart,50000.0,0.0,50000.0,,,https://www.grabmart.vn/search?q=8939662782820,2026-07-05 04:44:35
23,Pharmacity,47000.0,2000.0,45000.0,,,https://www.pharmacity.vn/search?q=8939662782820,2026-07-05 04:44:35
23,Shopee,44000.0,7000.0,27000.0,Mã giảm 10k,,https://www.shopee.vn/search?q=8939662782820,2026-07-06 04:44:35
23,Lazada,44000.0,0.0,44000.0,Voucher tích lũy,Combo mua 2 giảm 5%,https://www.lazada.vn/search?q=8939662782820,2026-07-06 04:44:35
23,TikTok Shop,43000.0,4000.0,19000.0,Voucher Livestream 20k,Flash Sale hàng hiệu,https://www.tiktokshop.vn/search?q=8939662782820,2026-07-06 04:44:35
23,GrabMart,49000.0,0.0,49000.0,,,https://www.grabmart.vn/search?q=8939662782820,2026-07-06 04:44:35
23,Pharmacity,45000.0,0.0,45000.0,,,https://www.pharmacity.vn/search?q=8939662782820,2026-07-06 04:44:35
24,Shopee,556000.0,83000.0,463000.0,Mã giảm 10k,,https://www.shopee.vn/search?q=8938636374542,2026-06-30 04:44:35
24,Lazada,523000.0,52000.0,471000.0,Voucher tích lũy,,https://www.lazada.vn/search?q=8938636374542,2026-06-30 04:44:35
24,TikTok Shop,495000.0,0.0,475000.0,Voucher Livestream 20k,Flash Sale hàng hiệu,https://www.tiktokshop.vn/search?q=8938636374542,2026-06-30 04:44:35
24,GrabMart,598000.0,0.0,598000.0,,,https://www.grabmart.vn/search?q=8938636374542,2026-06-30 04:44:35
24,Pharmacity,620000.0,0.0,620000.0,,,https://www.pharmacity.vn/search?q=8938636374542,2026-06-30 04:44:35
24,Shopee,598000.0,30000.0,568000.0,Freeship Extra,Flash Sale,https://www.shopee.vn/search?q=8938636374542,2026-07-01 04:44:35
24,Lazada,531000.0,27000.0,504000.0,,Combo mua 2 giảm 5%,https://www.lazada.vn/search?q=8938636374542,2026-07-01 04:44:35
24,TikTok Shop,507000.0,51000.0,456000.0,,,https://www.tiktokshop.vn/search?q=8938636374542,2026-07-01 04:44:35
24,GrabMart,636000.0,0.0,636000.0,,,https://www.grabmart.vn/search?q=8938636374542,2026-07-01 04:44:35
24,Pharmacity,593000.0,0.0,593000.0,,,https://www.pharmacity.vn/search?q=8938636374542,2026-07-01 04:44:35
24,Shopee,543000.0,0.0,543000.0,Freeship Extra,,https://www.shopee.vn/search?q=8938636374542,2026-07-02 04:44:35
24,Lazada,520000.0,26000.0,494000.0,,,https://www.lazada.vn/search?q=8938636374542,2026-07-02 04:44:35
24,TikTok Shop,541000.0,81000.0,440000.0,Voucher Livestream 20k,,https://www.tiktokshop.vn/search?q=8938636374542,2026-07-02 04:44:35
24,GrabMart,599000.0,0.0,599000.0,,,https://www.grabmart.vn/search?q=8938636374542,2026-07-02 04:44:35
24,Pharmacity,594000.0,0.0,594000.0,,,https://www.pharmacity.vn/search?q=8938636374542,2026-07-02 04:44:35
24,Shopee,597000.0,90000.0,507000.0,Freeship Extra,,https://www.shopee.vn/search?q=8938636374542,2026-07-03 04:44:35
24,Lazada,554000.0,0.0,554000.0,Voucher tích lũy,,https://www.lazada.vn/search?q=8938636374542,2026-07-03 04:44:35
24,TikTok Shop,554000.0,0.0,554000.0,,Flash Sale hàng hiệu,https://www.tiktokshop.vn/search?q=8938636374542,2026-07-03 04:44:35
24,GrabMart,633000.0,0.0,633000.0,,,https://www.grabmart.vn/search?q=8938636374542,2026-07-03 04:44:35
24,Pharmacity,592000.0,30000.0,562000.0,,,https://www.pharmacity.vn/search?q=8938636374542,2026-07-03 04:44:35
24,Shopee,576000.0,29000.0,547000.0,Freeship Extra,,https://www.shopee.vn/search?q=8938636374542,2026-07-04 04:44:35
24,Lazada,524000.0,52000.0,472000.0,,,https://www.lazada.vn/search?q=8938636374542,2026-07-04 04:44:35
24,TikTok Shop,526000.0,79000.0,447000.0,,,https://www.tiktokshop.vn/search?q=8938636374542,2026-07-04 04:44:35
24,GrabMart,687000.0,0.0,687000.0,,,https://www.grabmart.vn/search?q=8938636374542,2026-07-04 04:44:35
24,Pharmacity,606000.0,30000.0,576000.0,,,https://www.pharmacity.vn/search?q=8938636374542,2026-07-04 04:44:35
24,Shopee,584000.0,0.0,584000.0,,,https://www.shopee.vn/search?q=8938636374542,2026-07-05 04:44:35
24,Lazada,574000.0,57000.0,517000.0,Voucher tích lũy,Combo mua 2 giảm 5%,https://www.lazada.vn/search?q=8938636374542,2026-07-05 04:44:35
24,TikTok Shop,576000.0,58000.0,518000.0,,,https://www.tiktokshop.vn/search?q=8938636374542,2026-07-05 04:44:35
24,GrabMart,625000.0,0.0,625000.0,,,https://www.grabmart.vn/search?q=8938636374542,2026-07-05 04:44:35
24,Pharmacity,583000.0,29000.0,554000.0,,,https://www.pharmacity.vn/search?q=8938636374542,2026-07-05 04:44:35
24,Shopee,577000.0,0.0,577000.0,Freeship Extra,Flash Sale,https://www.shopee.vn/search?q=8938636374542,2026-07-06 04:44:35
24,Lazada,534000.0,53000.0,481000.0,,Combo mua 2 giảm 5%,https://www.lazada.vn/search?q=8938636374542,2026-07-06 04:44:35
24,TikTok Shop,512000.0,0.0,512000.0,,Flash Sale hàng hiệu,https://www.tiktokshop.vn/search?q=8938636374542,2026-07-06 04:44:35
24,GrabMart,635000.0,0.0,635000.0,,,https://www.grabmart.vn/search?q=8938636374542,2026-07-06 04:44:35
24,Pharmacity,590000.0,0.0,590000.0,,,https://www.pharmacity.vn/search?q=8938636374542,2026-07-06 04:44:35
25,Shopee,100000.0,0.0,100000.0,,Flash Sale,https://www.shopee.vn/search?q=8936965827104,2026-06-30 04:44:35
25,Lazada,106000.0,11000.0,95000.0,Voucher tích lũy,Combo mua 2 giảm 5%,https://www.lazada.vn/search?q=8936965827104,2026-06-30 04:44:35
25,TikTok Shop,105000.0,0.0,105000.0,,Flash Sale hàng hiệu,https://www.tiktokshop.vn/search?q=8936965827104,2026-06-30 04:44:35
25,GrabMart,115000.0,0.0,115000.0,,,https://www.grabmart.vn/search?q=8936965827104,2026-06-30 04:44:35
25,Pharmacity,111000.0,0.0,111000.0,,,https://www.pharmacity.vn/search?q=8936965827104,2026-06-30 04:44:35
25,Shopee,113000.0,6000.0,107000.0,Freeship Extra,Flash Sale,https://www.shopee.vn/search?q=8936965827104,2026-07-01 04:44:35
25,Lazada,104000.0,10000.0,94000.0,,Combo mua 2 giảm 5%,https://www.lazada.vn/search?q=8936965827104,2026-07-01 04:44:35
25,TikTok Shop,105000.0,16000.0,89000.0,,,https://www.tiktokshop.vn/search?q=8936965827104,2026-07-01 04:44:35
25,GrabMart,118000.0,0.0,118000.0,,,https://www.grabmart.vn/search?q=8936965827104,2026-07-01 04:44:35
25,Pharmacity,118000.0,0.0,118000.0,,,https://www.pharmacity.vn/search?q=8936965827104,2026-07-01 04:44:35
25,Shopee,104000.0,0.0,94000.0,Mã giảm 10k,,https://www.shopee.vn/search?q=8936965827104,2026-07-02 04:44:35
25,Lazada,101000.0,10000.0,91000.0,,,https://www.lazada.vn/search?q=8936965827104,2026-07-02 04:44:35
25,TikTok Shop,95000.0,10000.0,65000.0,Voucher Livestream 20k,,https://www.tiktokshop.vn/search?q=8936965827104,2026-07-02 04:44:35
25,GrabMart,121000.0,0.0,121000.0,,,https://www.grabmart.vn/search?q=8936965827104,2026-07-02 04:44:35
25,Pharmacity,116000.0,6000.0,110000.0,,,https://www.pharmacity.vn/search?q=8936965827104,2026-07-02 04:44:35
25,Shopee,109000.0,0.0,109000.0,,Flash Sale,https://www.shopee.vn/search?q=8936965827104,2026-07-03 04:44:35
25,Lazada,110000.0,6000.0,104000.0,,Combo mua 2 giảm 5%,https://www.lazada.vn/search?q=8936965827104,2026-07-03 04:44:35
25,TikTok Shop,105000.0,16000.0,89000.0,,Flash Sale hàng hiệu,https://www.tiktokshop.vn/search?q=8936965827104,2026-07-03 04:44:35
25,GrabMart,122000.0,0.0,122000.0,,,https://www.grabmart.vn/search?q=8936965827104,2026-07-03 04:44:35
25,Pharmacity,113000.0,6000.0,107000.0,,,https://www.pharmacity.vn/search?q=8936965827104,2026-07-03 04:44:35
25,Shopee,111000.0,6000.0,95000.0,Mã giảm 10k,,https://www.shopee.vn/search?q=8936965827104,2026-07-04 04:44:35
25,Lazada,102000.0,0.0,102000.0,,,https://www.lazada.vn/search?q=8936965827104,2026-07-04 04:44:35
25,TikTok Shop,106000.0,0.0,106000.0,,,https://www.tiktokshop.vn/search?q=8936965827104,2026-07-04 04:44:35
25,GrabMart,118000.0,0.0,118000.0,,,https://www.grabmart.vn/search?q=8936965827104,2026-07-04 04:44:35
25,Pharmacity,114000.0,6000.0,108000.0,,,https://www.pharmacity.vn/search?q=8936965827104,2026-07-04 04:44:35
25,Shopee,112000.0,6000.0,106000.0,,Flash Sale,https://www.shopee.vn/search?q=8936965827104,2026-07-05 04:44:35
25,Lazada,102000.0,0.0,102000.0,Voucher tích lũy,Combo mua 2 giảm 5%,https://www.lazada.vn/search?q=8936965827104,2026-07-05 04:44:35
25,TikTok Shop,97000.0,0.0,77000.0,Voucher Livestream 20k,,https://www.tiktokshop.vn/search?q=8936965827104,2026-07-05 04:44:35
25,GrabMart,123000.0,0.0,123000.0,,,https://www.grabmart.vn/search?q=8936965827104,2026-07-05 04:44:35
25,Pharmacity,118000.0,0.0,118000.0,,,https://www.pharmacity.vn/search?q=8936965827104,2026-07-05 04:44:35
25,Shopee,100000.0,0.0,90000.0,Mã giảm 10k,,https://www.shopee.vn/search?q=8936965827104,2026-07-06 04:44:35
25,Lazada,111000.0,6000.0,105000.0,Voucher tích lũy,Combo mua 2 giảm 5%,https://www.lazada.vn/search?q=8936965827104,2026-07-06 04:44:35
25,TikTok Shop,94000.0,9000.0,85000.0,,Flash Sale hàng hiệu,https://www.tiktokshop.vn/search?q=8936965827104,2026-07-06 04:44:35
25,GrabMart,118000.0,0.0,118000.0,,,https://www.grabmart.vn/search?q=8936965827104,2026-07-06 04:44:35
25,Pharmacity,115000.0,6000.0,109000.0,,,https://www.pharmacity.vn/search?q=8936965827104,2026-07-06 04:44:35
26,Shopee,404000.0,0.0,394000.0,Mã giảm 10k,,https://www.shopee.vn/search?q=8937383206038,2026-06-30 04:44:35
26,Lazada,413000.0,21000.0,392000.0,Voucher tích lũy,,https://www.lazada.vn/search?q=8937383206038,2026-06-30 04:44:35
26,TikTok Shop,361000.0,0.0,341000.0,Voucher Livestream 20k,Flash Sale hàng hiệu,https://www.tiktokshop.vn/search?q=8937383206038,2026-06-30 04:44:35
26,GrabMart,496000.0,0.0,496000.0,,,https://www.grabmart.vn/search?q=8937383206038,2026-06-30 04:44:35
26,Pharmacity,446000.0,0.0,446000.0,,,https://www.pharmacity.vn/search?q=8937383206038,2026-06-30 04:44:35
26,Shopee,410000.0,0.0,410000.0,,,https://www.shopee.vn/search?q=8937383206038,2026-07-01 04:44:35
26,Lazada,420000.0,42000.0,378000.0,Voucher tích lũy,Combo mua 2 giảm 5%,https://www.lazada.vn/search?q=8937383206038,2026-07-01 04:44:35
26,TikTok Shop,379000.0,57000.0,322000.0,,,https://www.tiktokshop.vn/search?q=8937383206038,2026-07-01 04:44:35
26,GrabMart,465000.0,0.0,465000.0,,,https://www.grabmart.vn/search?q=8937383206038,2026-07-01 04:44:35
26,Pharmacity,436000.0,22000.0,414000.0,,,https://www.pharmacity.vn/search?q=8937383206038,2026-07-01 04:44:35
26,Shopee,365000.0,0.0,355000.0,Mã giảm 10k,,https://www.shopee.vn/search?q=8937383206038,2026-07-02 04:44:35
26,Lazada,386000.0,19000.0,367000.0,Voucher tích lũy,Combo mua 2 giảm 5%,https://www.lazada.vn/search?q=8937383206038,2026-07-02 04:44:35
26,TikTok Shop,396000.0,59000.0,317000.0,Voucher Livestream 20k,Flash Sale hàng hiệu,https://www.tiktokshop.vn/search?q=8937383206038,2026-07-02 04:44:35
26,GrabMart,461000.0,0.0,461000.0,,,https://www.grabmart.vn/search?q=8937383206038,2026-07-02 04:44:35
26,Pharmacity,424000.0,0.0,424000.0,,,https://www.pharmacity.vn/search?q=8937383206038,2026-07-02 04:44:35
26,Shopee,370000.0,0.0,370000.0,,,https://www.shopee.vn/search?q=8937383206038,2026-07-03 04:44:35
26,Lazada,382000.0,19000.0,363000.0,Voucher tích lũy,Combo mua 2 giảm 5%,https://www.lazada.vn/search?q=8937383206038,2026-07-03 04:44:35
26,TikTok Shop,356000.0,36000.0,320000.0,,Flash Sale hàng hiệu,https://www.tiktokshop.vn/search?q=8937383206038,2026-07-03 04:44:35
26,GrabMart,451000.0,0.0,451000.0,,,https://www.grabmart.vn/search?q=8937383206038,2026-07-03 04:44:35
26,Pharmacity,425000.0,0.0,425000.0,,,https://www.pharmacity.vn/search?q=8937383206038,2026-07-03 04:44:35
26,Shopee,366000.0,37000.0,329000.0,Freeship Extra,,https://www.shopee.vn/search?q=8937383206038,2026-07-04 04:44:35
26,Lazada,384000.0,19000.0,365000.0,,,https://www.lazada.vn/search?q=8937383206038,2026-07-04 04:44:35
26,TikTok Shop,397000.0,40000.0,337000.0,Voucher Livestream 20k,,https://www.tiktokshop.vn/search?q=8937383206038,2026-07-04 04:44:35
26,GrabMart,477000.0,0.0,477000.0,,,https://www.grabmart.vn/search?q=8937383206038,2026-07-04 04:44:35
26,Pharmacity,425000.0,0.0,425000.0,,,https://www.pharmacity.vn/search?q=8937383206038,2026-07-04 04:44:35
26,Shopee,362000.0,54000.0,298000.0,Mã giảm 10k,,https://www.shopee.vn/search?q=8937383206038,2026-07-05 04:44:35
26,Lazada,378000.0,0.0,378000.0,,,https://www.lazada.vn/search?q=8937383206038,2026-07-05 04:44:35
26,TikTok Shop,348000.0,0.0,348000.0,,,https://www.tiktokshop.vn/search?q=8937383206038,2026-07-05 04:44:35
26,GrabMart,487000.0,0.0,487000.0,,,https://www.grabmart.vn/search?q=8937383206038,2026-07-05 04:44:35
26,Pharmacity,428000.0,0.0,428000.0,,,https://www.pharmacity.vn/search?q=8937383206038,2026-07-05 04:44:35
26,Shopee,401000.0,40000.0,361000.0,,,https://www.shopee.vn/search?q=8937383206038,2026-07-06 04:44:35
26,Lazada,425000.0,0.0,425000.0,Voucher tích lũy,,https://www.lazada.vn/search?q=8937383206038,2026-07-06 04:44:35
26,TikTok Shop,354000.0,35000.0,319000.0,,,https://www.tiktokshop.vn/search?q=8937383206038,2026-07-06 04:44:35
26,GrabMart,495000.0,0.0,495000.0,,,https://www.grabmart.vn/search?q=8937383206038,2026-07-06 04:44:35
26,Pharmacity,418000.0,21000.0,397000.0,,,https://www.pharmacity.vn/search?q=8937383206038,2026-07-06 04:44:35
27,Shopee,267000.0,40000.0,217000.0,Mã giảm 10k,Flash Sale,https://www.shopee.vn/search?q=8936253244729,2026-06-30 04:44:35
27,Lazada,248000.0,12000.0,236000.0,Voucher tích lũy,,https://www.lazada.vn/search?q=8936253244729,2026-06-30 04:44:35
27,TikTok Shop,248000.0,37000.0,211000.0,,,https://www.tiktokshop.vn/search?q=8936253244729,2026-06-30 04:44:35
27,GrabMart,328000.0,0.0,328000.0,,,https://www.grabmart.vn/search?q=8936253244729,2026-06-30 04:44:35
27,Pharmacity,290000.0,14000.0,276000.0,,,https://www.pharmacity.vn/search?q=8936253244729,2026-06-30 04:44:35
27,Shopee,259000.0,39000.0,210000.0,Mã giảm 10k,Flash Sale,https://www.shopee.vn/search?q=8936253244729,2026-07-01 04:44:35
27,Lazada,259000.0,0.0,259000.0,,Combo mua 2 giảm 5%,https://www.lazada.vn/search?q=8936253244729,2026-07-01 04:44:35
27,TikTok Shop,256000.0,0.0,236000.0,Voucher Livestream 20k,,https://www.tiktokshop.vn/search?q=8936253244729,2026-07-01 04:44:35
27,GrabMart,320000.0,0.0,320000.0,,,https://www.grabmart.vn/search?q=8936253244729,2026-07-01 04:44:35
27,Pharmacity,284000.0,14000.0,270000.0,,,https://www.pharmacity.vn/search?q=8936253244729,2026-07-01 04:44:35
27,Shopee,272000.0,14000.0,258000.0,,,https://www.shopee.vn/search?q=8936253244729,2026-07-02 04:44:35
27,Lazada,254000.0,0.0,254000.0,Voucher tích lũy,,https://www.lazada.vn/search?q=8936253244729,2026-07-02 04:44:35
27,TikTok Shop,264000.0,0.0,244000.0,Voucher Livestream 20k,Flash Sale hàng hiệu,https://www.tiktokshop.vn/search?q=8936253244729,2026-07-02 04:44:35
27,GrabMart,326000.0,0.0,326000.0,,,https://www.grabmart.vn/search?q=8936253244729,2026-07-02 04:44:35
27,Pharmacity,294000.0,0.0,294000.0,,,https://www.pharmacity.vn/search?q=8936253244729,2026-07-02 04:44:35
27,Shopee,245000.0,24000.0,221000.0,Freeship Extra,Flash Sale,https://www.shopee.vn/search?q=8936253244729,2026-07-03 04:44:35
27,Lazada,277000.0,0.0,277000.0,Voucher tích lũy,,https://www.lazada.vn/search?q=8936253244729,2026-07-03 04:44:35
27,TikTok Shop,255000.0,0.0,235000.0,Voucher Livestream 20k,Flash Sale hàng hiệu,https://www.tiktokshop.vn/search?q=8936253244729,2026-07-03 04:44:35
27,GrabMart,291000.0,0.0,291000.0,,,https://www.grabmart.vn/search?q=8936253244729,2026-07-03 04:44:35
27,Pharmacity,275000.0,0.0,275000.0,,,https://www.pharmacity.vn/search?q=8936253244729,2026-07-03 04:44:35
27,Shopee,248000.0,12000.0,236000.0,,Flash Sale,https://www.shopee.vn/search?q=8936253244729,2026-07-04 04:44:35
27,Lazada,246000.0,25000.0,221000.0,,,https://www.lazada.vn/search?q=8936253244729,2026-07-04 04:44:35
27,TikTok Shop,244000.0,0.0,224000.0,Voucher Livestream 20k,,https://www.tiktokshop.vn/search?q=8936253244729,2026-07-04 04:44:35
27,GrabMart,284000.0,0.0,284000.0,,,https://www.grabmart.vn/search?q=8936253244729,2026-07-04 04:44:35
27,Pharmacity,286000.0,0.0,286000.0,,,https://www.pharmacity.vn/search?q=8936253244729,2026-07-04 04:44:35
27,Shopee,273000.0,27000.0,246000.0,,Flash Sale,https://www.shopee.vn/search?q=8936253244729,2026-07-05 04:44:35
27,Lazada,270000.0,27000.0,243000.0,Voucher tích lũy,,https://www.lazada.vn/search?q=8936253244729,2026-07-05 04:44:35
27,TikTok Shop,244000.0,24000.0,220000.0,,,https://www.tiktokshop.vn/search?q=8936253244729,2026-07-05 04:44:35
27,GrabMart,317000.0,0.0,317000.0,,,https://www.grabmart.vn/search?q=8936253244729,2026-07-05 04:44:35
27,Pharmacity,283000.0,14000.0,269000.0,,,https://www.pharmacity.vn/search?q=8936253244729,2026-07-05 04:44:35
27,Shopee,267000.0,13000.0,254000.0,Freeship Extra,Flash Sale,https://www.shopee.vn/search?q=8936253244729,2026-07-06 04:44:35
27,Lazada,254000.0,25000.0,229000.0,,Combo mua 2 giảm 5%,https://www.lazada.vn/search?q=8936253244729,2026-07-06 04:44:35
27,TikTok Shop,243000.0,36000.0,187000.0,Voucher Livestream 20k,,https://www.tiktokshop.vn/search?q=8936253244729,2026-07-06 04:44:35
27,GrabMart,291000.0,0.0,291000.0,,,https://www.grabmart.vn/search?q=8936253244729,2026-07-06 04:44:35
27,Pharmacity,275000.0,14000.0,261000.0,,,https://www.pharmacity.vn/search?q=8936253244729,2026-07-06 04:44:35
28,Shopee,440000.0,0.0,440000.0,Freeship Extra,Flash Sale,https://www.shopee.vn/search?q=8939391725136,2026-06-30 04:44:35
28,Lazada,470000.0,24000.0,446000.0,,,https://www.lazada.vn/search?q=8939391725136,2026-06-30 04:44:35
28,TikTok Shop,468000.0,47000.0,401000.0,Voucher Livestream 20k,,https://www.tiktokshop.vn/search?q=8939391725136,2026-06-30 04:44:35
28,GrabMart,568000.0,0.0,568000.0,,,https://www.grabmart.vn/search?q=8939391725136,2026-06-30 04:44:35
28,Pharmacity,495000.0,25000.0,470000.0,,,https://www.pharmacity.vn/search?q=8939391725136,2026-06-30 04:44:35
28,Shopee,487000.0,24000.0,453000.0,Mã giảm 10k,Flash Sale,https://www.shopee.vn/search?q=8939391725136,2026-07-01 04:44:35
28,Lazada,496000.0,25000.0,471000.0,Voucher tích lũy,,https://www.lazada.vn/search?q=8939391725136,2026-07-01 04:44:35
28,TikTok Shop,479000.0,72000.0,407000.0,,,https://www.tiktokshop.vn/search?q=8939391725136,2026-07-01 04:44:35
28,GrabMart,546000.0,0.0,546000.0,,,https://www.grabmart.vn/search?q=8939391725136,2026-07-01 04:44:35
28,Pharmacity,522000.0,0.0,522000.0,,,https://www.pharmacity.vn/search?q=8939391725136,2026-07-01 04:44:35
28,Shopee,451000.0,45000.0,396000.0,Mã giảm 10k,,https://www.shopee.vn/search?q=8939391725136,2026-07-02 04:44:35
28,Lazada,447000.0,0.0,447000.0,Voucher tích lũy,,https://www.lazada.vn/search?q=8939391725136,2026-07-02 04:44:35
28,TikTok Shop,471000.0,71000.0,400000.0,,Flash Sale hàng hiệu,https://www.tiktokshop.vn/search?q=8939391725136,2026-07-02 04:44:35
28,GrabMart,558000.0,0.0,558000.0,,,https://www.grabmart.vn/search?q=8939391725136,2026-07-02 04:44:35
28,Pharmacity,516000.0,26000.0,490000.0,,,https://www.pharmacity.vn/search?q=8939391725136,2026-07-02 04:44:35
28,Shopee,485000.0,73000.0,412000.0,Freeship Extra,,https://www.shopee.vn/search?q=8939391725136,2026-07-03 04:44:35
28,Lazada,479000.0,24000.0,455000.0,,,https://www.lazada.vn/search?q=8939391725136,2026-07-03 04:44:35
28,TikTok Shop,420000.0,0.0,420000.0,,Flash Sale hàng hiệu,https://www.tiktokshop.vn/search?q=8939391725136,2026-07-03 04:44:35
28,GrabMart,566000.0,0.0,566000.0,,,https://www.grabmart.vn/search?q=8939391725136,2026-07-03 04:44:35
28,Pharmacity,519000.0,26000.0,493000.0,,,https://www.pharmacity.vn/search?q=8939391725136,2026-07-03 04:44:35
28,Shopee,481000.0,48000.0,433000.0,,,https://www.shopee.vn/search?q=8939391725136,2026-07-04 04:44:35
28,Lazada,445000.0,44000.0,401000.0,Voucher tích lũy,,https://www.lazada.vn/search?q=8939391725136,2026-07-04 04:44:35
28,TikTok Shop,416000.0,0.0,396000.0,Voucher Livestream 20k,,https://www.tiktokshop.vn/search?q=8939391725136,2026-07-04 04:44:35
28,GrabMart,533000.0,0.0,533000.0,,,https://www.grabmart.vn/search?q=8939391725136,2026-07-04 04:44:35
28,Pharmacity,517000.0,26000.0,491000.0,,,https://www.pharmacity.vn/search?q=8939391725136,2026-07-04 04:44:35
28,Shopee,443000.0,0.0,443000.0,,,https://www.shopee.vn/search?q=8939391725136,2026-07-05 04:44:35
28,Lazada,481000.0,0.0,481000.0,Voucher tích lũy,,https://www.lazada.vn/search?q=8939391725136,2026-07-05 04:44:35
28,TikTok Shop,437000.0,44000.0,373000.0,Voucher Livestream 20k,Flash Sale hàng hiệu,https://www.tiktokshop.vn/search?q=8939391725136,2026-07-05 04:44:35
28,GrabMart,582000.0,0.0,582000.0,,,https://www.grabmart.vn/search?q=8939391725136,2026-07-05 04:44:35
28,Pharmacity,503000.0,25000.0,478000.0,,,https://www.pharmacity.vn/search?q=8939391725136,2026-07-05 04:44:35
28,Shopee,442000.0,66000.0,366000.0,Mã giảm 10k,,https://www.shopee.vn/search?q=8939391725136,2026-07-06 04:44:35
28,Lazada,470000.0,24000.0,446000.0,Voucher tích lũy,Combo mua 2 giảm 5%,https://www.lazada.vn/search?q=8939391725136,2026-07-06 04:44:35
28,TikTok Shop,433000.0,43000.0,390000.0,,,https://www.tiktokshop.vn/search?q=8939391725136,2026-07-06 04:44:35
28,GrabMart,571000.0,0.0,571000.0,,,https://www.grabmart.vn/search?q=8939391725136,2026-07-06 04:44:35
28,Pharmacity,517000.0,0.0,517000.0,,,https://www.pharmacity.vn/search?q=8939391725136,2026-07-06 04:44:35
29,Shopee,95000.0,0.0,85000.0,Mã giảm 10k,,https://www.shopee.vn/search?q=8939380686875,2026-06-30 04:44:35
29,Lazada,97000.0,10000.0,87000.0,,,https://www.lazada.vn/search?q=8939380686875,2026-06-30 04:44:35
29,TikTok Shop,100000.0,10000.0,90000.0,,,https://www.tiktokshop.vn/search?q=8939380686875,2026-06-30 04:44:35
29,GrabMart,120000.0,0.0,120000.0,,,https://www.grabmart.vn/search?q=8939380686875,2026-06-30 04:44:35
29,Pharmacity,107000.0,0.0,107000.0,,,https://www.pharmacity.vn/search?q=8939380686875,2026-06-30 04:44:35
29,Shopee,88000.0,0.0,88000.0,Freeship Extra,Flash Sale,https://www.shopee.vn/search?q=8939380686875,2026-07-01 04:44:35
29,Lazada,93000.0,9000.0,84000.0,,Combo mua 2 giảm 5%,https://www.lazada.vn/search?q=8939380686875,2026-07-01 04:44:35
29,TikTok Shop,89000.0,13000.0,76000.0,,,https://www.tiktokshop.vn/search?q=8939380686875,2026-07-01 04:44:35
29,GrabMart,110000.0,0.0,110000.0,,,https://www.grabmart.vn/search?q=8939380686875,2026-07-01 04:44:35
29,Pharmacity,104000.0,5000.0,99000.0,,,https://www.pharmacity.vn/search?q=8939380686875,2026-07-01 04:44:35
29,Shopee,102000.0,15000.0,87000.0,,Flash Sale,https://www.shopee.vn/search?q=8939380686875,2026-07-02 04:44:35
29,Lazada,92000.0,0.0,92000.0,,,https://www.lazada.vn/search?q=8939380686875,2026-07-02 04:44:35
29,TikTok Shop,100000.0,15000.0,85000.0,,Flash Sale hàng hiệu,https://www.tiktokshop.vn/search?q=8939380686875,2026-07-02 04:44:35
29,GrabMart,119000.0,0.0,119000.0,,,https://www.grabmart.vn/search?q=8939380686875,2026-07-02 04:44:35
29,Pharmacity,107000.0,5000.0,102000.0,,,https://www.pharmacity.vn/search?q=8939380686875,2026-07-02 04:44:35
29,Shopee,92000.0,14000.0,78000.0,Freeship Extra,Flash Sale,https://www.shopee.vn/search?q=8939380686875,2026-07-03 04:44:35
29,Lazada,91000.0,5000.0,86000.0,Voucher tích lũy,,https://www.lazada.vn/search?q=8939380686875,2026-07-03 04:44:35
29,TikTok Shop,94000.0,14000.0,60000.0,Voucher Livestream 20k,,https://www.tiktokshop.vn/search?q=8939380686875,2026-07-03 04:44:35
29,GrabMart,111000.0,0.0,111000.0,,,https://www.grabmart.vn/search?q=8939380686875,2026-07-03 04:44:35
29,Pharmacity,107000.0,0.0,107000.0,,,https://www.pharmacity.vn/search?q=8939380686875,2026-07-03 04:44:35
29,Shopee,88000.0,13000.0,65000.0,Mã giảm 10k,Flash Sale,https://www.shopee.vn/search?q=8939380686875,2026-07-04 04:44:35
29,Lazada,91000.0,5000.0,86000.0,Voucher tích lũy,Combo mua 2 giảm 5%,https://www.lazada.vn/search?q=8939380686875,2026-07-04 04:44:35
29,TikTok Shop,98000.0,15000.0,83000.0,,,https://www.tiktokshop.vn/search?q=8939380686875,2026-07-04 04:44:35
29,GrabMart,106000.0,0.0,106000.0,,,https://www.grabmart.vn/search?q=8939380686875,2026-07-04 04:44:35
29,Pharmacity,108000.0,5000.0,103000.0,,,https://www.pharmacity.vn/search?q=8939380686875,2026-07-04 04:44:35
29,Shopee,100000.0,10000.0,80000.0,Mã giảm 10k,Flash Sale,https://www.shopee.vn/search?q=8939380686875,2026-07-05 04:44:35
29,Lazada,98000.0,0.0,98000.0,,Combo mua 2 giảm 5%,https://www.lazada.vn/search?q=8939380686875,2026-07-05 04:44:35
29,TikTok Shop,88000.0,9000.0,59000.0,Voucher Livestream 20k,Flash Sale hàng hiệu,https://www.tiktokshop.vn/search?q=8939380686875,2026-07-05 04:44:35
29,GrabMart,118000.0,0.0,118000.0,,,https://www.grabmart.vn/search?q=8939380686875,2026-07-05 04:44:35
29,Pharmacity,105000.0,0.0,105000.0,,,https://www.pharmacity.vn/search?q=8939380686875,2026-07-05 04:44:35
29,Shopee,88000.0,13000.0,75000.0,,,https://www.shopee.vn/search?q=8939380686875,2026-07-06 04:44:35
29,Lazada,92000.0,0.0,92000.0,,,https://www.lazada.vn/search?q=8939380686875,2026-07-06 04:44:35
29,TikTok Shop,85000.0,0.0,65000.0,Voucher Livestream 20k,,https://www.tiktokshop.vn/search?q=8939380686875,2026-07-06 04:44:35
29,GrabMart,109000.0,0.0,109000.0,,,https://www.grabmart.vn/search?q=8939380686875,2026-07-06 04:44:35
29,Pharmacity,107000.0,5000.0,102000.0,,,https://www.pharmacity.vn/search?q=8939380686875,2026-07-06 04:44:35
30,Shopee,318000.0,32000.0,286000.0,Freeship Extra,,https://www.shopee.vn/search?q=8935797279853,2026-06-30 04:44:35
30,Lazada,295000.0,15000.0,280000.0,,,https://www.lazada.vn/search?q=8935797279853,2026-06-30 04:44:35
30,TikTok Shop,309000.0,0.0,309000.0,,,https://www.tiktokshop.vn/search?q=8935797279853,2026-06-30 04:44:35
30,GrabMart,362000.0,0.0,362000.0,,,https://www.grabmart.vn/search?q=8935797279853,2026-06-30 04:44:35
30,Pharmacity,323000.0,16000.0,307000.0,,,https://www.pharmacity.vn/search?q=8935797279853,2026-06-30 04:44:35
30,Shopee,301000.0,0.0,291000.0,Mã giảm 10k,,https://www.shopee.vn/search?q=8935797279853,2026-07-01 04:44:35
30,Lazada,309000.0,31000.0,278000.0,,,https://www.lazada.vn/search?q=8935797279853,2026-07-01 04:44:35
30,TikTok Shop,277000.0,28000.0,229000.0,Voucher Livestream 20k,Flash Sale hàng hiệu,https://www.tiktokshop.vn/search?q=8935797279853,2026-07-01 04:44:35
30,GrabMart,374000.0,0.0,374000.0,,,https://www.grabmart.vn/search?q=8935797279853,2026-07-01 04:44:35
30,Pharmacity,336000.0,17000.0,319000.0,,,https://www.pharmacity.vn/search?q=8935797279853,2026-07-01 04:44:35
30,Shopee,287000.0,43000.0,234000.0,Mã giảm 10k,Flash Sale,https://www.shopee.vn/search?q=8935797279853,2026-07-02 04:44:35
30,Lazada,307000.0,0.0,307000.0,Voucher tích lũy,Combo mua 2 giảm 5%,https://www.lazada.vn/search?q=8935797279853,2026-07-02 04:44:35
30,TikTok Shop,280000.0,0.0,260000.0,Voucher Livestream 20k,,https://www.tiktokshop.vn/search?q=8935797279853,2026-07-02 04:44:35
30,GrabMart,344000.0,0.0,344000.0,,,https://www.grabmart.vn/search?q=8935797279853,2026-07-02 04:44:35
30,Pharmacity,323000.0,16000.0,307000.0,,,https://www.pharmacity.vn/search?q=8935797279853,2026-07-02 04:44:35
30,Shopee,319000.0,32000.0,287000.0,Freeship Extra,Flash Sale,https://www.shopee.vn/search?q=8935797279853,2026-07-03 04:44:35
30,Lazada,291000.0,29000.0,262000.0,,,https://www.lazada.vn/search?q=8935797279853,2026-07-03 04:44:35
30,TikTok Shop,307000.0,46000.0,241000.0,Voucher Livestream 20k,Flash Sale hàng hiệu,https://www.tiktokshop.vn/search?q=8935797279853,2026-07-03 04:44:35
30,GrabMart,363000.0,0.0,363000.0,,,https://www.grabmart.vn/search?q=8935797279853,2026-07-03 04:44:35
30,Pharmacity,333000.0,17000.0,316000.0,,,https://www.pharmacity.vn/search?q=8935797279853,2026-07-03 04:44:35
30,Shopee,327000.0,33000.0,284000.0,Mã giảm 10k,Flash Sale,https://www.shopee.vn/search?q=8935797279853,2026-07-04 04:44:35
30,Lazada,299000.0,0.0,299000.0,,Combo mua 2 giảm 5%,https://www.lazada.vn/search?q=8935797279853,2026-07-04 04:44:35
30,TikTok Shop,302000.0,0.0,282000.0,Voucher Livestream 20k,Flash Sale hàng hiệu,https://www.tiktokshop.vn/search?q=8935797279853,2026-07-04 04:44:35
30,GrabMart,353000.0,0.0,353000.0,,,https://www.grabmart.vn/search?q=8935797279853,2026-07-04 04:44:35
30,Pharmacity,336000.0,0.0,336000.0,,,https://www.pharmacity.vn/search?q=8935797279853,2026-07-04 04:44:35
30,Shopee,289000.0,43000.0,246000.0,,Flash Sale,https://www.shopee.vn/search?q=8935797279853,2026-07-05 04:44:35
30,Lazada,313000.0,31000.0,282000.0,,Combo mua 2 giảm 5%,https://www.lazada.vn/search?q=8935797279853,2026-07-05 04:44:35
30,TikTok Shop,299000.0,0.0,279000.0,Voucher Livestream 20k,,https://www.tiktokshop.vn/search?q=8935797279853,2026-07-05 04:44:35
30,GrabMart,366000.0,0.0,366000.0,,,https://www.grabmart.vn/search?q=8935797279853,2026-07-05 04:44:35
30,Pharmacity,324000.0,16000.0,308000.0,,,https://www.pharmacity.vn/search?q=8935797279853,2026-07-05 04:44:35
30,Shopee,294000.0,29000.0,255000.0,Mã giảm 10k,,https://www.shopee.vn/search?q=8935797279853,2026-07-06 04:44:35
30,Lazada,302000.0,30000.0,272000.0,,Combo mua 2 giảm 5%,https://www.lazada.vn/search?q=8935797279853,2026-07-06 04:44:35
30,TikTok Shop,311000.0,47000.0,264000.0,,Flash Sale hàng hiệu,https://www.tiktokshop.vn/search?q=8935797279853,2026-07-06 04:44:35
30,GrabMart,355000.0,0.0,355000.0,,,https://www.grabmart.vn/search?q=8935797279853,2026-07-06 04:44:35
30,Pharmacity,326000.0,0.0,326000.0,,,https://www.pharmacity.vn/search?q=8935797279853,2026-07-06 04:44:35
31,Shopee,261000.0,26000.0,235000.0,,,https://www.shopee.vn/search?q=8939725217528,2026-06-30 04:44:35
31,Lazada,292000.0,0.0,292000.0,Voucher tích lũy,,https://www.lazada.vn/search?q=8939725217528,2026-06-30 04:44:35
31,TikTok Shop,258000.0,26000.0,212000.0,Voucher Livestream 20k,Flash Sale hàng hiệu,https://www.tiktokshop.vn/search?q=8939725217528,2026-06-30 04:44:35
31,GrabMart,332000.0,0.0,332000.0,,,https://www.grabmart.vn/search?q=8939725217528,2026-06-30 04:44:35
31,Pharmacity,312000.0,0.0,312000.0,,,https://www.pharmacity.vn/search?q=8939725217528,2026-06-30 04:44:35
31,Shopee,263000.0,13000.0,250000.0,Freeship Extra,Flash Sale,https://www.shopee.vn/search?q=8939725217528,2026-07-01 04:44:35
31,Lazada,306000.0,15000.0,291000.0,,,https://www.lazada.vn/search?q=8939725217528,2026-07-01 04:44:35
31,TikTok Shop,285000.0,43000.0,242000.0,,,https://www.tiktokshop.vn/search?q=8939725217528,2026-07-01 04:44:35
31,GrabMart,346000.0,0.0,346000.0,,,https://www.grabmart.vn/search?q=8939725217528,2026-07-01 04:44:35
31,Pharmacity,309000.0,0.0,309000.0,,,https://www.pharmacity.vn/search?q=8939725217528,2026-07-01 04:44:35
31,Shopee,266000.0,27000.0,239000.0,,,https://www.shopee.vn/search?q=8939725217528,2026-07-02 04:44:35
31,Lazada,301000.0,15000.0,286000.0,Voucher tích lũy,Combo mua 2 giảm 5%,https://www.lazada.vn/search?q=8939725217528,2026-07-02 04:44:35
31,TikTok Shop,288000.0,43000.0,225000.0,Voucher Livestream 20k,Flash Sale hàng hiệu,https://www.tiktokshop.vn/search?q=8939725217528,2026-07-02 04:44:35
31,GrabMart,355000.0,0.0,355000.0,,,https://www.grabmart.vn/search?q=8939725217528,2026-07-02 04:44:35
31,Pharmacity,323000.0,16000.0,307000.0,,,https://www.pharmacity.vn/search?q=8939725217528,2026-07-02 04:44:35
31,Shopee,311000.0,47000.0,254000.0,Mã giảm 10k,,https://www.shopee.vn/search?q=8939725217528,2026-07-03 04:44:35
31,Lazada,276000.0,14000.0,262000.0,,,https://www.lazada.vn/search?q=8939725217528,2026-07-03 04:44:35
31,TikTok Shop,262000.0,0.0,262000.0,,,https://www.tiktokshop.vn/search?q=8939725217528,2026-07-03 04:44:35
31,GrabMart,340000.0,0.0,340000.0,,,https://www.grabmart.vn/search?q=8939725217528,2026-07-03 04:44:35
31,Pharmacity,305000.0,15000.0,290000.0,,,https://www.pharmacity.vn/search?q=8939725217528,2026-07-03 04:44:35
31,Shopee,296000.0,0.0,286000.0,Mã giảm 10k,Flash Sale,https://www.shopee.vn/search?q=8939725217528,2026-07-04 04:44:35
31,Lazada,299000.0,30000.0,269000.0,,,https://www.lazada.vn/search?q=8939725217528,2026-07-04 04:44:35
31,TikTok Shop,284000.0,43000.0,241000.0,,,https://www.tiktokshop.vn/search?q=8939725217528,2026-07-04 04:44:35
31,GrabMart,346000.0,0.0,346000.0,,,https://www.grabmart.vn/search?q=8939725217528,2026-07-04 04:44:35
31,Pharmacity,311000.0,16000.0,295000.0,,,https://www.pharmacity.vn/search?q=8939725217528,2026-07-04 04:44:35
31,Shopee,267000.0,27000.0,230000.0,Mã giảm 10k,,https://www.shopee.vn/search?q=8939725217528,2026-07-05 04:44:35
31,Lazada,278000.0,28000.0,250000.0,,Combo mua 2 giảm 5%,https://www.lazada.vn/search?q=8939725217528,2026-07-05 04:44:35
31,TikTok Shop,272000.0,0.0,252000.0,Voucher Livestream 20k,,https://www.tiktokshop.vn/search?q=8939725217528,2026-07-05 04:44:35
31,GrabMart,332000.0,0.0,332000.0,,,https://www.grabmart.vn/search?q=8939725217528,2026-07-05 04:44:35
31,Pharmacity,321000.0,0.0,321000.0,,,https://www.pharmacity.vn/search?q=8939725217528,2026-07-05 04:44:35
31,Shopee,275000.0,0.0,265000.0,Mã giảm 10k,,https://www.shopee.vn/search?q=8939725217528,2026-07-06 04:44:35
31,Lazada,293000.0,15000.0,278000.0,,Combo mua 2 giảm 5%,https://www.lazada.vn/search?q=8939725217528,2026-07-06 04:44:35
31,TikTok Shop,287000.0,29000.0,258000.0,,,https://www.tiktokshop.vn/search?q=8939725217528,2026-07-06 04:44:35
31,GrabMart,338000.0,0.0,338000.0,,,https://www.grabmart.vn/search?q=8939725217528,2026-07-06 04:44:35
31,Pharmacity,321000.0,16000.0,305000.0,,,https://www.pharmacity.vn/search?q=8939725217528,2026-07-06 04:44:35
32,Shopee,133000.0,13000.0,110000.0,Mã giảm 10k,Flash Sale,https://www.shopee.vn/search?q=8931197218119,2026-06-30 04:44:35
32,Lazada,127000.0,0.0,127000.0,,Combo mua 2 giảm 5%,https://www.lazada.vn/search?q=8931197218119,2026-06-30 04:44:35
32,TikTok Shop,126000.0,19000.0,87000.0,Voucher Livestream 20k,Flash Sale hàng hiệu,https://www.tiktokshop.vn/search?q=8931197218119,2026-06-30 04:44:35
32,GrabMart,163000.0,0.0,163000.0,,,https://www.grabmart.vn/search?q=8931197218119,2026-06-30 04:44:35
32,Pharmacity,142000.0,0.0,142000.0,,,https://www.pharmacity.vn/search?q=8931197218119,2026-06-30 04:44:35
32,Shopee,122000.0,6000.0,116000.0,Freeship Extra,,https://www.shopee.vn/search?q=8931197218119,2026-07-01 04:44:35
32,Lazada,132000.0,7000.0,125000.0,Voucher tích lũy,,https://www.lazada.vn/search?q=8931197218119,2026-07-01 04:44:35
32,TikTok Shop,126000.0,13000.0,113000.0,,,https://www.tiktokshop.vn/search?q=8931197218119,2026-07-01 04:44:35
32,GrabMart,155000.0,0.0,155000.0,,,https://www.grabmart.vn/search?q=8931197218119,2026-07-01 04:44:35
32,Pharmacity,151000.0,8000.0,143000.0,,,https://www.pharmacity.vn/search?q=8931197218119,2026-07-01 04:44:35
32,Shopee,142000.0,21000.0,111000.0,Mã giảm 10k,,https://www.shopee.vn/search?q=8931197218119,2026-07-02 04:44:35
32,Lazada,128000.0,13000.0,115000.0,,,https://www.lazada.vn/search?q=8931197218119,2026-07-02 04:44:35
32,TikTok Shop,120000.0,18000.0,82000.0,Voucher Livestream 20k,Flash Sale hàng hiệu,https://www.tiktokshop.vn/search?q=8931197218119,2026-07-02 04:44:35
32,GrabMart,150000.0,0.0,150000.0,,,https://www.grabmart.vn/search?q=8931197218119,2026-07-02 04:44:35
32,Pharmacity,145000.0,7000.0,138000.0,,,https://www.pharmacity.vn/search?q=8931197218119,2026-07-02 04:44:35
32,Shopee,136000.0,7000.0,119000.0,Mã giảm 10k,Flash Sale,https://www.shopee.vn/search?q=8931197218119,2026-07-03 04:44:35
32,Lazada,128000.0,6000.0,122000.0,Voucher tích lũy,,https://www.lazada.vn/search?q=8931197218119,2026-07-03 04:44:35
32,TikTok Shop,119000.0,18000.0,81000.0,Voucher Livestream 20k,,https://www.tiktokshop.vn/search?q=8931197218119,2026-07-03 04:44:35
32,GrabMart,162000.0,0.0,162000.0,,,https://www.grabmart.vn/search?q=8931197218119,2026-07-03 04:44:35
32,Pharmacity,148000.0,0.0,148000.0,,,https://www.pharmacity.vn/search?q=8931197218119,2026-07-03 04:44:35
32,Shopee,145000.0,14000.0,131000.0,Freeship Extra,,https://www.shopee.vn/search?q=8931197218119,2026-07-04 04:44:35
32,Lazada,134000.0,13000.0,121000.0,,Combo mua 2 giảm 5%,https://www.lazada.vn/search?q=8931197218119,2026-07-04 04:44:35
32,TikTok Shop,126000.0,19000.0,87000.0,Voucher Livestream 20k,,https://www.tiktokshop.vn/search?q=8931197218119,2026-07-04 04:44:35
32,GrabMart,165000.0,0.0,165000.0,,,https://www.grabmart.vn/search?q=8931197218119,2026-07-04 04:44:35
32,Pharmacity,147000.0,0.0,147000.0,,,https://www.pharmacity.vn/search?q=8931197218119,2026-07-04 04:44:35
32,Shopee,122000.0,6000.0,116000.0,Freeship Extra,Flash Sale,https://www.shopee.vn/search?q=8931197218119,2026-07-05 04:44:35
32,Lazada,141000.0,0.0,141000.0,,Combo mua 2 giảm 5%,https://www.lazada.vn/search?q=8931197218119,2026-07-05 04:44:35
32,TikTok Shop,125000.0,12000.0,93000.0,Voucher Livestream 20k,,https://www.tiktokshop.vn/search?q=8931197218119,2026-07-05 04:44:35
32,GrabMart,157000.0,0.0,157000.0,,,https://www.grabmart.vn/search?q=8931197218119,2026-07-05 04:44:35
32,Pharmacity,147000.0,7000.0,140000.0,,,https://www.pharmacity.vn/search?q=8931197218119,2026-07-05 04:44:35
32,Shopee,131000.0,7000.0,124000.0,,Flash Sale,https://www.shopee.vn/search?q=8931197218119,2026-07-06 04:44:35
32,Lazada,134000.0,13000.0,121000.0,Voucher tích lũy,,https://www.lazada.vn/search?q=8931197218119,2026-07-06 04:44:35
32,TikTok Shop,138000.0,14000.0,104000.0,Voucher Livestream 20k,,https://www.tiktokshop.vn/search?q=8931197218119,2026-07-06 04:44:35
32,GrabMart,169000.0,0.0,169000.0,,,https://www.grabmart.vn/search?q=8931197218119,2026-07-06 04:44:35
32,Pharmacity,149000.0,0.0,149000.0,,,https://www.pharmacity.vn/search?q=8931197218119,2026-07-06 04:44:35
33,Shopee,508000.0,51000.0,457000.0,,,https://www.shopee.vn/search?q=8938801994889,2026-06-30 04:44:35
33,Lazada,497000.0,25000.0,472000.0,Voucher tích lũy,Combo mua 2 giảm 5%,https://www.lazada.vn/search?q=8938801994889,2026-06-30 04:44:35
33,TikTok Shop,473000.0,0.0,473000.0,,,https://www.tiktokshop.vn/search?q=8938801994889,2026-06-30 04:44:35
33,GrabMart,512000.0,0.0,512000.0,,,https://www.grabmart.vn/search?q=8938801994889,2026-06-30 04:44:35
33,Pharmacity,509000.0,25000.0,484000.0,,,https://www.pharmacity.vn/search?q=8938801994889,2026-06-30 04:44:35
33,Shopee,474000.0,47000.0,427000.0,Freeship Extra,,https://www.shopee.vn/search?q=8938801994889,2026-07-01 04:44:35
33,Lazada,447000.0,0.0,447000.0,Voucher tích lũy,,https://www.lazada.vn/search?q=8938801994889,2026-07-01 04:44:35
33,TikTok Shop,482000.0,72000.0,390000.0,Voucher Livestream 20k,,https://www.tiktokshop.vn/search?q=8938801994889,2026-07-01 04:44:35
33,GrabMart,533000.0,0.0,533000.0,,,https://www.grabmart.vn/search?q=8938801994889,2026-07-01 04:44:35
33,Pharmacity,503000.0,0.0,503000.0,,,https://www.pharmacity.vn/search?q=8938801994889,2026-07-01 04:44:35
33,Shopee,506000.0,76000.0,430000.0,,Flash Sale,https://www.shopee.vn/search?q=8938801994889,2026-07-02 04:44:35
33,Lazada,496000.0,0.0,496000.0,Voucher tích lũy,,https://www.lazada.vn/search?q=8938801994889,2026-07-02 04:44:35
33,TikTok Shop,476000.0,0.0,476000.0,,Flash Sale hàng hiệu,https://www.tiktokshop.vn/search?q=8938801994889,2026-07-02 04:44:35
33,GrabMart,550000.0,0.0,550000.0,,,https://www.grabmart.vn/search?q=8938801994889,2026-07-02 04:44:35
33,Pharmacity,518000.0,0.0,518000.0,,,https://www.pharmacity.vn/search?q=8938801994889,2026-07-02 04:44:35
33,Shopee,509000.0,0.0,509000.0,Freeship Extra,,https://www.shopee.vn/search?q=8938801994889,2026-07-03 04:44:35
33,Lazada,479000.0,24000.0,455000.0,Voucher tích lũy,,https://www.lazada.vn/search?q=8938801994889,2026-07-03 04:44:35
33,TikTok Shop,471000.0,0.0,471000.0,,,https://www.tiktokshop.vn/search?q=8938801994889,2026-07-03 04:44:35
33,GrabMart,544000.0,0.0,544000.0,,,https://www.grabmart.vn/search?q=8938801994889,2026-07-03 04:44:35
33,Pharmacity,518000.0,26000.0,492000.0,,,https://www.pharmacity.vn/search?q=8938801994889,2026-07-03 04:44:35
33,Shopee,471000.0,71000.0,390000.0,Mã giảm 10k,,https://www.shopee.vn/search?q=8938801994889,2026-07-04 04:44:35
33,Lazada,462000.0,23000.0,439000.0,Voucher tích lũy,Combo mua 2 giảm 5%,https://www.lazada.vn/search?q=8938801994889,2026-07-04 04:44:35
33,TikTok Shop,480000.0,0.0,460000.0,Voucher Livestream 20k,Flash Sale hàng hiệu,https://www.tiktokshop.vn/search?q=8938801994889,2026-07-04 04:44:35
33,GrabMart,582000.0,0.0,582000.0,,,https://www.grabmart.vn/search?q=8938801994889,2026-07-04 04:44:35
33,Pharmacity,516000.0,26000.0,490000.0,,,https://www.pharmacity.vn/search?q=8938801994889,2026-07-04 04:44:35
33,Shopee,488000.0,24000.0,464000.0,,,https://www.shopee.vn/search?q=8938801994889,2026-07-05 04:44:35
33,Lazada,483000.0,24000.0,459000.0,Voucher tích lũy,,https://www.lazada.vn/search?q=8938801994889,2026-07-05 04:44:35
33,TikTok Shop,495000.0,74000.0,421000.0,,Flash Sale hàng hiệu,https://www.tiktokshop.vn/search?q=8938801994889,2026-07-05 04:44:35
33,GrabMart,571000.0,0.0,571000.0,,,https://www.grabmart.vn/search?q=8938801994889,2026-07-05 04:44:35
33,Pharmacity,524000.0,26000.0,498000.0,,,https://www.pharmacity.vn/search?q=8938801994889,2026-07-05 04:44:35
33,Shopee,477000.0,72000.0,405000.0,Freeship Extra,Flash Sale,https://www.shopee.vn/search?q=8938801994889,2026-07-06 04:44:35
33,Lazada,499000.0,25000.0,474000.0,,,https://www.lazada.vn/search?q=8938801994889,2026-07-06 04:44:35
33,TikTok Shop,416000.0,0.0,416000.0,,,https://www.tiktokshop.vn/search?q=8938801994889,2026-07-06 04:44:35
33,GrabMart,528000.0,0.0,528000.0,,,https://www.grabmart.vn/search?q=8938801994889,2026-07-06 04:44:35
33,Pharmacity,523000.0,0.0,523000.0,,,https://www.pharmacity.vn/search?q=8938801994889,2026-07-06 04:44:35
34,Shopee,234000.0,35000.0,199000.0,,Flash Sale,https://www.shopee.vn/search?q=8930438057197,2026-06-30 04:44:35
34,Lazada,233000.0,0.0,233000.0,Voucher tích lũy,Combo mua 2 giảm 5%,https://www.lazada.vn/search?q=8930438057197,2026-06-30 04:44:35
34,TikTok Shop,214000.0,32000.0,162000.0,Voucher Livestream 20k,,https://www.tiktokshop.vn/search?q=8930438057197,2026-06-30 04:44:35
34,GrabMart,245000.0,0.0,245000.0,,,https://www.grabmart.vn/search?q=8930438057197,2026-06-30 04:44:35
34,Pharmacity,241000.0,12000.0,229000.0,,,https://www.pharmacity.vn/search?q=8930438057197,2026-06-30 04:44:35
34,Shopee,238000.0,24000.0,214000.0,Freeship Extra,,https://www.shopee.vn/search?q=8930438057197,2026-07-01 04:44:35
34,Lazada,235000.0,0.0,235000.0,Voucher tích lũy,Combo mua 2 giảm 5%,https://www.lazada.vn/search?q=8930438057197,2026-07-01 04:44:35
34,TikTok Shop,205000.0,31000.0,174000.0,,,https://www.tiktokshop.vn/search?q=8930438057197,2026-07-01 04:44:35
34,GrabMart,283000.0,0.0,283000.0,,,https://www.grabmart.vn/search?q=8930438057197,2026-07-01 04:44:35
34,Pharmacity,250000.0,0.0,250000.0,,,https://www.pharmacity.vn/search?q=8930438057197,2026-07-01 04:44:35
34,Shopee,220000.0,33000.0,177000.0,Mã giảm 10k,Flash Sale,https://www.shopee.vn/search?q=8930438057197,2026-07-02 04:44:35
34,Lazada,216000.0,22000.0,194000.0,Voucher tích lũy,,https://www.lazada.vn/search?q=8930438057197,2026-07-02 04:44:35
34,TikTok Shop,211000.0,32000.0,179000.0,,,https://www.tiktokshop.vn/search?q=8930438057197,2026-07-02 04:44:35
34,GrabMart,251000.0,0.0,251000.0,,,https://www.grabmart.vn/search?q=8930438057197,2026-07-02 04:44:35
34,Pharmacity,243000.0,0.0,243000.0,,,https://www.pharmacity.vn/search?q=8930438057197,2026-07-02 04:44:35
34,Shopee,236000.0,24000.0,202000.0,Mã giảm 10k,Flash Sale,https://www.shopee.vn/search?q=8930438057197,2026-07-03 04:44:35
34,Lazada,215000.0,22000.0,193000.0,Voucher tích lũy,,https://www.lazada.vn/search?q=8930438057197,2026-07-03 04:44:35
34,TikTok Shop,235000.0,35000.0,200000.0,,,https://www.tiktokshop.vn/search?q=8930438057197,2026-07-03 04:44:35
34,GrabMart,261000.0,0.0,261000.0,,,https://www.grabmart.vn/search?q=8930438057197,2026-07-03 04:44:35
34,Pharmacity,246000.0,0.0,246000.0,,,https://www.pharmacity.vn/search?q=8930438057197,2026-07-03 04:44:35
34,Shopee,219000.0,11000.0,208000.0,Freeship Extra,Flash Sale,https://www.shopee.vn/search?q=8930438057197,2026-07-04 04:44:35
34,Lazada,222000.0,11000.0,211000.0,,Combo mua 2 giảm 5%,https://www.lazada.vn/search?q=8930438057197,2026-07-04 04:44:35
34,TikTok Shop,237000.0,36000.0,201000.0,,,https://www.tiktokshop.vn/search?q=8930438057197,2026-07-04 04:44:35
34,GrabMart,271000.0,0.0,271000.0,,,https://www.grabmart.vn/search?q=8930438057197,2026-07-04 04:44:35
34,Pharmacity,245000.0,0.0,245000.0,,,https://www.pharmacity.vn/search?q=8930438057197,2026-07-04 04:44:35
34,Shopee,243000.0,24000.0,209000.0,Mã giảm 10k,,https://www.shopee.vn/search?q=8930438057197,2026-07-05 04:44:35
34,Lazada,224000.0,22000.0,202000.0,Voucher tích lũy,,https://www.lazada.vn/search?q=8930438057197,2026-07-05 04:44:35
34,TikTok Shop,234000.0,23000.0,191000.0,Voucher Livestream 20k,Flash Sale hàng hiệu,https://www.tiktokshop.vn/search?q=8930438057197,2026-07-05 04:44:35
34,GrabMart,246000.0,0.0,246000.0,,,https://www.grabmart.vn/search?q=8930438057197,2026-07-05 04:44:35
34,Pharmacity,253000.0,0.0,253000.0,,,https://www.pharmacity.vn/search?q=8930438057197,2026-07-05 04:44:35
34,Shopee,218000.0,0.0,218000.0,,,https://www.shopee.vn/search?q=8930438057197,2026-07-06 04:44:35
34,Lazada,241000.0,24000.0,217000.0,,,https://www.lazada.vn/search?q=8930438057197,2026-07-06 04:44:35
34,TikTok Shop,206000.0,31000.0,175000.0,,Flash Sale hàng hiệu,https://www.tiktokshop.vn/search?q=8930438057197,2026-07-06 04:44:35
34,GrabMart,278000.0,0.0,278000.0,,,https://www.grabmart.vn/search?q=8930438057197,2026-07-06 04:44:35
34,Pharmacity,241000.0,12000.0,229000.0,,,https://www.pharmacity.vn/search?q=8930438057197,2026-07-06 04:44:35
35,Shopee,381000.0,19000.0,352000.0,Mã giảm 10k,Flash Sale,https://www.shopee.vn/search?q=8930750110242,2026-06-30 04:44:35
35,Lazada,374000.0,37000.0,337000.0,Voucher tích lũy,Combo mua 2 giảm 5%,https://www.lazada.vn/search?q=8930750110242,2026-06-30 04:44:35
35,TikTok Shop,351000.0,35000.0,316000.0,,,https://www.tiktokshop.vn/search?q=8930750110242,2026-06-30 04:44:35
35,GrabMart,451000.0,0.0,451000.0,,,https://www.grabmart.vn/search?q=8930750110242,2026-06-30 04:44:35
35,Pharmacity,414000.0,0.0,414000.0,,,https://www.pharmacity.vn/search?q=8930750110242,2026-06-30 04:44:35
35,Shopee,389000.0,0.0,379000.0,Mã giảm 10k,,https://www.shopee.vn/search?q=8930750110242,2026-07-01 04:44:35
35,Lazada,370000.0,37000.0,333000.0,Voucher tích lũy,,https://www.lazada.vn/search?q=8930750110242,2026-07-01 04:44:35
35,TikTok Shop,349000.0,35000.0,294000.0,Voucher Livestream 20k,Flash Sale hàng hiệu,https://www.tiktokshop.vn/search?q=8930750110242,2026-07-01 04:44:35
35,GrabMart,463000.0,0.0,463000.0,,,https://www.grabmart.vn/search?q=8930750110242,2026-07-01 04:44:35
35,Pharmacity,397000.0,0.0,397000.0,,,https://www.pharmacity.vn/search?q=8930750110242,2026-07-01 04:44:35
35,Shopee,378000.0,19000.0,359000.0,Freeship Extra,Flash Sale,https://www.shopee.vn/search?q=8930750110242,2026-07-02 04:44:35
35,Lazada,395000.0,40000.0,355000.0,Voucher tích lũy,,https://www.lazada.vn/search?q=8930750110242,2026-07-02 04:44:35
35,TikTok Shop,350000.0,52000.0,278000.0,Voucher Livestream 20k,,https://www.tiktokshop.vn/search?q=8930750110242,2026-07-02 04:44:35
35,GrabMart,445000.0,0.0,445000.0,,,https://www.grabmart.vn/search?q=8930750110242,2026-07-02 04:44:35
35,Pharmacity,413000.0,0.0,413000.0,,,https://www.pharmacity.vn/search?q=8930750110242,2026-07-02 04:44:35
35,Shopee,346000.0,52000.0,294000.0,Freeship Extra,,https://www.shopee.vn/search?q=8930750110242,2026-07-03 04:44:35
35,Lazada,370000.0,37000.0,333000.0,Voucher tích lũy,,https://www.lazada.vn/search?q=8930750110242,2026-07-03 04:44:35
35,TikTok Shop,358000.0,54000.0,304000.0,,,https://www.tiktokshop.vn/search?q=8930750110242,2026-07-03 04:44:35
35,GrabMart,421000.0,0.0,421000.0,,,https://www.grabmart.vn/search?q=8930750110242,2026-07-03 04:44:35
35,Pharmacity,414000.0,21000.0,393000.0,,,https://www.pharmacity.vn/search?q=8930750110242,2026-07-03 04:44:35
35,Shopee,356000.0,18000.0,338000.0,Freeship Extra,,https://www.shopee.vn/search?q=8930750110242,2026-07-04 04:44:35
35,Lazada,397000.0,40000.0,357000.0,Voucher tích lũy,,https://www.lazada.vn/search?q=8930750110242,2026-07-04 04:44:35
35,TikTok Shop,350000.0,0.0,330000.0,Voucher Livestream 20k,,https://www.tiktokshop.vn/search?q=8930750110242,2026-07-04 04:44:35
35,GrabMart,422000.0,0.0,422000.0,,,https://www.grabmart.vn/search?q=8930750110242,2026-07-04 04:44:35
35,Pharmacity,413000.0,21000.0,392000.0,,,https://www.pharmacity.vn/search?q=8930750110242,2026-07-04 04:44:35
35,Shopee,366000.0,18000.0,348000.0,,Flash Sale,https://www.shopee.vn/search?q=8930750110242,2026-07-05 04:44:35
35,Lazada,386000.0,0.0,386000.0,Voucher tích lũy,Combo mua 2 giảm 5%,https://www.lazada.vn/search?q=8930750110242,2026-07-05 04:44:35
35,TikTok Shop,360000.0,54000.0,286000.0,Voucher Livestream 20k,,https://www.tiktokshop.vn/search?q=8930750110242,2026-07-05 04:44:35
35,GrabMart,446000.0,0.0,446000.0,,,https://www.grabmart.vn/search?q=8930750110242,2026-07-05 04:44:35
35,Pharmacity,407000.0,20000.0,387000.0,,,https://www.pharmacity.vn/search?q=8930750110242,2026-07-05 04:44:35
35,Shopee,406000.0,20000.0,386000.0,,Flash Sale,https://www.shopee.vn/search?q=8930750110242,2026-07-06 04:44:35
35,Lazada,367000.0,0.0,367000.0,Voucher tích lũy,Combo mua 2 giảm 5%,https://www.lazada.vn/search?q=8930750110242,2026-07-06 04:44:35
35,TikTok Shop,386000.0,0.0,366000.0,Voucher Livestream 20k,Flash Sale hàng hiệu,https://www.tiktokshop.vn/search?q=8930750110242,2026-07-06 04:44:35
35,GrabMart,439000.0,0.0,439000.0,,,https://www.grabmart.vn/search?q=8930750110242,2026-07-06 04:44:35
35,Pharmacity,407000.0,20000.0,387000.0,,,https://www.pharmacity.vn/search?q=8930750110242,2026-07-06 04:44:35
36,Shopee,259000.0,39000.0,220000.0,Freeship Extra,,https://www.shopee.vn/search?q=8939142834117,2026-06-30 04:44:35
36,Lazada,262000.0,26000.0,236000.0,Voucher tích lũy,Combo mua 2 giảm 5%,https://www.lazada.vn/search?q=8939142834117,2026-06-30 04:44:35
36,TikTok Shop,244000.0,0.0,224000.0,Voucher Livestream 20k,Flash Sale hàng hiệu,https://www.tiktokshop.vn/search?q=8939142834117,2026-06-30 04:44:35
36,GrabMart,277000.0,0.0,277000.0,,,https://www.grabmart.vn/search?q=8939142834117,2026-06-30 04:44:35
36,Pharmacity,274000.0,14000.0,260000.0,,,https://www.pharmacity.vn/search?q=8939142834117,2026-06-30 04:44:35
36,Shopee,230000.0,0.0,220000.0,Mã giảm 10k,Flash Sale,https://www.shopee.vn/search?q=8939142834117,2026-07-01 04:44:35
36,Lazada,248000.0,25000.0,223000.0,,,https://www.lazada.vn/search?q=8939142834117,2026-07-01 04:44:35
36,TikTok Shop,249000.0,0.0,229000.0,Voucher Livestream 20k,,https://www.tiktokshop.vn/search?q=8939142834117,2026-07-01 04:44:35
36,GrabMart,275000.0,0.0,275000.0,,,https://www.grabmart.vn/search?q=8939142834117,2026-07-01 04:44:35
36,Pharmacity,277000.0,0.0,277000.0,,,https://www.pharmacity.vn/search?q=8939142834117,2026-07-01 04:44:35
36,Shopee,256000.0,38000.0,208000.0,Mã giảm 10k,,https://www.shopee.vn/search?q=8939142834117,2026-07-02 04:44:35
36,Lazada,239000.0,12000.0,227000.0,,,https://www.lazada.vn/search?q=8939142834117,2026-07-02 04:44:35
36,TikTok Shop,227000.0,0.0,227000.0,,,https://www.tiktokshop.vn/search?q=8939142834117,2026-07-02 04:44:35
36,GrabMart,290000.0,0.0,290000.0,,,https://www.grabmart.vn/search?q=8939142834117,2026-07-02 04:44:35
36,Pharmacity,274000.0,14000.0,260000.0,,,https://www.pharmacity.vn/search?q=8939142834117,2026-07-02 04:44:35
36,Shopee,244000.0,37000.0,207000.0,,,https://www.shopee.vn/search?q=8939142834117,2026-07-03 04:44:35
36,Lazada,264000.0,13000.0,251000.0,,Combo mua 2 giảm 5%,https://www.lazada.vn/search?q=8939142834117,2026-07-03 04:44:35
36,TikTok Shop,252000.0,25000.0,227000.0,,Flash Sale hàng hiệu,https://www.tiktokshop.vn/search?q=8939142834117,2026-07-03 04:44:35
36,GrabMart,296000.0,0.0,296000.0,,,https://www.grabmart.vn/search?q=8939142834117,2026-07-03 04:44:35
36,Pharmacity,266000.0,0.0,266000.0,,,https://www.pharmacity.vn/search?q=8939142834117,2026-07-03 04:44:35
36,Shopee,246000.0,37000.0,209000.0,,Flash Sale,https://www.shopee.vn/search?q=8939142834117,2026-07-04 04:44:35
36,Lazada,244000.0,12000.0,232000.0,Voucher tích lũy,Combo mua 2 giảm 5%,https://www.lazada.vn/search?q=8939142834117,2026-07-04 04:44:35
36,TikTok Shop,254000.0,0.0,254000.0,,Flash Sale hàng hiệu,https://www.tiktokshop.vn/search?q=8939142834117,2026-07-04 04:44:35
36,GrabMart,274000.0,0.0,274000.0,,,https://www.grabmart.vn/search?q=8939142834117,2026-07-04 04:44:35
36,Pharmacity,261000.0,13000.0,248000.0,,,https://www.pharmacity.vn/search?q=8939142834117,2026-07-04 04:44:35
36,Shopee,233000.0,12000.0,221000.0,,Flash Sale,https://www.shopee.vn/search?q=8939142834117,2026-07-05 04:44:35
36,Lazada,252000.0,0.0,252000.0,,Combo mua 2 giảm 5%,https://www.lazada.vn/search?q=8939142834117,2026-07-05 04:44:35
36,TikTok Shop,251000.0,38000.0,213000.0,,Flash Sale hàng hiệu,https://www.tiktokshop.vn/search?q=8939142834117,2026-07-05 04:44:35
36,GrabMart,296000.0,0.0,296000.0,,,https://www.grabmart.vn/search?q=8939142834117,2026-07-05 04:44:35
36,Pharmacity,268000.0,0.0,268000.0,,,https://www.pharmacity.vn/search?q=8939142834117,2026-07-05 04:44:35
36,Shopee,252000.0,38000.0,214000.0,,,https://www.shopee.vn/search?q=8939142834117,2026-07-06 04:44:35
36,Lazada,234000.0,23000.0,211000.0,,,https://www.lazada.vn/search?q=8939142834117,2026-07-06 04:44:35
36,TikTok Shop,243000.0,0.0,243000.0,,,https://www.tiktokshop.vn/search?q=8939142834117,2026-07-06 04:44:35
36,GrabMart,274000.0,0.0,274000.0,,,https://www.grabmart.vn/search?q=8939142834117,2026-07-06 04:44:35
36,Pharmacity,277000.0,14000.0,263000.0,,,https://www.pharmacity.vn/search?q=8939142834117,2026-07-06 04:44:35
37,Shopee,321000.0,16000.0,305000.0,Freeship Extra,Flash Sale,https://www.shopee.vn/search?q=8934137977237,2026-06-30 04:44:35
37,Lazada,295000.0,30000.0,265000.0,Voucher tích lũy,Combo mua 2 giảm 5%,https://www.lazada.vn/search?q=8934137977237,2026-06-30 04:44:35
37,TikTok Shop,300000.0,0.0,300000.0,,Flash Sale hàng hiệu,https://www.tiktokshop.vn/search?q=8934137977237,2026-06-30 04:44:35
37,GrabMart,352000.0,0.0,352000.0,,,https://www.grabmart.vn/search?q=8934137977237,2026-06-30 04:44:35
37,Pharmacity,324000.0,0.0,324000.0,,,https://www.pharmacity.vn/search?q=8934137977237,2026-06-30 04:44:35
37,Shopee,306000.0,46000.0,260000.0,,,https://www.shopee.vn/search?q=8934137977237,2026-07-01 04:44:35
37,Lazada,295000.0,30000.0,265000.0,,,https://www.lazada.vn/search?q=8934137977237,2026-07-01 04:44:35
37,TikTok Shop,273000.0,41000.0,232000.0,,,https://www.tiktokshop.vn/search?q=8934137977237,2026-07-01 04:44:35
37,GrabMart,380000.0,0.0,380000.0,,,https://www.grabmart.vn/search?q=8934137977237,2026-07-01 04:44:35
37,Pharmacity,340000.0,17000.0,323000.0,,,https://www.pharmacity.vn/search?q=8934137977237,2026-07-01 04:44:35
37,Shopee,306000.0,31000.0,275000.0,,Flash Sale,https://www.shopee.vn/search?q=8934137977237,2026-07-02 04:44:35
37,Lazada,297000.0,15000.0,282000.0,Voucher tích lũy,Combo mua 2 giảm 5%,https://www.lazada.vn/search?q=8934137977237,2026-07-02 04:44:35
37,TikTok Shop,300000.0,45000.0,255000.0,,Flash Sale hàng hiệu,https://www.tiktokshop.vn/search?q=8934137977237,2026-07-02 04:44:35
37,GrabMart,339000.0,0.0,339000.0,,,https://www.grabmart.vn/search?q=8934137977237,2026-07-02 04:44:35
37,Pharmacity,333000.0,0.0,333000.0,,,https://www.pharmacity.vn/search?q=8934137977237,2026-07-02 04:44:35
37,Shopee,327000.0,0.0,317000.0,Mã giảm 10k,Flash Sale,https://www.shopee.vn/search?q=8934137977237,2026-07-03 04:44:35
37,Lazada,298000.0,0.0,298000.0,,,https://www.lazada.vn/search?q=8934137977237,2026-07-03 04:44:35
37,TikTok Shop,296000.0,30000.0,266000.0,,Flash Sale hàng hiệu,https://www.tiktokshop.vn/search?q=8934137977237,2026-07-03 04:44:35
37,GrabMart,354000.0,0.0,354000.0,,,https://www.grabmart.vn/search?q=8934137977237,2026-07-03 04:44:35
37,Pharmacity,324000.0,16000.0,308000.0,,,https://www.pharmacity.vn/search?q=8934137977237,2026-07-03 04:44:35
37,Shopee,313000.0,31000.0,272000.0,Mã giảm 10k,Flash Sale,https://www.shopee.vn/search?q=8934137977237,2026-07-04 04:44:35
37,Lazada,311000.0,31000.0,280000.0,Voucher tích lũy,Combo mua 2 giảm 5%,https://www.lazada.vn/search?q=8934137977237,2026-07-04 04:44:35
37,TikTok Shop,308000.0,31000.0,257000.0,Voucher Livestream 20k,,https://www.tiktokshop.vn/search?q=8934137977237,2026-07-04 04:44:35
37,GrabMart,351000.0,0.0,351000.0,,,https://www.grabmart.vn/search?q=8934137977237,2026-07-04 04:44:35
37,Pharmacity,335000.0,17000.0,318000.0,,,https://www.pharmacity.vn/search?q=8934137977237,2026-07-04 04:44:35
37,Shopee,331000.0,33000.0,298000.0,Freeship Extra,Flash Sale,https://www.shopee.vn/search?q=8934137977237,2026-07-05 04:44:35
37,Lazada,318000.0,32000.0,286000.0,,,https://www.lazada.vn/search?q=8934137977237,2026-07-05 04:44:35
37,TikTok Shop,292000.0,44000.0,248000.0,,,https://www.tiktokshop.vn/search?q=8934137977237,2026-07-05 04:44:35
37,GrabMart,343000.0,0.0,343000.0,,,https://www.grabmart.vn/search?q=8934137977237,2026-07-05 04:44:35
37,Pharmacity,331000.0,17000.0,314000.0,,,https://www.pharmacity.vn/search?q=8934137977237,2026-07-05 04:44:35
37,Shopee,321000.0,0.0,321000.0,,Flash Sale,https://www.shopee.vn/search?q=8934137977237,2026-07-06 04:44:35
37,Lazada,327000.0,0.0,327000.0,,,https://www.lazada.vn/search?q=8934137977237,2026-07-06 04:44:35
37,TikTok Shop,293000.0,44000.0,229000.0,Voucher Livestream 20k,,https://www.tiktokshop.vn/search?q=8934137977237,2026-07-06 04:44:35
37,GrabMart,335000.0,0.0,335000.0,,,https://www.grabmart.vn/search?q=8934137977237,2026-07-06 04:44:35
37,Pharmacity,327000.0,0.0,327000.0,,,https://www.pharmacity.vn/search?q=8934137977237,2026-07-06 04:44:35
38,Shopee,441000.0,22000.0,419000.0,Freeship Extra,,https://www.shopee.vn/search?q=8939849027706,2026-06-30 04:44:35
38,Lazada,482000.0,24000.0,458000.0,,,https://www.lazada.vn/search?q=8939849027706,2026-06-30 04:44:35
38,TikTok Shop,490000.0,0.0,470000.0,Voucher Livestream 20k,Flash Sale hàng hiệu,https://www.tiktokshop.vn/search?q=8939849027706,2026-06-30 04:44:35
38,GrabMart,536000.0,0.0,536000.0,,,https://www.grabmart.vn/search?q=8939849027706,2026-06-30 04:44:35
38,Pharmacity,506000.0,0.0,506000.0,,,https://www.pharmacity.vn/search?q=8939849027706,2026-06-30 04:44:35
38,Shopee,467000.0,0.0,467000.0,,Flash Sale,https://www.shopee.vn/search?q=8939849027706,2026-07-01 04:44:35
38,Lazada,485000.0,48000.0,437000.0,Voucher tích lũy,Combo mua 2 giảm 5%,https://www.lazada.vn/search?q=8939849027706,2026-07-01 04:44:35
38,TikTok Shop,489000.0,49000.0,440000.0,,,https://www.tiktokshop.vn/search?q=8939849027706,2026-07-01 04:44:35
38,GrabMart,544000.0,0.0,544000.0,,,https://www.grabmart.vn/search?q=8939849027706,2026-07-01 04:44:35
38,Pharmacity,506000.0,0.0,506000.0,,,https://www.pharmacity.vn/search?q=8939849027706,2026-07-01 04:44:35
38,Shopee,446000.0,67000.0,379000.0,Freeship Extra,,https://www.shopee.vn/search?q=8939849027706,2026-07-02 04:44:35
38,Lazada,475000.0,48000.0,427000.0,Voucher tích lũy,Combo mua 2 giảm 5%,https://www.lazada.vn/search?q=8939849027706,2026-07-02 04:44:35
38,TikTok Shop,487000.0,73000.0,394000.0,Voucher Livestream 20k,Flash Sale hàng hiệu,https://www.tiktokshop.vn/search?q=8939849027706,2026-07-02 04:44:35
38,GrabMart,564000.0,0.0,564000.0,,,https://www.grabmart.vn/search?q=8939849027706,2026-07-02 04:44:35
38,Pharmacity,526000.0,26000.0,500000.0,,,https://www.pharmacity.vn/search?q=8939849027706,2026-07-02 04:44:35
38,Shopee,488000.0,49000.0,429000.0,Mã giảm 10k,Flash Sale,https://www.shopee.vn/search?q=8939849027706,2026-07-03 04:44:35
38,Lazada,495000.0,0.0,495000.0,Voucher tích lũy,,https://www.lazada.vn/search?q=8939849027706,2026-07-03 04:44:35
38,TikTok Shop,431000.0,43000.0,388000.0,,,https://www.tiktokshop.vn/search?q=8939849027706,2026-07-03 04:44:35
38,GrabMart,572000.0,0.0,572000.0,,,https://www.grabmart.vn/search?q=8939849027706,2026-07-03 04:44:35
38,Pharmacity,506000.0,25000.0,481000.0,,,https://www.pharmacity.vn/search?q=8939849027706,2026-07-03 04:44:35
38,Shopee,467000.0,0.0,467000.0,Freeship Extra,Flash Sale,https://www.shopee.vn/search?q=8939849027706,2026-07-04 04:44:35
38,Lazada,456000.0,0.0,456000.0,Voucher tích lũy,Combo mua 2 giảm 5%,https://www.lazada.vn/search?q=8939849027706,2026-07-04 04:44:35
38,TikTok Shop,416000.0,0.0,396000.0,Voucher Livestream 20k,Flash Sale hàng hiệu,https://www.tiktokshop.vn/search?q=8939849027706,2026-07-04 04:44:35
38,GrabMart,536000.0,0.0,536000.0,,,https://www.grabmart.vn/search?q=8939849027706,2026-07-04 04:44:35
38,Pharmacity,524000.0,26000.0,498000.0,,,https://www.pharmacity.vn/search?q=8939849027706,2026-07-04 04:44:35
38,Shopee,440000.0,22000.0,408000.0,Mã giảm 10k,,https://www.shopee.vn/search?q=8939849027706,2026-07-05 04:44:35
38,Lazada,455000.0,0.0,455000.0,Voucher tích lũy,,https://www.lazada.vn/search?q=8939849027706,2026-07-05 04:44:35
38,TikTok Shop,428000.0,0.0,408000.0,Voucher Livestream 20k,,https://www.tiktokshop.vn/search?q=8939849027706,2026-07-05 04:44:35
38,GrabMart,571000.0,0.0,571000.0,,,https://www.grabmart.vn/search?q=8939849027706,2026-07-05 04:44:35
38,Pharmacity,496000.0,0.0,496000.0,,,https://www.pharmacity.vn/search?q=8939849027706,2026-07-05 04:44:35
38,Shopee,480000.0,72000.0,408000.0,Freeship Extra,,https://www.shopee.vn/search?q=8939849027706,2026-07-06 04:44:35
38,Lazada,487000.0,49000.0,438000.0,,Combo mua 2 giảm 5%,https://www.lazada.vn/search?q=8939849027706,2026-07-06 04:44:35
38,TikTok Shop,440000.0,44000.0,376000.0,Voucher Livestream 20k,Flash Sale hàng hiệu,https://www.tiktokshop.vn/search?q=8939849027706,2026-07-06 04:44:35
38,GrabMart,547000.0,0.0,547000.0,,,https://www.grabmart.vn/search?q=8939849027706,2026-07-06 04:44:35
38,Pharmacity,527000.0,26000.0,501000.0,,,https://www.pharmacity.vn/search?q=8939849027706,2026-07-06 04:44:35
39,Shopee,54000.0,0.0,54000.0,Freeship Extra,Flash Sale,https://www.shopee.vn/search?q=8930867808568,2026-06-30 04:44:35
39,Lazada,54000.0,0.0,54000.0,,,https://www.lazada.vn/search?q=8930867808568,2026-06-30 04:44:35
39,TikTok Shop,52000.0,0.0,32000.0,Voucher Livestream 20k,Flash Sale hàng hiệu,https://www.tiktokshop.vn/search?q=8930867808568,2026-06-30 04:44:35
39,GrabMart,65000.0,0.0,65000.0,,,https://www.grabmart.vn/search?q=8930867808568,2026-06-30 04:44:35
39,Pharmacity,59000.0,3000.0,56000.0,,,https://www.pharmacity.vn/search?q=8930867808568,2026-06-30 04:44:35
39,Shopee,52000.0,8000.0,44000.0,Freeship Extra,Flash Sale,https://www.shopee.vn/search?q=8930867808568,2026-07-01 04:44:35
39,Lazada,54000.0,3000.0,51000.0,Voucher tích lũy,,https://www.lazada.vn/search?q=8930867808568,2026-07-01 04:44:35
39,TikTok Shop,52000.0,5000.0,27000.0,Voucher Livestream 20k,Flash Sale hàng hiệu,https://www.tiktokshop.vn/search?q=8930867808568,2026-07-01 04:44:35
39,GrabMart,62000.0,0.0,62000.0,,,https://www.grabmart.vn/search?q=8930867808568,2026-07-01 04:44:35
39,Pharmacity,58000.0,0.0,58000.0,,,https://www.pharmacity.vn/search?q=8930867808568,2026-07-01 04:44:35
39,Shopee,59000.0,3000.0,56000.0,,Flash Sale,https://www.shopee.vn/search?q=8930867808568,2026-07-02 04:44:35
39,Lazada,57000.0,6000.0,51000.0,Voucher tích lũy,Combo mua 2 giảm 5%,https://www.lazada.vn/search?q=8930867808568,2026-07-02 04:44:35
39,TikTok Shop,50000.0,8000.0,42000.0,,Flash Sale hàng hiệu,https://www.tiktokshop.vn/search?q=8930867808568,2026-07-02 04:44:35
39,GrabMart,67000.0,0.0,67000.0,,,https://www.grabmart.vn/search?q=8930867808568,2026-07-02 04:44:35
39,Pharmacity,58000.0,3000.0,55000.0,,,https://www.pharmacity.vn/search?q=8930867808568,2026-07-02 04:44:35
39,Shopee,51000.0,5000.0,36000.0,Mã giảm 10k,Flash Sale,https://www.shopee.vn/search?q=8930867808568,2026-07-03 04:44:35
39,Lazada,53000.0,5000.0,48000.0,,Combo mua 2 giảm 5%,https://www.lazada.vn/search?q=8930867808568,2026-07-03 04:44:35
39,TikTok Shop,49000.0,0.0,49000.0,,,https://www.tiktokshop.vn/search?q=8930867808568,2026-07-03 04:44:35
39,GrabMart,67000.0,0.0,67000.0,,,https://www.grabmart.vn/search?q=8930867808568,2026-07-03 04:44:35
39,Pharmacity,60000.0,0.0,60000.0,,,https://www.pharmacity.vn/search?q=8930867808568,2026-07-03 04:44:35
39,Shopee,54000.0,5000.0,39000.0,Mã giảm 10k,Flash Sale,https://www.shopee.vn/search?q=8930867808568,2026-07-04 04:44:35
39,Lazada,54000.0,5000.0,49000.0,Voucher tích lũy,Combo mua 2 giảm 5%,https://www.lazada.vn/search?q=8930867808568,2026-07-04 04:44:35
39,TikTok Shop,48000.0,0.0,28000.0,Voucher Livestream 20k,,https://www.tiktokshop.vn/search?q=8930867808568,2026-07-04 04:44:35
39,GrabMart,65000.0,0.0,65000.0,,,https://www.grabmart.vn/search?q=8930867808568,2026-07-04 04:44:35
39,Pharmacity,60000.0,0.0,60000.0,,,https://www.pharmacity.vn/search?q=8930867808568,2026-07-04 04:44:35
39,Shopee,59000.0,6000.0,43000.0,Mã giảm 10k,Flash Sale,https://www.shopee.vn/search?q=8930867808568,2026-07-05 04:44:35
39,Lazada,56000.0,3000.0,53000.0,Voucher tích lũy,,https://www.lazada.vn/search?q=8930867808568,2026-07-05 04:44:35
39,TikTok Shop,52000.0,5000.0,27000.0,Voucher Livestream 20k,,https://www.tiktokshop.vn/search?q=8930867808568,2026-07-05 04:44:35
39,GrabMart,68000.0,0.0,68000.0,,,https://www.grabmart.vn/search?q=8930867808568,2026-07-05 04:44:35
39,Pharmacity,60000.0,3000.0,57000.0,,,https://www.pharmacity.vn/search?q=8930867808568,2026-07-05 04:44:35
39,Shopee,54000.0,8000.0,46000.0,,,https://www.shopee.vn/search?q=8930867808568,2026-07-06 04:44:35
39,Lazada,53000.0,0.0,53000.0,Voucher tích lũy,Combo mua 2 giảm 5%,https://www.lazada.vn/search?q=8930867808568,2026-07-06 04:44:35
39,TikTok Shop,54000.0,8000.0,26000.0,Voucher Livestream 20k,Flash Sale hàng hiệu,https://www.tiktokshop.vn/search?q=8930867808568,2026-07-06 04:44:35
39,GrabMart,62000.0,0.0,62000.0,,,https://www.grabmart.vn/search?q=8930867808568,2026-07-06 04:44:35
39,Pharmacity,59000.0,3000.0,56000.0,,,https://www.pharmacity.vn/search?q=8930867808568,2026-07-06 04:44:35
40,Shopee,196000.0,29000.0,167000.0,Freeship Extra,,https://www.shopee.vn/search?q=8930234132616,2026-06-30 04:44:35
40,Lazada,173000.0,9000.0,164000.0,,,https://www.lazada.vn/search?q=8930234132616,2026-06-30 04:44:35
40,TikTok Shop,168000.0,0.0,168000.0,,Flash Sale hàng hiệu,https://www.tiktokshop.vn/search?q=8930234132616,2026-06-30 04:44:35
40,GrabMart,208000.0,0.0,208000.0,,,https://www.grabmart.vn/search?q=8930234132616,2026-06-30 04:44:35
40,Pharmacity,195000.0,10000.0,185000.0,,,https://www.pharmacity.vn/search?q=8930234132616,2026-06-30 04:44:35
40,Shopee,180000.0,9000.0,171000.0,,,https://www.shopee.vn/search?q=8930234132616,2026-07-01 04:44:35
40,Lazada,173000.0,17000.0,156000.0,Voucher tích lũy,Combo mua 2 giảm 5%,https://www.lazada.vn/search?q=8930234132616,2026-07-01 04:44:35
40,TikTok Shop,188000.0,19000.0,149000.0,Voucher Livestream 20k,Flash Sale hàng hiệu,https://www.tiktokshop.vn/search?q=8930234132616,2026-07-01 04:44:35
40,GrabMart,202000.0,0.0,202000.0,,,https://www.grabmart.vn/search?q=8930234132616,2026-07-01 04:44:35
40,Pharmacity,205000.0,0.0,205000.0,,,https://www.pharmacity.vn/search?q=8930234132616,2026-07-01 04:44:35
40,Shopee,185000.0,28000.0,157000.0,Freeship Extra,Flash Sale,https://www.shopee.vn/search?q=8930234132616,2026-07-02 04:44:35
40,Lazada,185000.0,18000.0,167000.0,Voucher tích lũy,Combo mua 2 giảm 5%,https://www.lazada.vn/search?q=8930234132616,2026-07-02 04:44:35
40,TikTok Shop,175000.0,0.0,175000.0,,Flash Sale hàng hiệu,https://www.tiktokshop.vn/search?q=8930234132616,2026-07-02 04:44:35
40,GrabMart,208000.0,0.0,208000.0,,,https://www.grabmart.vn/search?q=8930234132616,2026-07-02 04:44:35
40,Pharmacity,198000.0,0.0,198000.0,,,https://www.pharmacity.vn/search?q=8930234132616,2026-07-02 04:44:35
40,Shopee,176000.0,0.0,176000.0,Freeship Extra,,https://www.shopee.vn/search?q=8930234132616,2026-07-03 04:44:35
40,Lazada,180000.0,9000.0,171000.0,,Combo mua 2 giảm 5%,https://www.lazada.vn/search?q=8930234132616,2026-07-03 04:44:35
40,TikTok Shop,190000.0,19000.0,151000.0,Voucher Livestream 20k,,https://www.tiktokshop.vn/search?q=8930234132616,2026-07-03 04:44:35
40,GrabMart,223000.0,0.0,223000.0,,,https://www.grabmart.vn/search?q=8930234132616,2026-07-03 04:44:35
40,Pharmacity,203000.0,0.0,203000.0,,,https://www.pharmacity.vn/search?q=8930234132616,2026-07-03 04:44:35
40,Shopee,191000.0,19000.0,172000.0,,Flash Sale,https://www.shopee.vn/search?q=8930234132616,2026-07-04 04:44:35
40,Lazada,193000.0,10000.0,183000.0,Voucher tích lũy,,https://www.lazada.vn/search?q=8930234132616,2026-07-04 04:44:35
40,TikTok Shop,165000.0,25000.0,120000.0,Voucher Livestream 20k,Flash Sale hàng hiệu,https://www.tiktokshop.vn/search?q=8930234132616,2026-07-04 04:44:35
40,GrabMart,205000.0,0.0,205000.0,,,https://www.grabmart.vn/search?q=8930234132616,2026-07-04 04:44:35
40,Pharmacity,193000.0,0.0,193000.0,,,https://www.pharmacity.vn/search?q=8930234132616,2026-07-04 04:44:35
40,Shopee,183000.0,18000.0,155000.0,Mã giảm 10k,Flash Sale,https://www.shopee.vn/search?q=8930234132616,2026-07-05 04:44:35
40,Lazada,182000.0,0.0,182000.0,,,https://www.lazada.vn/search?q=8930234132616,2026-07-05 04:44:35
40,TikTok Shop,169000.0,25000.0,124000.0,Voucher Livestream 20k,Flash Sale hàng hiệu,https://www.tiktokshop.vn/search?q=8930234132616,2026-07-05 04:44:35
40,GrabMart,207000.0,0.0,207000.0,,,https://www.grabmart.vn/search?q=8930234132616,2026-07-05 04:44:35
40,Pharmacity,201000.0,0.0,201000.0,,,https://www.pharmacity.vn/search?q=8930234132616,2026-07-05 04:44:35
40,Shopee,176000.0,9000.0,167000.0,,,https://www.shopee.vn/search?q=8930234132616,2026-07-06 04:44:35
40,Lazada,176000.0,0.0,176000.0,Voucher tích lũy,Combo mua 2 giảm 5%,https://www.lazada.vn/search?q=8930234132616,2026-07-06 04:44:35
40,TikTok Shop,164000.0,16000.0,148000.0,,,https://www.tiktokshop.vn/search?q=8930234132616,2026-07-06 04:44:35
40,GrabMart,201000.0,0.0,201000.0,,,https://www.grabmart.vn/search?q=8930234132616,2026-07-06 04:44:35
40,Pharmacity,192000.0,0.0,192000.0,,,https://www.pharmacity.vn/search?q=8930234132616,2026-07-06 04:44:35
41,Shopee,159000.0,8000.0,151000.0,,Flash Sale,https://www.shopee.vn/search?q=8937570512041,2026-06-30 04:44:35
41,Lazada,166000.0,0.0,166000.0,,,https://www.lazada.vn/search?q=8937570512041,2026-06-30 04:44:35
41,TikTok Shop,149000.0,15000.0,134000.0,,,https://www.tiktokshop.vn/search?q=8937570512041,2026-06-30 04:44:35
41,GrabMart,177000.0,0.0,177000.0,,,https://www.grabmart.vn/search?q=8937570512041,2026-06-30 04:44:35
41,Pharmacity,175000.0,0.0,175000.0,,,https://www.pharmacity.vn/search?q=8937570512041,2026-06-30 04:44:35
41,Shopee,158000.0,8000.0,140000.0,Mã giảm 10k,Flash Sale,https://www.shopee.vn/search?q=8937570512041,2026-07-01 04:44:35
41,Lazada,163000.0,8000.0,155000.0,Voucher tích lũy,,https://www.lazada.vn/search?q=8937570512041,2026-07-01 04:44:35
41,TikTok Shop,156000.0,0.0,156000.0,,Flash Sale hàng hiệu,https://www.tiktokshop.vn/search?q=8937570512041,2026-07-01 04:44:35
41,GrabMart,185000.0,0.0,185000.0,,,https://www.grabmart.vn/search?q=8937570512041,2026-07-01 04:44:35
41,Pharmacity,170000.0,8000.0,162000.0,,,https://www.pharmacity.vn/search?q=8937570512041,2026-07-01 04:44:35
41,Shopee,168000.0,8000.0,160000.0,,,https://www.shopee.vn/search?q=8937570512041,2026-07-02 04:44:35
41,Lazada,162000.0,8000.0,154000.0,,,https://www.lazada.vn/search?q=8937570512041,2026-07-02 04:44:35
41,TikTok Shop,160000.0,24000.0,136000.0,,Flash Sale hàng hiệu,https://www.tiktokshop.vn/search?q=8937570512041,2026-07-02 04:44:35
41,GrabMart,193000.0,0.0,193000.0,,,https://www.grabmart.vn/search?q=8937570512041,2026-07-02 04:44:35
41,Pharmacity,166000.0,0.0,166000.0,,,https://www.pharmacity.vn/search?q=8937570512041,2026-07-02 04:44:35
41,Shopee,160000.0,24000.0,136000.0,Freeship Extra,,https://www.shopee.vn/search?q=8937570512041,2026-07-03 04:44:35
41,Lazada,156000.0,0.0,156000.0,,,https://www.lazada.vn/search?q=8937570512041,2026-07-03 04:44:35
41,TikTok Shop,152000.0,23000.0,109000.0,Voucher Livestream 20k,,https://www.tiktokshop.vn/search?q=8937570512041,2026-07-03 04:44:35
41,GrabMart,173000.0,0.0,173000.0,,,https://www.grabmart.vn/search?q=8937570512041,2026-07-03 04:44:35
41,Pharmacity,174000.0,0.0,174000.0,,,https://www.pharmacity.vn/search?q=8937570512041,2026-07-03 04:44:35
41,Shopee,147000.0,7000.0,130000.0,Mã giảm 10k,Flash Sale,https://www.shopee.vn/search?q=8937570512041,2026-07-04 04:44:35
41,Lazada,166000.0,8000.0,158000.0,,,https://www.lazada.vn/search?q=8937570512041,2026-07-04 04:44:35
41,TikTok Shop,157000.0,16000.0,141000.0,,Flash Sale hàng hiệu,https://www.tiktokshop.vn/search?q=8937570512041,2026-07-04 04:44:35
41,GrabMart,196000.0,0.0,196000.0,,,https://www.grabmart.vn/search?q=8937570512041,2026-07-04 04:44:35
41,Pharmacity,172000.0,9000.0,163000.0,,,https://www.pharmacity.vn/search?q=8937570512041,2026-07-04 04:44:35
41,Shopee,159000.0,24000.0,135000.0,,,https://www.shopee.vn/search?q=8937570512041,2026-07-05 04:44:35
41,Lazada,160000.0,8000.0,152000.0,Voucher tích lũy,Combo mua 2 giảm 5%,https://www.lazada.vn/search?q=8937570512041,2026-07-05 04:44:35
41,TikTok Shop,162000.0,24000.0,138000.0,,,https://www.tiktokshop.vn/search?q=8937570512041,2026-07-05 04:44:35
41,GrabMart,186000.0,0.0,186000.0,,,https://www.grabmart.vn/search?q=8937570512041,2026-07-05 04:44:35
41,Pharmacity,172000.0,9000.0,163000.0,,,https://www.pharmacity.vn/search?q=8937570512041,2026-07-05 04:44:35
41,Shopee,159000.0,24000.0,135000.0,,Flash Sale,https://www.shopee.vn/search?q=8937570512041,2026-07-06 04:44:35
41,Lazada,164000.0,0.0,164000.0,Voucher tích lũy,,https://www.lazada.vn/search?q=8937570512041,2026-07-06 04:44:35
41,TikTok Shop,147000.0,0.0,127000.0,Voucher Livestream 20k,,https://www.tiktokshop.vn/search?q=8937570512041,2026-07-06 04:44:35
41,GrabMart,186000.0,0.0,186000.0,,,https://www.grabmart.vn/search?q=8937570512041,2026-07-06 04:44:35
41,Pharmacity,172000.0,0.0,172000.0,,,https://www.pharmacity.vn/search?q=8937570512041,2026-07-06 04:44:35
42,Shopee,51000.0,0.0,51000.0,,Flash Sale,https://www.shopee.vn/search?q=8935118102204,2026-06-30 04:44:35
42,Lazada,53000.0,5000.0,48000.0,Voucher tích lũy,,https://www.lazada.vn/search?q=8935118102204,2026-06-30 04:44:35
42,TikTok Shop,48000.0,7000.0,41000.0,,,https://www.tiktokshop.vn/search?q=8935118102204,2026-06-30 04:44:35
42,GrabMart,64000.0,0.0,64000.0,,,https://www.grabmart.vn/search?q=8935118102204,2026-06-30 04:44:35
42,Pharmacity,55000.0,3000.0,52000.0,,,https://www.pharmacity.vn/search?q=8935118102204,2026-06-30 04:44:35
42,Shopee,55000.0,0.0,45000.0,Mã giảm 10k,,https://www.shopee.vn/search?q=8935118102204,2026-07-01 04:44:35
42,Lazada,51000.0,5000.0,46000.0,Voucher tích lũy,Combo mua 2 giảm 5%,https://www.lazada.vn/search?q=8935118102204,2026-07-01 04:44:35
42,TikTok Shop,52000.0,0.0,32000.0,Voucher Livestream 20k,,https://www.tiktokshop.vn/search?q=8935118102204,2026-07-01 04:44:35
42,GrabMart,62000.0,0.0,62000.0,,,https://www.grabmart.vn/search?q=8935118102204,2026-07-01 04:44:35
42,Pharmacity,57000.0,0.0,57000.0,,,https://www.pharmacity.vn/search?q=8935118102204,2026-07-01 04:44:35
42,Shopee,55000.0,0.0,55000.0,,,https://www.shopee.vn/search?q=8935118102204,2026-07-02 04:44:35
42,Lazada,52000.0,0.0,52000.0,,,https://www.lazada.vn/search?q=8935118102204,2026-07-02 04:44:35
42,TikTok Shop,50000.0,0.0,30000.0,Voucher Livestream 20k,,https://www.tiktokshop.vn/search?q=8935118102204,2026-07-02 04:44:35
42,GrabMart,62000.0,0.0,62000.0,,,https://www.grabmart.vn/search?q=8935118102204,2026-07-02 04:44:35
42,Pharmacity,56000.0,3000.0,53000.0,,,https://www.pharmacity.vn/search?q=8935118102204,2026-07-02 04:44:35
42,Shopee,53000.0,8000.0,45000.0,,,https://www.shopee.vn/search?q=8935118102204,2026-07-03 04:44:35
42,Lazada,53000.0,5000.0,48000.0,Voucher tích lũy,Combo mua 2 giảm 5%,https://www.lazada.vn/search?q=8935118102204,2026-07-03 04:44:35
42,TikTok Shop,51000.0,8000.0,23000.0,Voucher Livestream 20k,Flash Sale hàng hiệu,https://www.tiktokshop.vn/search?q=8935118102204,2026-07-03 04:44:35
42,GrabMart,64000.0,0.0,64000.0,,,https://www.grabmart.vn/search?q=8935118102204,2026-07-03 04:44:35
42,Pharmacity,56000.0,3000.0,53000.0,,,https://www.pharmacity.vn/search?q=8935118102204,2026-07-03 04:44:35
42,Shopee,54000.0,8000.0,46000.0,Freeship Extra,Flash Sale,https://www.shopee.vn/search?q=8935118102204,2026-07-04 04:44:35
42,Lazada,54000.0,3000.0,51000.0,,,https://www.lazada.vn/search?q=8935118102204,2026-07-04 04:44:35
42,TikTok Shop,48000.0,7000.0,21000.0,Voucher Livestream 20k,Flash Sale hàng hiệu,https://www.tiktokshop.vn/search?q=8935118102204,2026-07-04 04:44:35
42,GrabMart,64000.0,0.0,64000.0,,,https://www.grabmart.vn/search?q=8935118102204,2026-07-04 04:44:35
42,Pharmacity,56000.0,3000.0,53000.0,,,https://www.pharmacity.vn/search?q=8935118102204,2026-07-04 04:44:35
42,Shopee,46000.0,0.0,36000.0,Mã giảm 10k,,https://www.shopee.vn/search?q=8935118102204,2026-07-05 04:44:35
42,Lazada,52000.0,3000.0,49000.0,,Combo mua 2 giảm 5%,https://www.lazada.vn/search?q=8935118102204,2026-07-05 04:44:35
42,TikTok Shop,54000.0,0.0,34000.0,Voucher Livestream 20k,,https://www.tiktokshop.vn/search?q=8935118102204,2026-07-05 04:44:35
42,GrabMart,62000.0,0.0,62000.0,,,https://www.grabmart.vn/search?q=8935118102204,2026-07-05 04:44:35
42,Pharmacity,57000.0,3000.0,54000.0,,,https://www.pharmacity.vn/search?q=8935118102204,2026-07-05 04:44:35
42,Shopee,55000.0,3000.0,52000.0,,,https://www.shopee.vn/search?q=8935118102204,2026-07-06 04:44:35
42,Lazada,51000.0,0.0,51000.0,,Combo mua 2 giảm 5%,https://www.lazada.vn/search?q=8935118102204,2026-07-06 04:44:35
42,TikTok Shop,48000.0,7000.0,41000.0,,,https://www.tiktokshop.vn/search?q=8935118102204,2026-07-06 04:44:35
42,GrabMart,58000.0,0.0,58000.0,,,https://www.grabmart.vn/search?q=8935118102204,2026-07-06 04:44:35
42,Pharmacity,55000.0,3000.0,52000.0,,,https://www.pharmacity.vn/search?q=8935118102204,2026-07-06 04:44:35
43,Shopee,306000.0,31000.0,265000.0,Mã giảm 10k,Flash Sale,https://www.shopee.vn/search?q=8937279194098,2026-06-30 04:44:35
43,Lazada,291000.0,0.0,291000.0,,,https://www.lazada.vn/search?q=8937279194098,2026-06-30 04:44:35
43,TikTok Shop,288000.0,43000.0,225000.0,Voucher Livestream 20k,,https://www.tiktokshop.vn/search?q=8937279194098,2026-06-30 04:44:35
43,GrabMart,332000.0,0.0,332000.0,,,https://www.grabmart.vn/search?q=8937279194098,2026-06-30 04:44:35
43,Pharmacity,308000.0,0.0,308000.0,,,https://www.pharmacity.vn/search?q=8937279194098,2026-06-30 04:44:35
43,Shopee,282000.0,14000.0,268000.0,,,https://www.shopee.vn/search?q=8937279194098,2026-07-01 04:44:35
43,Lazada,301000.0,15000.0,286000.0,Voucher tích lũy,,https://www.lazada.vn/search?q=8937279194098,2026-07-01 04:44:35
43,TikTok Shop,267000.0,27000.0,220000.0,Voucher Livestream 20k,,https://www.tiktokshop.vn/search?q=8937279194098,2026-07-01 04:44:35
43,GrabMart,324000.0,0.0,324000.0,,,https://www.grabmart.vn/search?q=8937279194098,2026-07-01 04:44:35
43,Pharmacity,309000.0,0.0,309000.0,,,https://www.pharmacity.vn/search?q=8937279194098,2026-07-01 04:44:35
43,Shopee,294000.0,29000.0,265000.0,,Flash Sale,https://www.shopee.vn/search?q=8937279194098,2026-07-02 04:44:35
43,Lazada,294000.0,29000.0,265000.0,,,https://www.lazada.vn/search?q=8937279194098,2026-07-02 04:44:35
43,TikTok Shop,281000.0,0.0,261000.0,Voucher Livestream 20k,Flash Sale hàng hiệu,https://www.tiktokshop.vn/search?q=8937279194098,2026-07-02 04:44:35
43,GrabMart,350000.0,0.0,350000.0,,,https://www.grabmart.vn/search?q=8937279194098,2026-07-02 04:44:35
43,Pharmacity,312000.0,0.0,312000.0,,,https://www.pharmacity.vn/search?q=8937279194098,2026-07-02 04:44:35
43,Shopee,278000.0,28000.0,240000.0,Mã giảm 10k,Flash Sale,https://www.shopee.vn/search?q=8937279194098,2026-07-03 04:44:35
43,Lazada,301000.0,30000.0,271000.0,,,https://www.lazada.vn/search?q=8937279194098,2026-07-03 04:44:35
43,TikTok Shop,290000.0,29000.0,241000.0,Voucher Livestream 20k,Flash Sale hàng hiệu,https://www.tiktokshop.vn/search?q=8937279194098,2026-07-03 04:44:35
43,GrabMart,327000.0,0.0,327000.0,,,https://www.grabmart.vn/search?q=8937279194098,2026-07-03 04:44:35
43,Pharmacity,315000.0,0.0,315000.0,,,https://www.pharmacity.vn/search?q=8937279194098,2026-07-03 04:44:35
43,Shopee,305000.0,15000.0,280000.0,Mã giảm 10k,Flash Sale,https://www.shopee.vn/search?q=8937279194098,2026-07-04 04:44:35
43,Lazada,299000.0,15000.0,284000.0,,,https://www.lazada.vn/search?q=8937279194098,2026-07-04 04:44:35
43,TikTok Shop,266000.0,27000.0,239000.0,,,https://www.tiktokshop.vn/search?q=8937279194098,2026-07-04 04:44:35
43,GrabMart,323000.0,0.0,323000.0,,,https://www.grabmart.vn/search?q=8937279194098,2026-07-04 04:44:35
43,Pharmacity,308000.0,0.0,308000.0,,,https://www.pharmacity.vn/search?q=8937279194098,2026-07-04 04:44:35
43,Shopee,310000.0,31000.0,279000.0,,Flash Sale,https://www.shopee.vn/search?q=8937279194098,2026-07-05 04:44:35
43,Lazada,302000.0,0.0,302000.0,Voucher tích lũy,Combo mua 2 giảm 5%,https://www.lazada.vn/search?q=8937279194098,2026-07-05 04:44:35
43,TikTok Shop,280000.0,28000.0,252000.0,,,https://www.tiktokshop.vn/search?q=8937279194098,2026-07-05 04:44:35
43,GrabMart,327000.0,0.0,327000.0,,,https://www.grabmart.vn/search?q=8937279194098,2026-07-05 04:44:35
43,Pharmacity,319000.0,16000.0,303000.0,,,https://www.pharmacity.vn/search?q=8937279194098,2026-07-05 04:44:35
43,Shopee,294000.0,15000.0,279000.0,Freeship Extra,,https://www.shopee.vn/search?q=8937279194098,2026-07-06 04:44:35
43,Lazada,290000.0,29000.0,261000.0,,Combo mua 2 giảm 5%,https://www.lazada.vn/search?q=8937279194098,2026-07-06 04:44:35
43,TikTok Shop,265000.0,26000.0,239000.0,,Flash Sale hàng hiệu,https://www.tiktokshop.vn/search?q=8937279194098,2026-07-06 04:44:35
43,GrabMart,320000.0,0.0,320000.0,,,https://www.grabmart.vn/search?q=8937279194098,2026-07-06 04:44:35
43,Pharmacity,322000.0,0.0,322000.0,,,https://www.pharmacity.vn/search?q=8937279194098,2026-07-06 04:44:35
44,Shopee,276000.0,0.0,276000.0,,,https://www.shopee.vn/search?q=8935104636812,2026-06-30 04:44:35
44,Lazada,262000.0,13000.0,249000.0,,,https://www.lazada.vn/search?q=8935104636812,2026-06-30 04:44:35
44,TikTok Shop,239000.0,36000.0,183000.0,Voucher Livestream 20k,Flash Sale hàng hiệu,https://www.tiktokshop.vn/search?q=8935104636812,2026-06-30 04:44:35
44,GrabMart,304000.0,0.0,304000.0,,,https://www.grabmart.vn/search?q=8935104636812,2026-06-30 04:44:35
44,Pharmacity,288000.0,0.0,288000.0,,,https://www.pharmacity.vn/search?q=8935104636812,2026-06-30 04:44:35
44,Shopee,252000.0,25000.0,217000.0,Mã giảm 10k,Flash Sale,https://www.shopee.vn/search?q=8935104636812,2026-07-01 04:44:35
44,Lazada,253000.0,25000.0,228000.0,Voucher tích lũy,,https://www.lazada.vn/search?q=8935104636812,2026-07-01 04:44:35
44,TikTok Shop,257000.0,26000.0,231000.0,,Flash Sale hàng hiệu,https://www.tiktokshop.vn/search?q=8935104636812,2026-07-01 04:44:35
44,GrabMart,292000.0,0.0,292000.0,,,https://www.grabmart.vn/search?q=8935104636812,2026-07-01 04:44:35
44,Pharmacity,280000.0,14000.0,266000.0,,,https://www.pharmacity.vn/search?q=8935104636812,2026-07-01 04:44:35
44,Shopee,267000.0,0.0,267000.0,Freeship Extra,Flash Sale,https://www.shopee.vn/search?q=8935104636812,2026-07-02 04:44:35
44,Lazada,263000.0,26000.0,237000.0,,Combo mua 2 giảm 5%,https://www.lazada.vn/search?q=8935104636812,2026-07-02 04:44:35
44,TikTok Shop,239000.0,0.0,219000.0,Voucher Livestream 20k,Flash Sale hàng hiệu,https://www.tiktokshop.vn/search?q=8935104636812,2026-07-02 04:44:35
44,GrabMart,324000.0,0.0,324000.0,,,https://www.grabmart.vn/search?q=8935104636812,2026-07-02 04:44:35
44,Pharmacity,280000.0,0.0,280000.0,,,https://www.pharmacity.vn/search?q=8935104636812,2026-07-02 04:44:35
44,Shopee,246000.0,12000.0,234000.0,Freeship Extra,,https://www.shopee.vn/search?q=8935104636812,2026-07-03 04:44:35
44,Lazada,275000.0,14000.0,261000.0,,Combo mua 2 giảm 5%,https://www.lazada.vn/search?q=8935104636812,2026-07-03 04:44:35
44,TikTok Shop,273000.0,0.0,273000.0,,Flash Sale hàng hiệu,https://www.tiktokshop.vn/search?q=8935104636812,2026-07-03 04:44:35
44,GrabMart,285000.0,0.0,285000.0,,,https://www.grabmart.vn/search?q=8935104636812,2026-07-03 04:44:35
44,Pharmacity,284000.0,0.0,284000.0,,,https://www.pharmacity.vn/search?q=8935104636812,2026-07-03 04:44:35
44,Shopee,245000.0,12000.0,233000.0,Freeship Extra,,https://www.shopee.vn/search?q=8935104636812,2026-07-04 04:44:35
44,Lazada,271000.0,14000.0,257000.0,Voucher tích lũy,Combo mua 2 giảm 5%,https://www.lazada.vn/search?q=8935104636812,2026-07-04 04:44:35
44,TikTok Shop,248000.0,37000.0,191000.0,Voucher Livestream 20k,,https://www.tiktokshop.vn/search?q=8935104636812,2026-07-04 04:44:35
44,GrabMart,318000.0,0.0,318000.0,,,https://www.grabmart.vn/search?q=8935104636812,2026-07-04 04:44:35
44,Pharmacity,276000.0,0.0,276000.0,,,https://www.pharmacity.vn/search?q=8935104636812,2026-07-04 04:44:35
44,Shopee,238000.0,24000.0,214000.0,Freeship Extra,,https://www.shopee.vn/search?q=8935104636812,2026-07-05 04:44:35
44,Lazada,265000.0,0.0,265000.0,,Combo mua 2 giảm 5%,https://www.lazada.vn/search?q=8935104636812,2026-07-05 04:44:35
44,TikTok Shop,232000.0,23000.0,209000.0,,Flash Sale hàng hiệu,https://www.tiktokshop.vn/search?q=8935104636812,2026-07-05 04:44:35
44,GrabMart,315000.0,0.0,315000.0,,,https://www.grabmart.vn/search?q=8935104636812,2026-07-05 04:44:35
44,Pharmacity,281000.0,14000.0,267000.0,,,https://www.pharmacity.vn/search?q=8935104636812,2026-07-05 04:44:35
44,Shopee,259000.0,13000.0,246000.0,,,https://www.shopee.vn/search?q=8935104636812,2026-07-06 04:44:35
44,Lazada,253000.0,13000.0,240000.0,,Combo mua 2 giảm 5%,https://www.lazada.vn/search?q=8935104636812,2026-07-06 04:44:35
44,TikTok Shop,271000.0,0.0,271000.0,,,https://www.tiktokshop.vn/search?q=8935104636812,2026-07-06 04:44:35
44,GrabMart,285000.0,0.0,285000.0,,,https://www.grabmart.vn/search?q=8935104636812,2026-07-06 04:44:35
44,Pharmacity,292000.0,15000.0,277000.0,,,https://www.pharmacity.vn/search?q=8935104636812,2026-07-06 04:44:35
45,Shopee,90000.0,14000.0,66000.0,Mã giảm 10k,,https://www.shopee.vn/search?q=8936609656992,2026-06-30 04:44:35
45,Lazada,95000.0,0.0,95000.0,Voucher tích lũy,,https://www.lazada.vn/search?q=8936609656992,2026-06-30 04:44:35
45,TikTok Shop,87000.0,13000.0,74000.0,,,https://www.tiktokshop.vn/search?q=8936609656992,2026-06-30 04:44:35
45,GrabMart,102000.0,0.0,102000.0,,,https://www.grabmart.vn/search?q=8936609656992,2026-06-30 04:44:35
45,Pharmacity,97000.0,5000.0,92000.0,,,https://www.pharmacity.vn/search?q=8936609656992,2026-06-30 04:44:35
45,Shopee,93000.0,9000.0,74000.0,Mã giảm 10k,,https://www.shopee.vn/search?q=8936609656992,2026-07-01 04:44:35
45,Lazada,89000.0,9000.0,80000.0,,,https://www.lazada.vn/search?q=8936609656992,2026-07-01 04:44:35
45,TikTok Shop,86000.0,13000.0,53000.0,Voucher Livestream 20k,,https://www.tiktokshop.vn/search?q=8936609656992,2026-07-01 04:44:35
45,GrabMart,108000.0,0.0,108000.0,,,https://www.grabmart.vn/search?q=8936609656992,2026-07-01 04:44:35
45,Pharmacity,95000.0,0.0,95000.0,,,https://www.pharmacity.vn/search?q=8936609656992,2026-07-01 04:44:35
45,Shopee,88000.0,9000.0,69000.0,Mã giảm 10k,,https://www.shopee.vn/search?q=8936609656992,2026-07-02 04:44:35
45,Lazada,86000.0,9000.0,77000.0,,Combo mua 2 giảm 5%,https://www.lazada.vn/search?q=8936609656992,2026-07-02 04:44:35
45,TikTok Shop,80000.0,8000.0,72000.0,,,https://www.tiktokshop.vn/search?q=8936609656992,2026-07-02 04:44:35
45,GrabMart,98000.0,0.0,98000.0,,,https://www.grabmart.vn/search?q=8936609656992,2026-07-02 04:44:35
45,Pharmacity,99000.0,5000.0,94000.0,,,https://www.pharmacity.vn/search?q=8936609656992,2026-07-02 04:44:35
45,Shopee,83000.0,12000.0,71000.0,Freeship Extra,,https://www.shopee.vn/search?q=8936609656992,2026-07-03 04:44:35
45,Lazada,89000.0,4000.0,85000.0,,,https://www.lazada.vn/search?q=8936609656992,2026-07-03 04:44:35
45,TikTok Shop,93000.0,14000.0,79000.0,,,https://www.tiktokshop.vn/search?q=8936609656992,2026-07-03 04:44:35
45,GrabMart,111000.0,0.0,111000.0,,,https://www.grabmart.vn/search?q=8936609656992,2026-07-03 04:44:35
45,Pharmacity,95000.0,0.0,95000.0,,,https://www.pharmacity.vn/search?q=8936609656992,2026-07-03 04:44:35
45,Shopee,88000.0,9000.0,79000.0,Freeship Extra,Flash Sale,https://www.shopee.vn/search?q=8936609656992,2026-07-04 04:44:35
45,Lazada,88000.0,0.0,88000.0,,,https://www.lazada.vn/search?q=8936609656992,2026-07-04 04:44:35
45,TikTok Shop,93000.0,0.0,73000.0,Voucher Livestream 20k,,https://www.tiktokshop.vn/search?q=8936609656992,2026-07-04 04:44:35
45,GrabMart,104000.0,0.0,104000.0,,,https://www.grabmart.vn/search?q=8936609656992,2026-07-04 04:44:35
45,Pharmacity,100000.0,0.0,100000.0,,,https://www.pharmacity.vn/search?q=8936609656992,2026-07-04 04:44:35
45,Shopee,91000.0,14000.0,77000.0,,,https://www.shopee.vn/search?q=8936609656992,2026-07-05 04:44:35
45,Lazada,91000.0,5000.0,86000.0,Voucher tích lũy,Combo mua 2 giảm 5%,https://www.lazada.vn/search?q=8936609656992,2026-07-05 04:44:35
45,TikTok Shop,85000.0,13000.0,72000.0,,,https://www.tiktokshop.vn/search?q=8936609656992,2026-07-05 04:44:35
45,GrabMart,111000.0,0.0,111000.0,,,https://www.grabmart.vn/search?q=8936609656992,2026-07-05 04:44:35
45,Pharmacity,96000.0,0.0,96000.0,,,https://www.pharmacity.vn/search?q=8936609656992,2026-07-05 04:44:35
45,Shopee,82000.0,4000.0,78000.0,,Flash Sale,https://www.shopee.vn/search?q=8936609656992,2026-07-06 04:44:35
45,Lazada,85000.0,0.0,85000.0,Voucher tích lũy,Combo mua 2 giảm 5%,https://www.lazada.vn/search?q=8936609656992,2026-07-06 04:44:35
45,TikTok Shop,93000.0,0.0,93000.0,,Flash Sale hàng hiệu,https://www.tiktokshop.vn/search?q=8936609656992,2026-07-06 04:44:35
45,GrabMart,113000.0,0.0,113000.0,,,https://www.grabmart.vn/search?q=8936609656992,2026-07-06 04:44:35
45,Pharmacity,95000.0,5000.0,90000.0,,,https://www.pharmacity.vn/search?q=8936609656992,2026-07-06 04:44:35
46,Shopee,139000.0,0.0,139000.0,Freeship Extra,Flash Sale,https://www.shopee.vn/search?q=8935014556163,2026-06-30 04:44:35
46,Lazada,139000.0,7000.0,132000.0,,,https://www.lazada.vn/search?q=8935014556163,2026-06-30 04:44:35
46,TikTok Shop,138000.0,0.0,138000.0,,Flash Sale hàng hiệu,https://www.tiktokshop.vn/search?q=8935014556163,2026-06-30 04:44:35
46,GrabMart,170000.0,0.0,170000.0,,,https://www.grabmart.vn/search?q=8935014556163,2026-06-30 04:44:35
46,Pharmacity,154000.0,8000.0,146000.0,,,https://www.pharmacity.vn/search?q=8935014556163,2026-06-30 04:44:35
46,Shopee,138000.0,14000.0,114000.0,Mã giảm 10k,Flash Sale,https://www.shopee.vn/search?q=8935014556163,2026-07-01 04:44:35
46,Lazada,150000.0,15000.0,135000.0,Voucher tích lũy,Combo mua 2 giảm 5%,https://www.lazada.vn/search?q=8935014556163,2026-07-01 04:44:35
46,TikTok Shop,135000.0,0.0,135000.0,,Flash Sale hàng hiệu,https://www.tiktokshop.vn/search?q=8935014556163,2026-07-01 04:44:35
46,GrabMart,177000.0,0.0,177000.0,,,https://www.grabmart.vn/search?q=8935014556163,2026-07-01 04:44:35
46,Pharmacity,148000.0,0.0,148000.0,,,https://www.pharmacity.vn/search?q=8935014556163,2026-07-01 04:44:35
46,Shopee,139000.0,0.0,139000.0,Freeship Extra,,https://www.shopee.vn/search?q=8935014556163,2026-07-02 04:44:35
46,Lazada,147000.0,7000.0,140000.0,Voucher tích lũy,,https://www.lazada.vn/search?q=8935014556163,2026-07-02 04:44:35
46,TikTok Shop,131000.0,20000.0,111000.0,,,https://www.tiktokshop.vn/search?q=8935014556163,2026-07-02 04:44:35
46,GrabMart,168000.0,0.0,168000.0,,,https://www.grabmart.vn/search?q=8935014556163,2026-07-02 04:44:35
46,Pharmacity,155000.0,8000.0,147000.0,,,https://www.pharmacity.vn/search?q=8935014556163,2026-07-02 04:44:35
46,Shopee,147000.0,15000.0,122000.0,Mã giảm 10k,Flash Sale,https://www.shopee.vn/search?q=8935014556163,2026-07-03 04:44:35
46,Lazada,147000.0,0.0,147000.0,Voucher tích lũy,Combo mua 2 giảm 5%,https://www.lazada.vn/search?q=8935014556163,2026-07-03 04:44:35
46,TikTok Shop,133000.0,20000.0,113000.0,,,https://www.tiktokshop.vn/search?q=8935014556163,2026-07-03 04:44:35
46,GrabMart,157000.0,0.0,157000.0,,,https://www.grabmart.vn/search?q=8935014556163,2026-07-03 04:44:35
46,Pharmacity,157000.0,8000.0,149000.0,,,https://www.pharmacity.vn/search?q=8935014556163,2026-07-03 04:44:35
46,Shopee,150000.0,0.0,150000.0,Freeship Extra,,https://www.shopee.vn/search?q=8935014556163,2026-07-04 04:44:35
46,Lazada,141000.0,14000.0,127000.0,Voucher tích lũy,Combo mua 2 giảm 5%,https://www.lazada.vn/search?q=8935014556163,2026-07-04 04:44:35
46,TikTok Shop,135000.0,14000.0,121000.0,,Flash Sale hàng hiệu,https://www.tiktokshop.vn/search?q=8935014556163,2026-07-04 04:44:35
46,GrabMart,166000.0,0.0,166000.0,,,https://www.grabmart.vn/search?q=8935014556163,2026-07-04 04:44:35
46,Pharmacity,155000.0,0.0,155000.0,,,https://www.pharmacity.vn/search?q=8935014556163,2026-07-04 04:44:35
46,Shopee,133000.0,13000.0,110000.0,Mã giảm 10k,,https://www.shopee.vn/search?q=8935014556163,2026-07-05 04:44:35
46,Lazada,150000.0,8000.0,142000.0,,Combo mua 2 giảm 5%,https://www.lazada.vn/search?q=8935014556163,2026-07-05 04:44:35
46,TikTok Shop,147000.0,22000.0,125000.0,,Flash Sale hàng hiệu,https://www.tiktokshop.vn/search?q=8935014556163,2026-07-05 04:44:35
46,GrabMart,157000.0,0.0,157000.0,,,https://www.grabmart.vn/search?q=8935014556163,2026-07-05 04:44:35
46,Pharmacity,149000.0,7000.0,142000.0,,,https://www.pharmacity.vn/search?q=8935014556163,2026-07-05 04:44:35
46,Shopee,145000.0,14000.0,131000.0,Freeship Extra,,https://www.shopee.vn/search?q=8935014556163,2026-07-06 04:44:35
46,Lazada,137000.0,0.0,137000.0,Voucher tích lũy,,https://www.lazada.vn/search?q=8935014556163,2026-07-06 04:44:35
46,TikTok Shop,132000.0,13000.0,119000.0,,Flash Sale hàng hiệu,https://www.tiktokshop.vn/search?q=8935014556163,2026-07-06 04:44:35
46,GrabMart,157000.0,0.0,157000.0,,,https://www.grabmart.vn/search?q=8935014556163,2026-07-06 04:44:35
46,Pharmacity,152000.0,0.0,152000.0,,,https://www.pharmacity.vn/search?q=8935014556163,2026-07-06 04:44:35
47,Shopee,258000.0,0.0,258000.0,Freeship Extra,,https://www.shopee.vn/search?q=8930782357844,2026-06-30 04:44:35
47,Lazada,268000.0,0.0,268000.0,Voucher tích lũy,Combo mua 2 giảm 5%,https://www.lazada.vn/search?q=8930782357844,2026-06-30 04:44:35
47,TikTok Shop,277000.0,42000.0,235000.0,,,https://www.tiktokshop.vn/search?q=8930782357844,2026-06-30 04:44:35
47,GrabMart,315000.0,0.0,315000.0,,,https://www.grabmart.vn/search?q=8930782357844,2026-06-30 04:44:35
47,Pharmacity,292000.0,0.0,292000.0,,,https://www.pharmacity.vn/search?q=8930782357844,2026-06-30 04:44:35
47,Shopee,268000.0,0.0,268000.0,,Flash Sale,https://www.shopee.vn/search?q=8930782357844,2026-07-01 04:44:35
47,Lazada,261000.0,13000.0,248000.0,,Combo mua 2 giảm 5%,https://www.lazada.vn/search?q=8930782357844,2026-07-01 04:44:35
47,TikTok Shop,252000.0,25000.0,207000.0,Voucher Livestream 20k,Flash Sale hàng hiệu,https://www.tiktokshop.vn/search?q=8930782357844,2026-07-01 04:44:35
47,GrabMart,337000.0,0.0,337000.0,,,https://www.grabmart.vn/search?q=8930782357844,2026-07-01 04:44:35
47,Pharmacity,305000.0,15000.0,290000.0,,,https://www.pharmacity.vn/search?q=8930782357844,2026-07-01 04:44:35
47,Shopee,259000.0,26000.0,233000.0,,,https://www.shopee.vn/search?q=8930782357844,2026-07-02 04:44:35
47,Lazada,295000.0,30000.0,265000.0,,,https://www.lazada.vn/search?q=8930782357844,2026-07-02 04:44:35
47,TikTok Shop,269000.0,40000.0,209000.0,Voucher Livestream 20k,Flash Sale hàng hiệu,https://www.tiktokshop.vn/search?q=8930782357844,2026-07-02 04:44:35
47,GrabMart,307000.0,0.0,307000.0,,,https://www.grabmart.vn/search?q=8930782357844,2026-07-02 04:44:35
47,Pharmacity,306000.0,15000.0,291000.0,,,https://www.pharmacity.vn/search?q=8930782357844,2026-07-02 04:44:35
47,Shopee,279000.0,14000.0,265000.0,,Flash Sale,https://www.shopee.vn/search?q=8930782357844,2026-07-03 04:44:35
47,Lazada,283000.0,14000.0,269000.0,Voucher tích lũy,,https://www.lazada.vn/search?q=8930782357844,2026-07-03 04:44:35
47,TikTok Shop,249000.0,25000.0,224000.0,,,https://www.tiktokshop.vn/search?q=8930782357844,2026-07-03 04:44:35
47,GrabMart,319000.0,0.0,319000.0,,,https://www.grabmart.vn/search?q=8930782357844,2026-07-03 04:44:35
47,Pharmacity,293000.0,15000.0,278000.0,,,https://www.pharmacity.vn/search?q=8930782357844,2026-07-03 04:44:35
47,Shopee,260000.0,39000.0,221000.0,Freeship Extra,Flash Sale,https://www.shopee.vn/search?q=8930782357844,2026-07-04 04:44:35
47,Lazada,272000.0,0.0,272000.0,,Combo mua 2 giảm 5%,https://www.lazada.vn/search?q=8930782357844,2026-07-04 04:44:35
47,TikTok Shop,270000.0,0.0,250000.0,Voucher Livestream 20k,,https://www.tiktokshop.vn/search?q=8930782357844,2026-07-04 04:44:35
47,GrabMart,322000.0,0.0,322000.0,,,https://www.grabmart.vn/search?q=8930782357844,2026-07-04 04:44:35
47,Pharmacity,305000.0,15000.0,290000.0,,,https://www.pharmacity.vn/search?q=8930782357844,2026-07-04 04:44:35
47,Shopee,274000.0,14000.0,260000.0,,Flash Sale,https://www.shopee.vn/search?q=8930782357844,2026-07-05 04:44:35
47,Lazada,294000.0,15000.0,279000.0,,Combo mua 2 giảm 5%,https://www.lazada.vn/search?q=8930782357844,2026-07-05 04:44:35
47,TikTok Shop,281000.0,28000.0,233000.0,Voucher Livestream 20k,Flash Sale hàng hiệu,https://www.tiktokshop.vn/search?q=8930782357844,2026-07-05 04:44:35
47,GrabMart,301000.0,0.0,301000.0,,,https://www.grabmart.vn/search?q=8930782357844,2026-07-05 04:44:35
47,Pharmacity,301000.0,15000.0,286000.0,,,https://www.pharmacity.vn/search?q=8930782357844,2026-07-05 04:44:35
47,Shopee,275000.0,14000.0,251000.0,Mã giảm 10k,Flash Sale,https://www.shopee.vn/search?q=8930782357844,2026-07-06 04:44:35
47,Lazada,283000.0,0.0,283000.0,,Combo mua 2 giảm 5%,https://www.lazada.vn/search?q=8930782357844,2026-07-06 04:44:35
47,TikTok Shop,282000.0,0.0,262000.0,Voucher Livestream 20k,,https://www.tiktokshop.vn/search?q=8930782357844,2026-07-06 04:44:35
47,GrabMart,338000.0,0.0,338000.0,,,https://www.grabmart.vn/search?q=8930782357844,2026-07-06 04:44:35
47,Pharmacity,302000.0,15000.0,287000.0,,,https://www.pharmacity.vn/search?q=8930782357844,2026-07-06 04:44:35
48,Shopee,40000.0,2000.0,38000.0,,,https://www.shopee.vn/search?q=8938276153965,2026-06-30 04:44:35
48,Lazada,42000.0,4000.0,38000.0,Voucher tích lũy,,https://www.lazada.vn/search?q=8938276153965,2026-06-30 04:44:35
48,TikTok Shop,39000.0,4000.0,15000.0,Voucher Livestream 20k,,https://www.tiktokshop.vn/search?q=8938276153965,2026-06-30 04:44:35
48,GrabMart,49000.0,0.0,49000.0,,,https://www.grabmart.vn/search?q=8938276153965,2026-06-30 04:44:35
48,Pharmacity,43000.0,2000.0,41000.0,,,https://www.pharmacity.vn/search?q=8938276153965,2026-06-30 04:44:35
48,Shopee,37000.0,0.0,37000.0,Freeship Extra,Flash Sale,https://www.shopee.vn/search?q=8938276153965,2026-07-01 04:44:35
48,Lazada,40000.0,4000.0,36000.0,,,https://www.lazada.vn/search?q=8938276153965,2026-07-01 04:44:35
48,TikTok Shop,37000.0,0.0,37000.0,,,https://www.tiktokshop.vn/search?q=8938276153965,2026-07-01 04:44:35
48,GrabMart,48000.0,0.0,48000.0,,,https://www.grabmart.vn/search?q=8938276153965,2026-07-01 04:44:35
48,Pharmacity,44000.0,2000.0,42000.0,,,https://www.pharmacity.vn/search?q=8938276153965,2026-07-01 04:44:35
48,Shopee,39000.0,6000.0,33000.0,,,https://www.shopee.vn/search?q=8938276153965,2026-07-02 04:44:35
48,Lazada,41000.0,2000.0,39000.0,Voucher tích lũy,Combo mua 2 giảm 5%,https://www.lazada.vn/search?q=8938276153965,2026-07-02 04:44:35
48,TikTok Shop,42000.0,4000.0,18000.0,Voucher Livestream 20k,,https://www.tiktokshop.vn/search?q=8938276153965,2026-07-02 04:44:35
48,GrabMart,48000.0,0.0,48000.0,,,https://www.grabmart.vn/search?q=8938276153965,2026-07-02 04:44:35
48,Pharmacity,44000.0,2000.0,42000.0,,,https://www.pharmacity.vn/search?q=8938276153965,2026-07-02 04:44:35
48,Shopee,42000.0,4000.0,38000.0,,Flash Sale,https://www.shopee.vn/search?q=8938276153965,2026-07-03 04:44:35
48,Lazada,43000.0,0.0,43000.0,,Combo mua 2 giảm 5%,https://www.lazada.vn/search?q=8938276153965,2026-07-03 04:44:35
48,TikTok Shop,36000.0,4000.0,32000.0,,,https://www.tiktokshop.vn/search?q=8938276153965,2026-07-03 04:44:35
48,GrabMart,47000.0,0.0,47000.0,,,https://www.grabmart.vn/search?q=8938276153965,2026-07-03 04:44:35
48,Pharmacity,44000.0,2000.0,42000.0,,,https://www.pharmacity.vn/search?q=8938276153965,2026-07-03 04:44:35
48,Shopee,42000.0,6000.0,26000.0,Mã giảm 10k,Flash Sale,https://www.shopee.vn/search?q=8938276153965,2026-07-04 04:44:35
48,Lazada,41000.0,4000.0,37000.0,,Combo mua 2 giảm 5%,https://www.lazada.vn/search?q=8938276153965,2026-07-04 04:44:35
48,TikTok Shop,36000.0,5000.0,11000.0,Voucher Livestream 20k,Flash Sale hàng hiệu,https://www.tiktokshop.vn/search?q=8938276153965,2026-07-04 04:44:35
48,GrabMart,49000.0,0.0,49000.0,,,https://www.grabmart.vn/search?q=8938276153965,2026-07-04 04:44:35
48,Pharmacity,43000.0,0.0,43000.0,,,https://www.pharmacity.vn/search?q=8938276153965,2026-07-04 04:44:35
48,Shopee,37000.0,0.0,37000.0,Freeship Extra,,https://www.shopee.vn/search?q=8938276153965,2026-07-05 04:44:35
48,Lazada,39000.0,2000.0,37000.0,Voucher tích lũy,,https://www.lazada.vn/search?q=8938276153965,2026-07-05 04:44:35
48,TikTok Shop,36000.0,5000.0,11000.0,Voucher Livestream 20k,Flash Sale hàng hiệu,https://www.tiktokshop.vn/search?q=8938276153965,2026-07-05 04:44:35
48,GrabMart,50000.0,0.0,50000.0,,,https://www.grabmart.vn/search?q=8938276153965,2026-07-05 04:44:35
48,Pharmacity,44000.0,2000.0,42000.0,,,https://www.pharmacity.vn/search?q=8938276153965,2026-07-05 04:44:35
48,Shopee,41000.0,6000.0,35000.0,Freeship Extra,Flash Sale,https://www.shopee.vn/search?q=8938276153965,2026-07-06 04:44:35
48,Lazada,41000.0,2000.0,39000.0,Voucher tích lũy,Combo mua 2 giảm 5%,https://www.lazada.vn/search?q=8938276153965,2026-07-06 04:44:35
48,TikTok Shop,37000.0,4000.0,33000.0,,Flash Sale hàng hiệu,https://www.tiktokshop.vn/search?q=8938276153965,2026-07-06 04:44:35
48,GrabMart,50000.0,0.0,50000.0,,,https://www.grabmart.vn/search?q=8938276153965,2026-07-06 04:44:35
48,Pharmacity,43000.0,2000.0,41000.0,,,https://www.pharmacity.vn/search?q=8938276153965,2026-07-06 04:44:35
49,Shopee,22000.0,0.0,22000.0,Freeship Extra,,https://www.shopee.vn/search?q=8930097519715,2026-06-30 04:44:35
49,Lazada,21000.0,2000.0,19000.0,,Combo mua 2 giảm 5%,https://www.lazada.vn/search?q=8930097519715,2026-06-30 04:44:35
49,TikTok Shop,22000.0,2000.0,20000.0,,Flash Sale hàng hiệu,https://www.tiktokshop.vn/search?q=8930097519715,2026-06-30 04:44:35
49,GrabMart,26000.0,0.0,26000.0,,,https://www.grabmart.vn/search?q=8930097519715,2026-06-30 04:44:35
49,Pharmacity,25000.0,1000.0,24000.0,,,https://www.pharmacity.vn/search?q=8930097519715,2026-06-30 04:44:35
49,Shopee,22000.0,2000.0,10000.0,Mã giảm 10k,,https://www.shopee.vn/search?q=8930097519715,2026-07-01 04:44:35
49,Lazada,21000.0,2000.0,19000.0,Voucher tích lũy,Combo mua 2 giảm 5%,https://www.lazada.vn/search?q=8930097519715,2026-07-01 04:44:35
49,TikTok Shop,19000.0,2000.0,17000.0,,,https://www.tiktokshop.vn/search?q=8930097519715,2026-07-01 04:44:35
49,GrabMart,26000.0,0.0,26000.0,,,https://www.grabmart.vn/search?q=8930097519715,2026-07-01 04:44:35
49,Pharmacity,24000.0,0.0,24000.0,,,https://www.pharmacity.vn/search?q=8930097519715,2026-07-01 04:44:35
49,Shopee,21000.0,0.0,21000.0,,,https://www.shopee.vn/search?q=8930097519715,2026-07-02 04:44:35
49,Lazada,23000.0,1000.0,22000.0,Voucher tích lũy,,https://www.lazada.vn/search?q=8930097519715,2026-07-02 04:44:35
49,TikTok Shop,22000.0,2000.0,1000,Voucher Livestream 20k,,https://www.tiktokshop.vn/search?q=8930097519715,2026-07-02 04:44:35
49,GrabMart,27000.0,0.0,27000.0,,,https://www.grabmart.vn/search?q=8930097519715,2026-07-02 04:44:35
49,Pharmacity,24000.0,0.0,24000.0,,,https://www.pharmacity.vn/search?q=8930097519715,2026-07-02 04:44:35
49,Shopee,22000.0,2000.0,20000.0,,Flash Sale,https://www.shopee.vn/search?q=8930097519715,2026-07-03 04:44:35
49,Lazada,23000.0,0.0,23000.0,Voucher tích lũy,,https://www.lazada.vn/search?q=8930097519715,2026-07-03 04:44:35
49,TikTok Shop,22000.0,0.0,2000.0,Voucher Livestream 20k,,https://www.tiktokshop.vn/search?q=8930097519715,2026-07-03 04:44:35
49,GrabMart,27000.0,0.0,27000.0,,,https://www.grabmart.vn/search?q=8930097519715,2026-07-03 04:44:35
49,Pharmacity,24000.0,0.0,24000.0,,,https://www.pharmacity.vn/search?q=8930097519715,2026-07-03 04:44:35
49,Shopee,23000.0,3000.0,10000.0,Mã giảm 10k,,https://www.shopee.vn/search?q=8930097519715,2026-07-04 04:44:35
49,Lazada,23000.0,2000.0,21000.0,,,https://www.lazada.vn/search?q=8930097519715,2026-07-04 04:44:35
49,TikTok Shop,21000.0,2000.0,19000.0,,Flash Sale hàng hiệu,https://www.tiktokshop.vn/search?q=8930097519715,2026-07-04 04:44:35
49,GrabMart,27000.0,0.0,27000.0,,,https://www.grabmart.vn/search?q=8930097519715,2026-07-04 04:44:35
49,Pharmacity,23000.0,0.0,23000.0,,,https://www.pharmacity.vn/search?q=8930097519715,2026-07-04 04:44:35
49,Shopee,22000.0,3000.0,9000.0,Mã giảm 10k,Flash Sale,https://www.shopee.vn/search?q=8930097519715,2026-07-05 04:44:35
49,Lazada,23000.0,2000.0,21000.0,,Combo mua 2 giảm 5%,https://www.lazada.vn/search?q=8930097519715,2026-07-05 04:44:35
49,TikTok Shop,22000.0,2000.0,1000,Voucher Livestream 20k,Flash Sale hàng hiệu,https://www.tiktokshop.vn/search?q=8930097519715,2026-07-05 04:44:35
49,GrabMart,24000.0,0.0,24000.0,,,https://www.grabmart.vn/search?q=8930097519715,2026-07-05 04:44:35
49,Pharmacity,25000.0,0.0,25000.0,,,https://www.pharmacity.vn/search?q=8930097519715,2026-07-05 04:44:35
49,Shopee,21000.0,3000.0,8000.0,Mã giảm 10k,Flash Sale,https://www.shopee.vn/search?q=8930097519715,2026-07-06 04:44:35
49,Lazada,23000.0,2000.0,21000.0,,,https://www.lazada.vn/search?q=8930097519715,2026-07-06 04:44:35
49,TikTok Shop,23000.0,3000.0,1000,Voucher Livestream 20k,Flash Sale hàng hiệu,https://www.tiktokshop.vn/search?q=8930097519715,2026-07-06 04:44:35
49,GrabMart,26000.0,0.0,26000.0,,,https://www.grabmart.vn/search?q=8930097519715,2026-07-06 04:44:35
49,Pharmacity,24000.0,1000.0,23000.0,,,https://www.pharmacity.vn/search?q=8930097519715,2026-07-06 04:44:35
50,Shopee,139000.0,0.0,139000.0,Freeship Extra,,https://www.shopee.vn/search?q=8931496739384,2026-06-30 04:44:35
50,Lazada,152000.0,0.0,152000.0,Voucher tích lũy,,https://www.lazada.vn/search?q=8931496739384,2026-06-30 04:44:35
50,TikTok Shop,140000.0,21000.0,99000.0,Voucher Livestream 20k,Flash Sale hàng hiệu,https://www.tiktokshop.vn/search?q=8931496739384,2026-06-30 04:44:35
50,GrabMart,162000.0,0.0,162000.0,,,https://www.grabmart.vn/search?q=8931496739384,2026-06-30 04:44:35
50,Pharmacity,155000.0,0.0,155000.0,,,https://www.pharmacity.vn/search?q=8931496739384,2026-06-30 04:44:35
50,Shopee,132000.0,0.0,132000.0,,,https://www.shopee.vn/search?q=8931496739384,2026-07-01 04:44:35
50,Lazada,154000.0,15000.0,139000.0,,,https://www.lazada.vn/search?q=8931496739384,2026-07-01 04:44:35
50,TikTok Shop,129000.0,19000.0,110000.0,,Flash Sale hàng hiệu,https://www.tiktokshop.vn/search?q=8931496739384,2026-07-01 04:44:35
50,GrabMart,173000.0,0.0,173000.0,,,https://www.grabmart.vn/search?q=8931496739384,2026-07-01 04:44:35
50,Pharmacity,162000.0,0.0,162000.0,,,https://www.pharmacity.vn/search?q=8931496739384,2026-07-01 04:44:35
50,Shopee,154000.0,8000.0,136000.0,Mã giảm 10k,Flash Sale,https://www.shopee.vn/search?q=8931496739384,2026-07-02 04:44:35
50,Lazada,145000.0,0.0,145000.0,Voucher tích lũy,Combo mua 2 giảm 5%,https://www.lazada.vn/search?q=8931496739384,2026-07-02 04:44:35
50,TikTok Shop,146000.0,22000.0,104000.0,Voucher Livestream 20k,Flash Sale hàng hiệu,https://www.tiktokshop.vn/search?q=8931496739384,2026-07-02 04:44:35
50,GrabMart,161000.0,0.0,161000.0,,,https://www.grabmart.vn/search?q=8931496739384,2026-07-02 04:44:35
50,Pharmacity,152000.0,0.0,152000.0,,,https://www.pharmacity.vn/search?q=8931496739384,2026-07-02 04:44:35
50,Shopee,141000.0,14000.0,127000.0,,Flash Sale,https://www.shopee.vn/search?q=8931496739384,2026-07-03 04:44:35
50,Lazada,154000.0,8000.0,146000.0,,Combo mua 2 giảm 5%,https://www.lazada.vn/search?q=8931496739384,2026-07-03 04:44:35
50,TikTok Shop,128000.0,0.0,108000.0,Voucher Livestream 20k,,https://www.tiktokshop.vn/search?q=8931496739384,2026-07-03 04:44:35
50,GrabMart,173000.0,0.0,173000.0,,,https://www.grabmart.vn/search?q=8931496739384,2026-07-03 04:44:35
50,Pharmacity,153000.0,8000.0,145000.0,,,https://www.pharmacity.vn/search?q=8931496739384,2026-07-03 04:44:35
50,Shopee,137000.0,0.0,127000.0,Mã giảm 10k,Flash Sale,https://www.shopee.vn/search?q=8931496739384,2026-07-04 04:44:35
50,Lazada,138000.0,0.0,138000.0,,Combo mua 2 giảm 5%,https://www.lazada.vn/search?q=8931496739384,2026-07-04 04:44:35
50,TikTok Shop,146000.0,0.0,126000.0,Voucher Livestream 20k,,https://www.tiktokshop.vn/search?q=8931496739384,2026-07-04 04:44:35
50,GrabMart,173000.0,0.0,173000.0,,,https://www.grabmart.vn/search?q=8931496739384,2026-07-04 04:44:35
50,Pharmacity,152000.0,0.0,152000.0,,,https://www.pharmacity.vn/search?q=8931496739384,2026-07-04 04:44:35
50,Shopee,148000.0,15000.0,133000.0,,Flash Sale,https://www.shopee.vn/search?q=8931496739384,2026-07-05 04:44:35
50,Lazada,153000.0,15000.0,138000.0,,Combo mua 2 giảm 5%,https://www.lazada.vn/search?q=8931496739384,2026-07-05 04:44:35
50,TikTok Shop,138000.0,14000.0,124000.0,,,https://www.tiktokshop.vn/search?q=8931496739384,2026-07-05 04:44:35
50,GrabMart,157000.0,0.0,157000.0,,,https://www.grabmart.vn/search?q=8931496739384,2026-07-05 04:44:35
50,Pharmacity,162000.0,8000.0,154000.0,,,https://www.pharmacity.vn/search?q=8931496739384,2026-07-05 04:44:35
50,Shopee,134000.0,13000.0,111000.0,Mã giảm 10k,Flash Sale,https://www.shopee.vn/search?q=8931496739384,2026-07-06 04:44:35
50,Lazada,143000.0,14000.0,129000.0,,Combo mua 2 giảm 5%,https://www.lazada.vn/search?q=8931496739384,2026-07-06 04:44:35
50,TikTok Shop,140000.0,14000.0,126000.0,,Flash Sale hàng hiệu,https://www.tiktokshop.vn/search?q=8931496739384,2026-07-06 04:44:35
50,GrabMart,176000.0,0.0,176000.0,,,https://www.grabmart.vn/search?q=8931496739384,2026-07-06 04:44:35
50,Pharmacity,155000.0,0.0,155000.0,,,https://www.pharmacity.vn/search?q=8931496739384,2026-07-06 04:44:35
51,Shopee,166000.0,8000.0,148000.0,Mã giảm 10k,Flash Sale,https://www.shopee.vn/search?q=8933461571739,2026-06-30 04:44:35
51,Lazada,167000.0,17000.0,150000.0,Voucher tích lũy,Combo mua 2 giảm 5%,https://www.lazada.vn/search?q=8933461571739,2026-06-30 04:44:35
51,TikTok Shop,171000.0,17000.0,154000.0,,,https://www.tiktokshop.vn/search?q=8933461571739,2026-06-30 04:44:35
51,GrabMart,202000.0,0.0,202000.0,,,https://www.grabmart.vn/search?q=8933461571739,2026-06-30 04:44:35
51,Pharmacity,190000.0,0.0,190000.0,,,https://www.pharmacity.vn/search?q=8933461571739,2026-06-30 04:44:35
51,Shopee,173000.0,9000.0,164000.0,Freeship Extra,Flash Sale,https://www.shopee.vn/search?q=8933461571739,2026-07-01 04:44:35
51,Lazada,188000.0,19000.0,169000.0,,,https://www.lazada.vn/search?q=8933461571739,2026-07-01 04:44:35
51,TikTok Shop,183000.0,0.0,183000.0,,Flash Sale hàng hiệu,https://www.tiktokshop.vn/search?q=8933461571739,2026-07-01 04:44:35
51,GrabMart,211000.0,0.0,211000.0,,,https://www.grabmart.vn/search?q=8933461571739,2026-07-01 04:44:35
51,Pharmacity,192000.0,0.0,192000.0,,,https://www.pharmacity.vn/search?q=8933461571739,2026-07-01 04:44:35
51,Shopee,168000.0,8000.0,160000.0,,,https://www.shopee.vn/search?q=8933461571739,2026-07-02 04:44:35
51,Lazada,181000.0,9000.0,172000.0,,Combo mua 2 giảm 5%,https://www.lazada.vn/search?q=8933461571739,2026-07-02 04:44:35
51,TikTok Shop,173000.0,26000.0,147000.0,,,https://www.tiktokshop.vn/search?q=8933461571739,2026-07-02 04:44:35
51,GrabMart,195000.0,0.0,195000.0,,,https://www.grabmart.vn/search?q=8933461571739,2026-07-02 04:44:35
51,Pharmacity,193000.0,0.0,193000.0,,,https://www.pharmacity.vn/search?q=8933461571739,2026-07-02 04:44:35
51,Shopee,162000.0,8000.0,144000.0,Mã giảm 10k,Flash Sale,https://www.shopee.vn/search?q=8933461571739,2026-07-03 04:44:35
51,Lazada,185000.0,18000.0,167000.0,Voucher tích lũy,Combo mua 2 giảm 5%,https://www.lazada.vn/search?q=8933461571739,2026-07-03 04:44:35
51,TikTok Shop,158000.0,24000.0,134000.0,,Flash Sale hàng hiệu,https://www.tiktokshop.vn/search?q=8933461571739,2026-07-03 04:44:35
51,GrabMart,217000.0,0.0,217000.0,,,https://www.grabmart.vn/search?q=8933461571739,2026-07-03 04:44:35
51,Pharmacity,196000.0,0.0,196000.0,,,https://www.pharmacity.vn/search?q=8933461571739,2026-07-03 04:44:35
51,Shopee,179000.0,18000.0,161000.0,,,https://www.shopee.vn/search?q=8933461571739,2026-07-04 04:44:35
51,Lazada,172000.0,9000.0,163000.0,,Combo mua 2 giảm 5%,https://www.lazada.vn/search?q=8933461571739,2026-07-04 04:44:35
51,TikTok Shop,171000.0,17000.0,154000.0,,,https://www.tiktokshop.vn/search?q=8933461571739,2026-07-04 04:44:35
51,GrabMart,195000.0,0.0,195000.0,,,https://www.grabmart.vn/search?q=8933461571739,2026-07-04 04:44:35
51,Pharmacity,196000.0,10000.0,186000.0,,,https://www.pharmacity.vn/search?q=8933461571739,2026-07-04 04:44:35
51,Shopee,184000.0,0.0,174000.0,Mã giảm 10k,,https://www.shopee.vn/search?q=8933461571739,2026-07-05 04:44:35
51,Lazada,166000.0,0.0,166000.0,,Combo mua 2 giảm 5%,https://www.lazada.vn/search?q=8933461571739,2026-07-05 04:44:35
51,TikTok Shop,167000.0,17000.0,150000.0,,,https://www.tiktokshop.vn/search?q=8933461571739,2026-07-05 04:44:35
51,GrabMart,195000.0,0.0,195000.0,,,https://www.grabmart.vn/search?q=8933461571739,2026-07-05 04:44:35
51,Pharmacity,189000.0,9000.0,180000.0,,,https://www.pharmacity.vn/search?q=8933461571739,2026-07-05 04:44:35
51,Shopee,173000.0,9000.0,164000.0,Freeship Extra,,https://www.shopee.vn/search?q=8933461571739,2026-07-06 04:44:35
51,Lazada,180000.0,18000.0,162000.0,Voucher tích lũy,,https://www.lazada.vn/search?q=8933461571739,2026-07-06 04:44:35
51,TikTok Shop,174000.0,17000.0,137000.0,Voucher Livestream 20k,Flash Sale hàng hiệu,https://www.tiktokshop.vn/search?q=8933461571739,2026-07-06 04:44:35
51,GrabMart,191000.0,0.0,191000.0,,,https://www.grabmart.vn/search?q=8933461571739,2026-07-06 04:44:35
51,Pharmacity,188000.0,0.0,188000.0,,,https://www.pharmacity.vn/search?q=8933461571739,2026-07-06 04:44:35
52,Shopee,144000.0,7000.0,137000.0,Freeship Extra,,https://www.shopee.vn/search?q=8938837340315,2026-06-30 04:44:35
52,Lazada,137000.0,7000.0,130000.0,Voucher tích lũy,,https://www.lazada.vn/search?q=8938837340315,2026-06-30 04:44:35
52,TikTok Shop,137000.0,14000.0,103000.0,Voucher Livestream 20k,,https://www.tiktokshop.vn/search?q=8938837340315,2026-06-30 04:44:35
52,GrabMart,159000.0,0.0,159000.0,,,https://www.grabmart.vn/search?q=8938837340315,2026-06-30 04:44:35
52,Pharmacity,152000.0,0.0,152000.0,,,https://www.pharmacity.vn/search?q=8938837340315,2026-06-30 04:44:35
52,Shopee,135000.0,0.0,125000.0,Mã giảm 10k,,https://www.shopee.vn/search?q=8938837340315,2026-07-01 04:44:35
52,Lazada,137000.0,0.0,137000.0,Voucher tích lũy,Combo mua 2 giảm 5%,https://www.lazada.vn/search?q=8938837340315,2026-07-01 04:44:35
52,TikTok Shop,137000.0,21000.0,96000.0,Voucher Livestream 20k,,https://www.tiktokshop.vn/search?q=8938837340315,2026-07-01 04:44:35
52,GrabMart,176000.0,0.0,176000.0,,,https://www.grabmart.vn/search?q=8938837340315,2026-07-01 04:44:35
52,Pharmacity,155000.0,0.0,155000.0,,,https://www.pharmacity.vn/search?q=8938837340315,2026-07-01 04:44:35
52,Shopee,137000.0,21000.0,116000.0,,Flash Sale,https://www.shopee.vn/search?q=8938837340315,2026-07-02 04:44:35
52,Lazada,153000.0,0.0,153000.0,Voucher tích lũy,Combo mua 2 giảm 5%,https://www.lazada.vn/search?q=8938837340315,2026-07-02 04:44:35
52,TikTok Shop,128000.0,13000.0,115000.0,,,https://www.tiktokshop.vn/search?q=8938837340315,2026-07-02 04:44:35
52,GrabMart,180000.0,0.0,180000.0,,,https://www.grabmart.vn/search?q=8938837340315,2026-07-02 04:44:35
52,Pharmacity,157000.0,8000.0,149000.0,,,https://www.pharmacity.vn/search?q=8938837340315,2026-07-02 04:44:35
52,Shopee,141000.0,21000.0,120000.0,Freeship Extra,,https://www.shopee.vn/search?q=8938837340315,2026-07-03 04:44:35
52,Lazada,148000.0,7000.0,141000.0,,Combo mua 2 giảm 5%,https://www.lazada.vn/search?q=8938837340315,2026-07-03 04:44:35
52,TikTok Shop,130000.0,20000.0,110000.0,,Flash Sale hàng hiệu,https://www.tiktokshop.vn/search?q=8938837340315,2026-07-03 04:44:35
52,GrabMart,160000.0,0.0,160000.0,,,https://www.grabmart.vn/search?q=8938837340315,2026-07-03 04:44:35
52,Pharmacity,161000.0,8000.0,153000.0,,,https://www.pharmacity.vn/search?q=8938837340315,2026-07-03 04:44:35
52,Shopee,142000.0,14000.0,128000.0,,Flash Sale,https://www.shopee.vn/search?q=8938837340315,2026-07-04 04:44:35
52,Lazada,147000.0,15000.0,132000.0,,,https://www.lazada.vn/search?q=8938837340315,2026-07-04 04:44:35
52,TikTok Shop,129000.0,19000.0,90000.0,Voucher Livestream 20k,,https://www.tiktokshop.vn/search?q=8938837340315,2026-07-04 04:44:35
52,GrabMart,171000.0,0.0,171000.0,,,https://www.grabmart.vn/search?q=8938837340315,2026-07-04 04:44:35
52,Pharmacity,161000.0,8000.0,153000.0,,,https://www.pharmacity.vn/search?q=8938837340315,2026-07-04 04:44:35
52,Shopee,132000.0,20000.0,112000.0,Freeship Extra,,https://www.shopee.vn/search?q=8938837340315,2026-07-05 04:44:35
52,Lazada,141000.0,7000.0,134000.0,,,https://www.lazada.vn/search?q=8938837340315,2026-07-05 04:44:35
52,TikTok Shop,149000.0,0.0,129000.0,Voucher Livestream 20k,,https://www.tiktokshop.vn/search?q=8938837340315,2026-07-05 04:44:35
52,GrabMart,157000.0,0.0,157000.0,,,https://www.grabmart.vn/search?q=8938837340315,2026-07-05 04:44:35
52,Pharmacity,157000.0,0.0,157000.0,,,https://www.pharmacity.vn/search?q=8938837340315,2026-07-05 04:44:35
52,Shopee,142000.0,21000.0,111000.0,Mã giảm 10k,,https://www.shopee.vn/search?q=8938837340315,2026-07-06 04:44:35
52,Lazada,144000.0,0.0,144000.0,,,https://www.lazada.vn/search?q=8938837340315,2026-07-06 04:44:35
52,TikTok Shop,144000.0,14000.0,130000.0,,,https://www.tiktokshop.vn/search?q=8938837340315,2026-07-06 04:44:35
52,GrabMart,165000.0,0.0,165000.0,,,https://www.grabmart.vn/search?q=8938837340315,2026-07-06 04:44:35
52,Pharmacity,154000.0,0.0,154000.0,,,https://www.pharmacity.vn/search?q=8938837340315,2026-07-06 04:44:35
53,Shopee,202000.0,0.0,202000.0,Freeship Extra,,https://www.shopee.vn/search?q=8932799077265,2026-06-30 04:44:35
53,Lazada,197000.0,20000.0,177000.0,Voucher tích lũy,,https://www.lazada.vn/search?q=8932799077265,2026-06-30 04:44:35
53,TikTok Shop,184000.0,18000.0,166000.0,,,https://www.tiktokshop.vn/search?q=8932799077265,2026-06-30 04:44:35
53,GrabMart,236000.0,0.0,236000.0,,,https://www.grabmart.vn/search?q=8932799077265,2026-06-30 04:44:35
53,Pharmacity,213000.0,0.0,213000.0,,,https://www.pharmacity.vn/search?q=8932799077265,2026-06-30 04:44:35
53,Shopee,198000.0,20000.0,178000.0,,,https://www.shopee.vn/search?q=8932799077265,2026-07-01 04:44:35
53,Lazada,197000.0,10000.0,187000.0,,Combo mua 2 giảm 5%,https://www.lazada.vn/search?q=8932799077265,2026-07-01 04:44:35
53,TikTok Shop,186000.0,28000.0,158000.0,,,https://www.tiktokshop.vn/search?q=8932799077265,2026-07-01 04:44:35
53,GrabMart,220000.0,0.0,220000.0,,,https://www.grabmart.vn/search?q=8932799077265,2026-07-01 04:44:35
53,Pharmacity,213000.0,0.0,213000.0,,,https://www.pharmacity.vn/search?q=8932799077265,2026-07-01 04:44:35
53,Shopee,203000.0,10000.0,193000.0,Freeship Extra,,https://www.shopee.vn/search?q=8932799077265,2026-07-02 04:44:35
53,Lazada,195000.0,10000.0,185000.0,Voucher tích lũy,Combo mua 2 giảm 5%,https://www.lazada.vn/search?q=8932799077265,2026-07-02 04:44:35
53,TikTok Shop,175000.0,18000.0,137000.0,Voucher Livestream 20k,Flash Sale hàng hiệu,https://www.tiktokshop.vn/search?q=8932799077265,2026-07-02 04:44:35
53,GrabMart,232000.0,0.0,232000.0,,,https://www.grabmart.vn/search?q=8932799077265,2026-07-02 04:44:35
53,Pharmacity,216000.0,0.0,216000.0,,,https://www.pharmacity.vn/search?q=8932799077265,2026-07-02 04:44:35
53,Shopee,196000.0,20000.0,166000.0,Mã giảm 10k,Flash Sale,https://www.shopee.vn/search?q=8932799077265,2026-07-03 04:44:35
53,Lazada,207000.0,21000.0,186000.0,,,https://www.lazada.vn/search?q=8932799077265,2026-07-03 04:44:35
53,TikTok Shop,205000.0,20000.0,185000.0,,,https://www.tiktokshop.vn/search?q=8932799077265,2026-07-03 04:44:35
53,GrabMart,228000.0,0.0,228000.0,,,https://www.grabmart.vn/search?q=8932799077265,2026-07-03 04:44:35
53,Pharmacity,211000.0,0.0,211000.0,,,https://www.pharmacity.vn/search?q=8932799077265,2026-07-03 04:44:35
53,Shopee,184000.0,18000.0,166000.0,,,https://www.shopee.vn/search?q=8932799077265,2026-07-04 04:44:35
53,Lazada,200000.0,0.0,200000.0,,Combo mua 2 giảm 5%,https://www.lazada.vn/search?q=8932799077265,2026-07-04 04:44:35
53,TikTok Shop,188000.0,28000.0,160000.0,,Flash Sale hàng hiệu,https://www.tiktokshop.vn/search?q=8932799077265,2026-07-04 04:44:35
53,GrabMart,227000.0,0.0,227000.0,,,https://www.grabmart.vn/search?q=8932799077265,2026-07-04 04:44:35
53,Pharmacity,215000.0,0.0,215000.0,,,https://www.pharmacity.vn/search?q=8932799077265,2026-07-04 04:44:35
53,Shopee,190000.0,0.0,190000.0,,,https://www.shopee.vn/search?q=8932799077265,2026-07-05 04:44:35
53,Lazada,208000.0,21000.0,187000.0,Voucher tích lũy,Combo mua 2 giảm 5%,https://www.lazada.vn/search?q=8932799077265,2026-07-05 04:44:35
53,TikTok Shop,194000.0,29000.0,145000.0,Voucher Livestream 20k,Flash Sale hàng hiệu,https://www.tiktokshop.vn/search?q=8932799077265,2026-07-05 04:44:35
53,GrabMart,235000.0,0.0,235000.0,,,https://www.grabmart.vn/search?q=8932799077265,2026-07-05 04:44:35
53,Pharmacity,219000.0,11000.0,208000.0,,,https://www.pharmacity.vn/search?q=8932799077265,2026-07-05 04:44:35
53,Shopee,196000.0,10000.0,176000.0,Mã giảm 10k,,https://www.shopee.vn/search?q=8932799077265,2026-07-06 04:44:35
53,Lazada,207000.0,0.0,207000.0,Voucher tích lũy,Combo mua 2 giảm 5%,https://www.lazada.vn/search?q=8932799077265,2026-07-06 04:44:35
53,TikTok Shop,207000.0,0.0,207000.0,,Flash Sale hàng hiệu,https://www.tiktokshop.vn/search?q=8932799077265,2026-07-06 04:44:35
53,GrabMart,225000.0,0.0,225000.0,,,https://www.grabmart.vn/search?q=8932799077265,2026-07-06 04:44:35
53,Pharmacity,223000.0,0.0,223000.0,,,https://www.pharmacity.vn/search?q=8932799077265,2026-07-06 04:44:35
54,Shopee,136000.0,0.0,136000.0,Freeship Extra,Flash Sale,https://www.shopee.vn/search?q=8932231059279,2026-06-30 04:44:35
54,Lazada,154000.0,0.0,154000.0,Voucher tích lũy,Combo mua 2 giảm 5%,https://www.lazada.vn/search?q=8932231059279,2026-06-30 04:44:35
54,TikTok Shop,140000.0,0.0,120000.0,Voucher Livestream 20k,,https://www.tiktokshop.vn/search?q=8932231059279,2026-06-30 04:44:35
54,GrabMart,180000.0,0.0,180000.0,,,https://www.grabmart.vn/search?q=8932231059279,2026-06-30 04:44:35
54,Pharmacity,156000.0,8000.0,148000.0,,,https://www.pharmacity.vn/search?q=8932231059279,2026-06-30 04:44:35
54,Shopee,151000.0,23000.0,118000.0,Mã giảm 10k,,https://www.shopee.vn/search?q=8932231059279,2026-07-01 04:44:35
54,Lazada,136000.0,14000.0,122000.0,Voucher tích lũy,Combo mua 2 giảm 5%,https://www.lazada.vn/search?q=8932231059279,2026-07-01 04:44:35
54,TikTok Shop,138000.0,14000.0,124000.0,,Flash Sale hàng hiệu,https://www.tiktokshop.vn/search?q=8932231059279,2026-07-01 04:44:35
54,GrabMart,165000.0,0.0,165000.0,,,https://www.grabmart.vn/search?q=8932231059279,2026-07-01 04:44:35
54,Pharmacity,153000.0,8000.0,145000.0,,,https://www.pharmacity.vn/search?q=8932231059279,2026-07-01 04:44:35
54,Shopee,154000.0,8000.0,146000.0,Freeship Extra,,https://www.shopee.vn/search?q=8932231059279,2026-07-02 04:44:35
54,Lazada,142000.0,7000.0,135000.0,,Combo mua 2 giảm 5%,https://www.lazada.vn/search?q=8932231059279,2026-07-02 04:44:35
54,TikTok Shop,135000.0,14000.0,121000.0,,,https://www.tiktokshop.vn/search?q=8932231059279,2026-07-02 04:44:35
54,GrabMart,171000.0,0.0,171000.0,,,https://www.grabmart.vn/search?q=8932231059279,2026-07-02 04:44:35
54,Pharmacity,154000.0,8000.0,146000.0,,,https://www.pharmacity.vn/search?q=8932231059279,2026-07-02 04:44:35
54,Shopee,136000.0,0.0,136000.0,Freeship Extra,Flash Sale,https://www.shopee.vn/search?q=8932231059279,2026-07-03 04:44:35
54,Lazada,149000.0,0.0,149000.0,Voucher tích lũy,,https://www.lazada.vn/search?q=8932231059279,2026-07-03 04:44:35
54,TikTok Shop,139000.0,21000.0,118000.0,,Flash Sale hàng hiệu,https://www.tiktokshop.vn/search?q=8932231059279,2026-07-03 04:44:35
54,GrabMart,166000.0,0.0,166000.0,,,https://www.grabmart.vn/search?q=8932231059279,2026-07-03 04:44:35
54,Pharmacity,160000.0,8000.0,152000.0,,,https://www.pharmacity.vn/search?q=8932231059279,2026-07-03 04:44:35
54,Shopee,140000.0,14000.0,126000.0,,Flash Sale,https://www.shopee.vn/search?q=8932231059279,2026-07-04 04:44:35
54,Lazada,142000.0,7000.0,135000.0,Voucher tích lũy,,https://www.lazada.vn/search?q=8932231059279,2026-07-04 04:44:35
54,TikTok Shop,132000.0,13000.0,99000.0,Voucher Livestream 20k,Flash Sale hàng hiệu,https://www.tiktokshop.vn/search?q=8932231059279,2026-07-04 04:44:35
54,GrabMart,164000.0,0.0,164000.0,,,https://www.grabmart.vn/search?q=8932231059279,2026-07-04 04:44:35
54,Pharmacity,161000.0,8000.0,153000.0,,,https://www.pharmacity.vn/search?q=8932231059279,2026-07-04 04:44:35
54,Shopee,150000.0,22000.0,128000.0,,,https://www.shopee.vn/search?q=8932231059279,2026-07-05 04:44:35
54,Lazada,139000.0,7000.0,132000.0,Voucher tích lũy,Combo mua 2 giảm 5%,https://www.lazada.vn/search?q=8932231059279,2026-07-05 04:44:35
54,TikTok Shop,128000.0,19000.0,89000.0,Voucher Livestream 20k,,https://www.tiktokshop.vn/search?q=8932231059279,2026-07-05 04:44:35
54,GrabMart,157000.0,0.0,157000.0,,,https://www.grabmart.vn/search?q=8932231059279,2026-07-05 04:44:35
54,Pharmacity,159000.0,8000.0,151000.0,,,https://www.pharmacity.vn/search?q=8932231059279,2026-07-05 04:44:35
54,Shopee,142000.0,21000.0,121000.0,Freeship Extra,,https://www.shopee.vn/search?q=8932231059279,2026-07-06 04:44:35
54,Lazada,140000.0,7000.0,133000.0,Voucher tích lũy,Combo mua 2 giảm 5%,https://www.lazada.vn/search?q=8932231059279,2026-07-06 04:44:35
54,TikTok Shop,127000.0,13000.0,94000.0,Voucher Livestream 20k,Flash Sale hàng hiệu,https://www.tiktokshop.vn/search?q=8932231059279,2026-07-06 04:44:35
54,GrabMart,171000.0,0.0,171000.0,,,https://www.grabmart.vn/search?q=8932231059279,2026-07-06 04:44:35
54,Pharmacity,157000.0,0.0,157000.0,,,https://www.pharmacity.vn/search?q=8932231059279,2026-07-06 04:44:35
55,Shopee,223000.0,0.0,223000.0,Freeship Extra,Flash Sale,https://www.shopee.vn/search?q=8937146273017,2026-06-30 04:44:35
55,Lazada,209000.0,21000.0,188000.0,Voucher tích lũy,Combo mua 2 giảm 5%,https://www.lazada.vn/search?q=8937146273017,2026-06-30 04:44:35
55,TikTok Shop,203000.0,20000.0,183000.0,,Flash Sale hàng hiệu,https://www.tiktokshop.vn/search?q=8937146273017,2026-06-30 04:44:35
55,GrabMart,241000.0,0.0,241000.0,,,https://www.grabmart.vn/search?q=8937146273017,2026-06-30 04:44:35
55,Pharmacity,225000.0,11000.0,214000.0,,,https://www.pharmacity.vn/search?q=8937146273017,2026-06-30 04:44:35
55,Shopee,193000.0,0.0,193000.0,,Flash Sale,https://www.shopee.vn/search?q=8937146273017,2026-07-01 04:44:35
55,Lazada,206000.0,21000.0,185000.0,,Combo mua 2 giảm 5%,https://www.lazada.vn/search?q=8937146273017,2026-07-01 04:44:35
55,TikTok Shop,186000.0,19000.0,147000.0,Voucher Livestream 20k,Flash Sale hàng hiệu,https://www.tiktokshop.vn/search?q=8937146273017,2026-07-01 04:44:35
55,GrabMart,246000.0,0.0,246000.0,,,https://www.grabmart.vn/search?q=8937146273017,2026-07-01 04:44:35
55,Pharmacity,231000.0,0.0,231000.0,,,https://www.pharmacity.vn/search?q=8937146273017,2026-07-01 04:44:35
55,Shopee,197000.0,0.0,197000.0,Freeship Extra,,https://www.shopee.vn/search?q=8937146273017,2026-07-02 04:44:35
55,Lazada,214000.0,0.0,214000.0,,,https://www.lazada.vn/search?q=8937146273017,2026-07-02 04:44:35
55,TikTok Shop,200000.0,20000.0,160000.0,Voucher Livestream 20k,Flash Sale hàng hiệu,https://www.tiktokshop.vn/search?q=8937146273017,2026-07-02 04:44:35
55,GrabMart,247000.0,0.0,247000.0,,,https://www.grabmart.vn/search?q=8937146273017,2026-07-02 04:44:35
55,Pharmacity,227000.0,0.0,227000.0,,,https://www.pharmacity.vn/search?q=8937146273017,2026-07-02 04:44:35
55,Shopee,206000.0,21000.0,185000.0,,,https://www.shopee.vn/search?q=8937146273017,2026-07-03 04:44:35
55,Lazada,197000.0,10000.0,187000.0,Voucher tích lũy,Combo mua 2 giảm 5%,https://www.lazada.vn/search?q=8937146273017,2026-07-03 04:44:35
55,TikTok Shop,195000.0,0.0,195000.0,,,https://www.tiktokshop.vn/search?q=8937146273017,2026-07-03 04:44:35
55,GrabMart,228000.0,0.0,228000.0,,,https://www.grabmart.vn/search?q=8937146273017,2026-07-03 04:44:35
55,Pharmacity,219000.0,0.0,219000.0,,,https://www.pharmacity.vn/search?q=8937146273017,2026-07-03 04:44:35
55,Shopee,215000.0,0.0,205000.0,Mã giảm 10k,Flash Sale,https://www.shopee.vn/search?q=8937146273017,2026-07-04 04:44:35
55,Lazada,218000.0,0.0,218000.0,,,https://www.lazada.vn/search?q=8937146273017,2026-07-04 04:44:35
55,TikTok Shop,197000.0,20000.0,157000.0,Voucher Livestream 20k,,https://www.tiktokshop.vn/search?q=8937146273017,2026-07-04 04:44:35
55,GrabMart,252000.0,0.0,252000.0,,,https://www.grabmart.vn/search?q=8937146273017,2026-07-04 04:44:35
55,Pharmacity,230000.0,12000.0,218000.0,,,https://www.pharmacity.vn/search?q=8937146273017,2026-07-04 04:44:35
55,Shopee,193000.0,19000.0,174000.0,,,https://www.shopee.vn/search?q=8937146273017,2026-07-05 04:44:35
55,Lazada,200000.0,20000.0,180000.0,,,https://www.lazada.vn/search?q=8937146273017,2026-07-05 04:44:35
55,TikTok Shop,191000.0,0.0,191000.0,,,https://www.tiktokshop.vn/search?q=8937146273017,2026-07-05 04:44:35
55,GrabMart,238000.0,0.0,238000.0,,,https://www.grabmart.vn/search?q=8937146273017,2026-07-05 04:44:35
55,Pharmacity,228000.0,0.0,228000.0,,,https://www.pharmacity.vn/search?q=8937146273017,2026-07-05 04:44:35
55,Shopee,190000.0,28000.0,152000.0,Mã giảm 10k,,https://www.shopee.vn/search?q=8937146273017,2026-07-06 04:44:35
55,Lazada,199000.0,0.0,199000.0,,Combo mua 2 giảm 5%,https://www.lazada.vn/search?q=8937146273017,2026-07-06 04:44:35
55,TikTok Shop,184000.0,18000.0,166000.0,,,https://www.tiktokshop.vn/search?q=8937146273017,2026-07-06 04:44:35
55,GrabMart,234000.0,0.0,234000.0,,,https://www.grabmart.vn/search?q=8937146273017,2026-07-06 04:44:35
55,Pharmacity,216000.0,0.0,216000.0,,,https://www.pharmacity.vn/search?q=8937146273017,2026-07-06 04:44:35
56,Shopee,0.0,0.0,0.0,Freeship Extra,,https://www.shopee.vn/search?q=8933250124955,2026-06-30 04:44:35
56,Lazada,0.0,0.0,0.0,,,https://www.lazada.vn/search?q=8933250124955,2026-06-30 04:44:35
56,TikTok Shop,0.0,0.0,0.0,,,https://www.tiktokshop.vn/search?q=8933250124955,2026-06-30 04:44:35
56,GrabMart,0.0,0.0,0.0,,,https://www.grabmart.vn/search?q=8933250124955,2026-06-30 04:44:35
56,Pharmacity,0.0,0.0,0.0,,,https://www.pharmacity.vn/search?q=8933250124955,2026-06-30 04:44:35
56,Shopee,0.0,0.0,1000,Mã giảm 10k,,https://www.shopee.vn/search?q=8933250124955,2026-07-01 04:44:35
56,Lazada,0.0,0.0,0.0,,Combo mua 2 giảm 5%,https://www.lazada.vn/search?q=8933250124955,2026-07-01 04:44:35
56,TikTok Shop,0.0,0.0,0.0,,,https://www.tiktokshop.vn/search?q=8933250124955,2026-07-01 04:44:35
56,GrabMart,0.0,0.0,0.0,,,https://www.grabmart.vn/search?q=8933250124955,2026-07-01 04:44:35
56,Pharmacity,0.0,0.0,0.0,,,https://www.pharmacity.vn/search?q=8933250124955,2026-07-01 04:44:35
56,Shopee,0.0,0.0,0.0,Freeship Extra,,https://www.shopee.vn/search?q=8933250124955,2026-07-02 04:44:35
56,Lazada,0.0,0.0,0.0,Voucher tích lũy,,https://www.lazada.vn/search?q=8933250124955,2026-07-02 04:44:35
56,TikTok Shop,0.0,0.0,0.0,,Flash Sale hàng hiệu,https://www.tiktokshop.vn/search?q=8933250124955,2026-07-02 04:44:35
56,GrabMart,0.0,0.0,0.0,,,https://www.grabmart.vn/search?q=8933250124955,2026-07-02 04:44:35
56,Pharmacity,0.0,0.0,0.0,,,https://www.pharmacity.vn/search?q=8933250124955,2026-07-02 04:44:35
56,Shopee,0.0,0.0,0.0,,Flash Sale,https://www.shopee.vn/search?q=8933250124955,2026-07-03 04:44:35
56,Lazada,0.0,0.0,0.0,,,https://www.lazada.vn/search?q=8933250124955,2026-07-03 04:44:35
56,TikTok Shop,0.0,0.0,1000,Voucher Livestream 20k,,https://www.tiktokshop.vn/search?q=8933250124955,2026-07-03 04:44:35
56,GrabMart,0.0,0.0,0.0,,,https://www.grabmart.vn/search?q=8933250124955,2026-07-03 04:44:35
56,Pharmacity,0.0,0.0,0.0,,,https://www.pharmacity.vn/search?q=8933250124955,2026-07-03 04:44:35
56,Shopee,0.0,0.0,0.0,,,https://www.shopee.vn/search?q=8933250124955,2026-07-04 04:44:35
56,Lazada,0.0,0.0,0.0,,,https://www.lazada.vn/search?q=8933250124955,2026-07-04 04:44:35
56,TikTok Shop,0.0,0.0,1000,Voucher Livestream 20k,,https://www.tiktokshop.vn/search?q=8933250124955,2026-07-04 04:44:35
56,GrabMart,0.0,0.0,0.0,,,https://www.grabmart.vn/search?q=8933250124955,2026-07-04 04:44:35
56,Pharmacity,0.0,0.0,0.0,,,https://www.pharmacity.vn/search?q=8933250124955,2026-07-04 04:44:35
56,Shopee,0.0,0.0,0.0,Freeship Extra,Flash Sale,https://www.shopee.vn/search?q=8933250124955,2026-07-05 04:44:35
56,Lazada,0.0,0.0,0.0,Voucher tích lũy,Combo mua 2 giảm 5%,https://www.lazada.vn/search?q=8933250124955,2026-07-05 04:44:35
56,TikTok Shop,0.0,0.0,1000,Voucher Livestream 20k,Flash Sale hàng hiệu,https://www.tiktokshop.vn/search?q=8933250124955,2026-07-05 04:44:35
56,GrabMart,0.0,0.0,0.0,,,https://www.grabmart.vn/search?q=8933250124955,2026-07-05 04:44:35
56,Pharmacity,0.0,0.0,0.0,,,https://www.pharmacity.vn/search?q=8933250124955,2026-07-05 04:44:35
56,Shopee,0.0,0.0,1000,Mã giảm 10k,Flash Sale,https://www.shopee.vn/search?q=8933250124955,2026-07-06 04:44:35
56,Lazada,0.0,0.0,0.0,,,https://www.lazada.vn/search?q=8933250124955,2026-07-06 04:44:35
56,TikTok Shop,0.0,0.0,1000,Voucher Livestream 20k,,https://www.tiktokshop.vn/search?q=8933250124955,2026-07-06 04:44:35
56,GrabMart,0.0,0.0,0.0,,,https://www.grabmart.vn/search?q=8933250124955,2026-07-06 04:44:35
56,Pharmacity,0.0,0.0,0.0,,,https://www.pharmacity.vn/search?q=8933250124955,2026-07-06 04:44:35
57,Shopee,204000.0,0.0,204000.0,,Flash Sale,https://www.shopee.vn/search?q=8931187734773,2026-06-30 04:44:35
57,Lazada,214000.0,0.0,214000.0,Voucher tích lũy,Combo mua 2 giảm 5%,https://www.lazada.vn/search?q=8931187734773,2026-06-30 04:44:35
57,TikTok Shop,189000.0,19000.0,150000.0,Voucher Livestream 20k,Flash Sale hàng hiệu,https://www.tiktokshop.vn/search?q=8931187734773,2026-06-30 04:44:35
57,GrabMart,221000.0,0.0,221000.0,,,https://www.grabmart.vn/search?q=8931187734773,2026-06-30 04:44:35
57,Pharmacity,216000.0,11000.0,205000.0,,,https://www.pharmacity.vn/search?q=8931187734773,2026-06-30 04:44:35
57,Shopee,216000.0,11000.0,195000.0,Mã giảm 10k,Flash Sale,https://www.shopee.vn/search?q=8931187734773,2026-07-01 04:44:35
57,Lazada,195000.0,20000.0,175000.0,Voucher tích lũy,Combo mua 2 giảm 5%,https://www.lazada.vn/search?q=8931187734773,2026-07-01 04:44:35
57,TikTok Shop,205000.0,31000.0,154000.0,Voucher Livestream 20k,Flash Sale hàng hiệu,https://www.tiktokshop.vn/search?q=8931187734773,2026-07-01 04:44:35
57,GrabMart,237000.0,0.0,237000.0,,,https://www.grabmart.vn/search?q=8931187734773,2026-07-01 04:44:35
57,Pharmacity,226000.0,0.0,226000.0,,,https://www.pharmacity.vn/search?q=8931187734773,2026-07-01 04:44:35
57,Shopee,198000.0,30000.0,168000.0,Freeship Extra,Flash Sale,https://www.shopee.vn/search?q=8931187734773,2026-07-02 04:44:35
57,Lazada,207000.0,10000.0,197000.0,Voucher tích lũy,Combo mua 2 giảm 5%,https://www.lazada.vn/search?q=8931187734773,2026-07-02 04:44:35
57,TikTok Shop,180000.0,27000.0,153000.0,,,https://www.tiktokshop.vn/search?q=8931187734773,2026-07-02 04:44:35
57,GrabMart,250000.0,0.0,250000.0,,,https://www.grabmart.vn/search?q=8931187734773,2026-07-02 04:44:35
57,Pharmacity,219000.0,0.0,219000.0,,,https://www.pharmacity.vn/search?q=8931187734773,2026-07-02 04:44:35
57,Shopee,211000.0,21000.0,180000.0,Mã giảm 10k,,https://www.shopee.vn/search?q=8931187734773,2026-07-03 04:44:35
57,Lazada,202000.0,10000.0,192000.0,Voucher tích lũy,Combo mua 2 giảm 5%,https://www.lazada.vn/search?q=8931187734773,2026-07-03 04:44:35
57,TikTok Shop,180000.0,0.0,180000.0,,,https://www.tiktokshop.vn/search?q=8931187734773,2026-07-03 04:44:35
57,GrabMart,243000.0,0.0,243000.0,,,https://www.grabmart.vn/search?q=8931187734773,2026-07-03 04:44:35
57,Pharmacity,222000.0,0.0,222000.0,,,https://www.pharmacity.vn/search?q=8931187734773,2026-07-03 04:44:35
57,Shopee,215000.0,0.0,205000.0,Mã giảm 10k,,https://www.shopee.vn/search?q=8931187734773,2026-07-04 04:44:35
57,Lazada,191000.0,10000.0,181000.0,,Combo mua 2 giảm 5%,https://www.lazada.vn/search?q=8931187734773,2026-07-04 04:44:35
57,TikTok Shop,201000.0,20000.0,161000.0,Voucher Livestream 20k,Flash Sale hàng hiệu,https://www.tiktokshop.vn/search?q=8931187734773,2026-07-04 04:44:35
57,GrabMart,221000.0,0.0,221000.0,,,https://www.grabmart.vn/search?q=8931187734773,2026-07-04 04:44:35
57,Pharmacity,220000.0,0.0,220000.0,,,https://www.pharmacity.vn/search?q=8931187734773,2026-07-04 04:44:35
57,Shopee,219000.0,33000.0,186000.0,Freeship Extra,Flash Sale,https://www.shopee.vn/search?q=8931187734773,2026-07-05 04:44:35
57,Lazada,200000.0,0.0,200000.0,Voucher tích lũy,,https://www.lazada.vn/search?q=8931187734773,2026-07-05 04:44:35
57,TikTok Shop,202000.0,0.0,182000.0,Voucher Livestream 20k,Flash Sale hàng hiệu,https://www.tiktokshop.vn/search?q=8931187734773,2026-07-05 04:44:35
57,GrabMart,238000.0,0.0,238000.0,,,https://www.grabmart.vn/search?q=8931187734773,2026-07-05 04:44:35
57,Pharmacity,225000.0,11000.0,214000.0,,,https://www.pharmacity.vn/search?q=8931187734773,2026-07-05 04:44:35
57,Shopee,190000.0,19000.0,161000.0,Mã giảm 10k,Flash Sale,https://www.shopee.vn/search?q=8931187734773,2026-07-06 04:44:35
57,Lazada,196000.0,20000.0,176000.0,,,https://www.lazada.vn/search?q=8931187734773,2026-07-06 04:44:35
57,TikTok Shop,188000.0,0.0,168000.0,Voucher Livestream 20k,Flash Sale hàng hiệu,https://www.tiktokshop.vn/search?q=8931187734773,2026-07-06 04:44:35
57,GrabMart,248000.0,0.0,248000.0,,,https://www.grabmart.vn/search?q=8931187734773,2026-07-06 04:44:35
57,Pharmacity,223000.0,0.0,223000.0,,,https://www.pharmacity.vn/search?q=8931187734773,2026-07-06 04:44:35
58,Shopee,310000.0,31000.0,279000.0,,Flash Sale,https://www.shopee.vn/search?q=8931987635140,2026-06-30 04:44:35
58,Lazada,313000.0,31000.0,282000.0,Voucher tích lũy,,https://www.lazada.vn/search?q=8931987635140,2026-06-30 04:44:35
58,TikTok Shop,325000.0,49000.0,276000.0,,Flash Sale hàng hiệu,https://www.tiktokshop.vn/search?q=8931987635140,2026-06-30 04:44:35
58,GrabMart,353000.0,0.0,353000.0,,,https://www.grabmart.vn/search?q=8931987635140,2026-06-30 04:44:35
58,Pharmacity,354000.0,18000.0,336000.0,,,https://www.pharmacity.vn/search?q=8931987635140,2026-06-30 04:44:35
58,Shopee,301000.0,45000.0,256000.0,Freeship Extra,,https://www.shopee.vn/search?q=8931987635140,2026-07-01 04:44:35
58,Lazada,318000.0,16000.0,302000.0,Voucher tích lũy,,https://www.lazada.vn/search?q=8931987635140,2026-07-01 04:44:35
58,TikTok Shop,289000.0,43000.0,226000.0,Voucher Livestream 20k,Flash Sale hàng hiệu,https://www.tiktokshop.vn/search?q=8931987635140,2026-07-01 04:44:35
58,GrabMart,364000.0,0.0,364000.0,,,https://www.grabmart.vn/search?q=8931987635140,2026-07-01 04:44:35
58,Pharmacity,352000.0,0.0,352000.0,,,https://www.pharmacity.vn/search?q=8931987635140,2026-07-01 04:44:35
58,Shopee,321000.0,48000.0,263000.0,Mã giảm 10k,Flash Sale,https://www.shopee.vn/search?q=8931987635140,2026-07-02 04:44:35
58,Lazada,323000.0,16000.0,307000.0,,Combo mua 2 giảm 5%,https://www.lazada.vn/search?q=8931987635140,2026-07-02 04:44:35
58,TikTok Shop,289000.0,0.0,289000.0,,,https://www.tiktokshop.vn/search?q=8931987635140,2026-07-02 04:44:35
58,GrabMart,355000.0,0.0,355000.0,,,https://www.grabmart.vn/search?q=8931987635140,2026-07-02 04:44:35
58,Pharmacity,351000.0,18000.0,333000.0,,,https://www.pharmacity.vn/search?q=8931987635140,2026-07-02 04:44:35
58,Shopee,313000.0,47000.0,256000.0,Mã giảm 10k,,https://www.shopee.vn/search?q=8931987635140,2026-07-03 04:44:35
58,Lazada,305000.0,15000.0,290000.0,,,https://www.lazada.vn/search?q=8931987635140,2026-07-03 04:44:35
58,TikTok Shop,290000.0,29000.0,261000.0,,,https://www.tiktokshop.vn/search?q=8931987635140,2026-07-03 04:44:35
58,GrabMart,395000.0,0.0,395000.0,,,https://www.grabmart.vn/search?q=8931987635140,2026-07-03 04:44:35
58,Pharmacity,343000.0,0.0,343000.0,,,https://www.pharmacity.vn/search?q=8931987635140,2026-07-03 04:44:35
58,Shopee,289000.0,0.0,279000.0,Mã giảm 10k,Flash Sale,https://www.shopee.vn/search?q=8931987635140,2026-07-04 04:44:35
58,Lazada,333000.0,17000.0,316000.0,Voucher tích lũy,,https://www.lazada.vn/search?q=8931987635140,2026-07-04 04:44:35
58,TikTok Shop,298000.0,45000.0,253000.0,,,https://www.tiktokshop.vn/search?q=8931987635140,2026-07-04 04:44:35
58,GrabMart,348000.0,0.0,348000.0,,,https://www.grabmart.vn/search?q=8931987635140,2026-07-04 04:44:35
58,Pharmacity,349000.0,0.0,349000.0,,,https://www.pharmacity.vn/search?q=8931987635140,2026-07-04 04:44:35
58,Shopee,315000.0,32000.0,273000.0,Mã giảm 10k,,https://www.shopee.vn/search?q=8931987635140,2026-07-05 04:44:35
58,Lazada,307000.0,0.0,307000.0,Voucher tích lũy,Combo mua 2 giảm 5%,https://www.lazada.vn/search?q=8931987635140,2026-07-05 04:44:35
58,TikTok Shop,322000.0,48000.0,254000.0,Voucher Livestream 20k,,https://www.tiktokshop.vn/search?q=8931987635140,2026-07-05 04:44:35
58,GrabMart,393000.0,0.0,393000.0,,,https://www.grabmart.vn/search?q=8931987635140,2026-07-05 04:44:35
58,Pharmacity,336000.0,0.0,336000.0,,,https://www.pharmacity.vn/search?q=8931987635140,2026-07-05 04:44:35
58,Shopee,296000.0,30000.0,256000.0,Mã giảm 10k,Flash Sale,https://www.shopee.vn/search?q=8931987635140,2026-07-06 04:44:35
58,Lazada,307000.0,31000.0,276000.0,,Combo mua 2 giảm 5%,https://www.lazada.vn/search?q=8931987635140,2026-07-06 04:44:35
58,TikTok Shop,305000.0,46000.0,259000.0,,Flash Sale hàng hiệu,https://www.tiktokshop.vn/search?q=8931987635140,2026-07-06 04:44:35
58,GrabMart,372000.0,0.0,372000.0,,,https://www.grabmart.vn/search?q=8931987635140,2026-07-06 04:44:35
58,Pharmacity,343000.0,0.0,343000.0,,,https://www.pharmacity.vn/search?q=8931987635140,2026-07-06 04:44:35
59,Shopee,159000.0,16000.0,143000.0,Freeship Extra,,https://www.shopee.vn/search?q=8935409003487,2026-06-30 04:44:35
59,Lazada,158000.0,0.0,158000.0,Voucher tích lũy,Combo mua 2 giảm 5%,https://www.lazada.vn/search?q=8935409003487,2026-06-30 04:44:35
59,TikTok Shop,137000.0,14000.0,103000.0,Voucher Livestream 20k,Flash Sale hàng hiệu,https://www.tiktokshop.vn/search?q=8935409003487,2026-06-30 04:44:35
59,GrabMart,172000.0,0.0,172000.0,,,https://www.grabmart.vn/search?q=8935409003487,2026-06-30 04:44:35
59,Pharmacity,174000.0,0.0,174000.0,,,https://www.pharmacity.vn/search?q=8935409003487,2026-06-30 04:44:35
59,Shopee,150000.0,8000.0,132000.0,Mã giảm 10k,Flash Sale,https://www.shopee.vn/search?q=8935409003487,2026-07-01 04:44:35
59,Lazada,165000.0,16000.0,149000.0,Voucher tích lũy,,https://www.lazada.vn/search?q=8935409003487,2026-07-01 04:44:35
59,TikTok Shop,144000.0,0.0,124000.0,Voucher Livestream 20k,Flash Sale hàng hiệu,https://www.tiktokshop.vn/search?q=8935409003487,2026-07-01 04:44:35
59,GrabMart,189000.0,0.0,189000.0,,,https://www.grabmart.vn/search?q=8935409003487,2026-07-01 04:44:35
59,Pharmacity,175000.0,9000.0,166000.0,,,https://www.pharmacity.vn/search?q=8935409003487,2026-07-01 04:44:35
59,Shopee,162000.0,0.0,162000.0,,Flash Sale,https://www.shopee.vn/search?q=8935409003487,2026-07-02 04:44:35
59,Lazada,157000.0,8000.0,149000.0,Voucher tích lũy,Combo mua 2 giảm 5%,https://www.lazada.vn/search?q=8935409003487,2026-07-02 04:44:35
59,TikTok Shop,149000.0,0.0,149000.0,,,https://www.tiktokshop.vn/search?q=8935409003487,2026-07-02 04:44:35
59,GrabMart,187000.0,0.0,187000.0,,,https://www.grabmart.vn/search?q=8935409003487,2026-07-02 04:44:35
59,Pharmacity,174000.0,0.0,174000.0,,,https://www.pharmacity.vn/search?q=8935409003487,2026-07-02 04:44:35
59,Shopee,142000.0,7000.0,135000.0,Freeship Extra,Flash Sale,https://www.shopee.vn/search?q=8935409003487,2026-07-03 04:44:35
59,Lazada,153000.0,0.0,153000.0,,,https://www.lazada.vn/search?q=8935409003487,2026-07-03 04:44:35
59,TikTok Shop,144000.0,22000.0,122000.0,,Flash Sale hàng hiệu,https://www.tiktokshop.vn/search?q=8935409003487,2026-07-03 04:44:35
59,GrabMart,191000.0,0.0,191000.0,,,https://www.grabmart.vn/search?q=8935409003487,2026-07-03 04:44:35
59,Pharmacity,168000.0,8000.0,160000.0,,,https://www.pharmacity.vn/search?q=8935409003487,2026-07-03 04:44:35
59,Shopee,166000.0,8000.0,148000.0,Mã giảm 10k,,https://www.shopee.vn/search?q=8935409003487,2026-07-04 04:44:35
59,Lazada,161000.0,8000.0,153000.0,Voucher tích lũy,,https://www.lazada.vn/search?q=8935409003487,2026-07-04 04:44:35
59,TikTok Shop,139000.0,14000.0,125000.0,,Flash Sale hàng hiệu,https://www.tiktokshop.vn/search?q=8935409003487,2026-07-04 04:44:35
59,GrabMart,193000.0,0.0,193000.0,,,https://www.grabmart.vn/search?q=8935409003487,2026-07-04 04:44:35
59,Pharmacity,175000.0,0.0,175000.0,,,https://www.pharmacity.vn/search?q=8935409003487,2026-07-04 04:44:35
59,Shopee,142000.0,0.0,142000.0,Freeship Extra,,https://www.shopee.vn/search?q=8935409003487,2026-07-05 04:44:35
59,Lazada,166000.0,8000.0,158000.0,,Combo mua 2 giảm 5%,https://www.lazada.vn/search?q=8935409003487,2026-07-05 04:44:35
59,TikTok Shop,156000.0,0.0,156000.0,,Flash Sale hàng hiệu,https://www.tiktokshop.vn/search?q=8935409003487,2026-07-05 04:44:35
59,GrabMart,186000.0,0.0,186000.0,,,https://www.grabmart.vn/search?q=8935409003487,2026-07-05 04:44:35
59,Pharmacity,171000.0,0.0,171000.0,,,https://www.pharmacity.vn/search?q=8935409003487,2026-07-05 04:44:35
59,Shopee,144000.0,14000.0,130000.0,,,https://www.shopee.vn/search?q=8935409003487,2026-07-06 04:44:35
59,Lazada,147000.0,15000.0,132000.0,Voucher tích lũy,Combo mua 2 giảm 5%,https://www.lazada.vn/search?q=8935409003487,2026-07-06 04:44:35
59,TikTok Shop,159000.0,16000.0,143000.0,,,https://www.tiktokshop.vn/search?q=8935409003487,2026-07-06 04:44:35
59,GrabMart,189000.0,0.0,189000.0,,,https://www.grabmart.vn/search?q=8935409003487,2026-07-06 04:44:35
59,Pharmacity,166000.0,8000.0,158000.0,,,https://www.pharmacity.vn/search?q=8935409003487,2026-07-06 04:44:35
60,Shopee,70000.0,7000.0,63000.0,,Flash Sale,https://www.shopee.vn/search?q=8932639343628,2026-06-30 04:44:35
60,Lazada,81000.0,4000.0,77000.0,Voucher tích lũy,,https://www.lazada.vn/search?q=8932639343628,2026-06-30 04:44:35
60,TikTok Shop,67000.0,0.0,47000.0,Voucher Livestream 20k,Flash Sale hàng hiệu,https://www.tiktokshop.vn/search?q=8932639343628,2026-06-30 04:44:35
60,GrabMart,92000.0,0.0,92000.0,,,https://www.grabmart.vn/search?q=8932639343628,2026-06-30 04:44:35
60,Pharmacity,85000.0,4000.0,81000.0,,,https://www.pharmacity.vn/search?q=8932639343628,2026-06-30 04:44:35
60,Shopee,80000.0,8000.0,72000.0,,,https://www.shopee.vn/search?q=8932639343628,2026-07-01 04:44:35
60,Lazada,78000.0,0.0,78000.0,Voucher tích lũy,,https://www.lazada.vn/search?q=8932639343628,2026-07-01 04:44:35
60,TikTok Shop,74000.0,7000.0,67000.0,,,https://www.tiktokshop.vn/search?q=8932639343628,2026-07-01 04:44:35
60,GrabMart,87000.0,0.0,87000.0,,,https://www.grabmart.vn/search?q=8932639343628,2026-07-01 04:44:35
60,Pharmacity,84000.0,4000.0,80000.0,,,https://www.pharmacity.vn/search?q=8932639343628,2026-07-01 04:44:35
60,Shopee,83000.0,8000.0,75000.0,,,https://www.shopee.vn/search?q=8932639343628,2026-07-02 04:44:35
60,Lazada,78000.0,4000.0,74000.0,,Combo mua 2 giảm 5%,https://www.lazada.vn/search?q=8932639343628,2026-07-02 04:44:35
60,TikTok Shop,80000.0,8000.0,72000.0,,,https://www.tiktokshop.vn/search?q=8932639343628,2026-07-02 04:44:35
60,GrabMart,87000.0,0.0,87000.0,,,https://www.grabmart.vn/search?q=8932639343628,2026-07-02 04:44:35
60,Pharmacity,84000.0,0.0,84000.0,,,https://www.pharmacity.vn/search?q=8932639343628,2026-07-02 04:44:35
60,Shopee,73000.0,7000.0,66000.0,,,https://www.shopee.vn/search?q=8932639343628,2026-07-03 04:44:35
60,Lazada,77000.0,4000.0,73000.0,Voucher tích lũy,Combo mua 2 giảm 5%,https://www.lazada.vn/search?q=8932639343628,2026-07-03 04:44:35
60,TikTok Shop,71000.0,7000.0,44000.0,Voucher Livestream 20k,Flash Sale hàng hiệu,https://www.tiktokshop.vn/search?q=8932639343628,2026-07-03 04:44:35
60,GrabMart,89000.0,0.0,89000.0,,,https://www.grabmart.vn/search?q=8932639343628,2026-07-03 04:44:35
60,Pharmacity,82000.0,4000.0,78000.0,,,https://www.pharmacity.vn/search?q=8932639343628,2026-07-03 04:44:35
60,Shopee,80000.0,4000.0,76000.0,Freeship Extra,Flash Sale,https://www.shopee.vn/search?q=8932639343628,2026-07-04 04:44:35
60,Lazada,73000.0,0.0,73000.0,,,https://www.lazada.vn/search?q=8932639343628,2026-07-04 04:44:35
60,TikTok Shop,70000.0,7000.0,43000.0,Voucher Livestream 20k,,https://www.tiktokshop.vn/search?q=8932639343628,2026-07-04 04:44:35
60,GrabMart,93000.0,0.0,93000.0,,,https://www.grabmart.vn/search?q=8932639343628,2026-07-04 04:44:35
60,Pharmacity,83000.0,4000.0,79000.0,,,https://www.pharmacity.vn/search?q=8932639343628,2026-07-04 04:44:35
60,Shopee,70000.0,7000.0,63000.0,Freeship Extra,Flash Sale,https://www.shopee.vn/search?q=8932639343628,2026-07-05 04:44:35
60,Lazada,77000.0,0.0,77000.0,,,https://www.lazada.vn/search?q=8932639343628,2026-07-05 04:44:35
60,TikTok Shop,72000.0,0.0,52000.0,Voucher Livestream 20k,,https://www.tiktokshop.vn/search?q=8932639343628,2026-07-05 04:44:35
60,GrabMart,94000.0,0.0,94000.0,,,https://www.grabmart.vn/search?q=8932639343628,2026-07-05 04:44:35
60,Pharmacity,85000.0,4000.0,81000.0,,,https://www.pharmacity.vn/search?q=8932639343628,2026-07-05 04:44:35
60,Shopee,77000.0,4000.0,73000.0,Freeship Extra,,https://www.shopee.vn/search?q=8932639343628,2026-07-06 04:44:35
60,Lazada,78000.0,8000.0,70000.0,,Combo mua 2 giảm 5%,https://www.lazada.vn/search?q=8932639343628,2026-07-06 04:44:35
60,TikTok Shop,80000.0,0.0,60000.0,Voucher Livestream 20k,,https://www.tiktokshop.vn/search?q=8932639343628,2026-07-06 04:44:35
60,GrabMart,95000.0,0.0,95000.0,,,https://www.grabmart.vn/search?q=8932639343628,2026-07-06 04:44:35
60,Pharmacity,81000.0,0.0,81000.0,,,https://www.pharmacity.vn/search?q=8932639343628,2026-07-06 04:44:35
61,Shopee,51000.0,0.0,51000.0,Freeship Extra,Flash Sale,https://www.shopee.vn/search?q=8935201777494,2026-06-30 04:44:35
61,Lazada,52000.0,5000.0,47000.0,,,https://www.lazada.vn/search?q=8935201777494,2026-06-30 04:44:35
61,TikTok Shop,54000.0,8000.0,26000.0,Voucher Livestream 20k,Flash Sale hàng hiệu,https://www.tiktokshop.vn/search?q=8935201777494,2026-06-30 04:44:35
61,GrabMart,65000.0,0.0,65000.0,,,https://www.grabmart.vn/search?q=8935201777494,2026-06-30 04:44:35
61,Pharmacity,59000.0,3000.0,56000.0,,,https://www.pharmacity.vn/search?q=8935201777494,2026-06-30 04:44:35
61,Shopee,49000.0,5000.0,44000.0,,,https://www.shopee.vn/search?q=8935201777494,2026-07-01 04:44:35
61,Lazada,57000.0,3000.0,54000.0,,,https://www.lazada.vn/search?q=8935201777494,2026-07-01 04:44:35
61,TikTok Shop,54000.0,0.0,34000.0,Voucher Livestream 20k,Flash Sale hàng hiệu,https://www.tiktokshop.vn/search?q=8935201777494,2026-07-01 04:44:35
61,GrabMart,60000.0,0.0,60000.0,,,https://www.grabmart.vn/search?q=8935201777494,2026-07-01 04:44:35
61,Pharmacity,59000.0,0.0,59000.0,,,https://www.pharmacity.vn/search?q=8935201777494,2026-07-01 04:44:35
61,Shopee,49000.0,7000.0,32000.0,Mã giảm 10k,Flash Sale,https://www.shopee.vn/search?q=8935201777494,2026-07-02 04:44:35
61,Lazada,56000.0,6000.0,50000.0,,Combo mua 2 giảm 5%,https://www.lazada.vn/search?q=8935201777494,2026-07-02 04:44:35
61,TikTok Shop,53000.0,5000.0,48000.0,,Flash Sale hàng hiệu,https://www.tiktokshop.vn/search?q=8935201777494,2026-07-02 04:44:35
61,GrabMart,62000.0,0.0,62000.0,,,https://www.grabmart.vn/search?q=8935201777494,2026-07-02 04:44:35
61,Pharmacity,57000.0,3000.0,54000.0,,,https://www.pharmacity.vn/search?q=8935201777494,2026-07-02 04:44:35
61,Shopee,53000.0,8000.0,45000.0,,Flash Sale,https://www.shopee.vn/search?q=8935201777494,2026-07-03 04:44:35
61,Lazada,56000.0,6000.0,50000.0,,Combo mua 2 giảm 5%,https://www.lazada.vn/search?q=8935201777494,2026-07-03 04:44:35
61,TikTok Shop,52000.0,0.0,52000.0,,Flash Sale hàng hiệu,https://www.tiktokshop.vn/search?q=8935201777494,2026-07-03 04:44:35
61,GrabMart,66000.0,0.0,66000.0,,,https://www.grabmart.vn/search?q=8935201777494,2026-07-03 04:44:35
61,Pharmacity,58000.0,0.0,58000.0,,,https://www.pharmacity.vn/search?q=8935201777494,2026-07-03 04:44:35
61,Shopee,57000.0,0.0,47000.0,Mã giảm 10k,Flash Sale,https://www.shopee.vn/search?q=8935201777494,2026-07-04 04:44:35
61,Lazada,53000.0,3000.0,50000.0,Voucher tích lũy,,https://www.lazada.vn/search?q=8935201777494,2026-07-04 04:44:35
61,TikTok Shop,56000.0,8000.0,28000.0,Voucher Livestream 20k,,https://www.tiktokshop.vn/search?q=8935201777494,2026-07-04 04:44:35
61,GrabMart,62000.0,0.0,62000.0,,,https://www.grabmart.vn/search?q=8935201777494,2026-07-04 04:44:35
61,Pharmacity,57000.0,0.0,57000.0,,,https://www.pharmacity.vn/search?q=8935201777494,2026-07-04 04:44:35
61,Shopee,53000.0,0.0,53000.0,Freeship Extra,,https://www.shopee.vn/search?q=8935201777494,2026-07-05 04:44:35
61,Lazada,53000.0,3000.0,50000.0,,Combo mua 2 giảm 5%,https://www.lazada.vn/search?q=8935201777494,2026-07-05 04:44:35
61,TikTok Shop,53000.0,8000.0,25000.0,Voucher Livestream 20k,Flash Sale hàng hiệu,https://www.tiktokshop.vn/search?q=8935201777494,2026-07-05 04:44:35
61,GrabMart,60000.0,0.0,60000.0,,,https://www.grabmart.vn/search?q=8935201777494,2026-07-05 04:44:35
61,Pharmacity,56000.0,0.0,56000.0,,,https://www.pharmacity.vn/search?q=8935201777494,2026-07-05 04:44:35
61,Shopee,49000.0,7000.0,42000.0,,,https://www.shopee.vn/search?q=8935201777494,2026-07-06 04:44:35
61,Lazada,56000.0,0.0,56000.0,,Combo mua 2 giảm 5%,https://www.lazada.vn/search?q=8935201777494,2026-07-06 04:44:35
61,TikTok Shop,55000.0,6000.0,29000.0,Voucher Livestream 20k,Flash Sale hàng hiệu,https://www.tiktokshop.vn/search?q=8935201777494,2026-07-06 04:44:35
61,GrabMart,64000.0,0.0,64000.0,,,https://www.grabmart.vn/search?q=8935201777494,2026-07-06 04:44:35
61,Pharmacity,58000.0,3000.0,55000.0,,,https://www.pharmacity.vn/search?q=8935201777494,2026-07-06 04:44:35
62,Shopee,104000.0,16000.0,78000.0,Mã giảm 10k,Flash Sale,https://www.shopee.vn/search?q=8931941680063,2026-06-30 04:44:35
62,Lazada,117000.0,12000.0,105000.0,Voucher tích lũy,Combo mua 2 giảm 5%,https://www.lazada.vn/search?q=8931941680063,2026-06-30 04:44:35
62,TikTok Shop,109000.0,16000.0,73000.0,Voucher Livestream 20k,Flash Sale hàng hiệu,https://www.tiktokshop.vn/search?q=8931941680063,2026-06-30 04:44:35
62,GrabMart,135000.0,0.0,135000.0,,,https://www.grabmart.vn/search?q=8931941680063,2026-06-30 04:44:35
62,Pharmacity,117000.0,0.0,117000.0,,,https://www.pharmacity.vn/search?q=8931941680063,2026-06-30 04:44:35
62,Shopee,101000.0,0.0,101000.0,,,https://www.shopee.vn/search?q=8931941680063,2026-07-01 04:44:35
62,Lazada,117000.0,0.0,117000.0,Voucher tích lũy,,https://www.lazada.vn/search?q=8931941680063,2026-07-01 04:44:35
62,TikTok Shop,109000.0,11000.0,98000.0,,,https://www.tiktokshop.vn/search?q=8931941680063,2026-07-01 04:44:35
62,GrabMart,126000.0,0.0,126000.0,,,https://www.grabmart.vn/search?q=8931941680063,2026-07-01 04:44:35
62,Pharmacity,120000.0,6000.0,114000.0,,,https://www.pharmacity.vn/search?q=8931941680063,2026-07-01 04:44:35
62,Shopee,109000.0,0.0,109000.0,,,https://www.shopee.vn/search?q=8931941680063,2026-07-02 04:44:35
62,Lazada,115000.0,6000.0,109000.0,Voucher tích lũy,Combo mua 2 giảm 5%,https://www.lazada.vn/search?q=8931941680063,2026-07-02 04:44:35
62,TikTok Shop,97000.0,10000.0,87000.0,,,https://www.tiktokshop.vn/search?q=8931941680063,2026-07-02 04:44:35
62,GrabMart,125000.0,0.0,125000.0,,,https://www.grabmart.vn/search?q=8931941680063,2026-07-02 04:44:35
62,Pharmacity,123000.0,6000.0,117000.0,,,https://www.pharmacity.vn/search?q=8931941680063,2026-07-02 04:44:35
62,Shopee,101000.0,0.0,101000.0,,Flash Sale,https://www.shopee.vn/search?q=8931941680063,2026-07-03 04:44:35
62,Lazada,118000.0,6000.0,112000.0,Voucher tích lũy,,https://www.lazada.vn/search?q=8931941680063,2026-07-03 04:44:35
62,TikTok Shop,106000.0,11000.0,75000.0,Voucher Livestream 20k,,https://www.tiktokshop.vn/search?q=8931941680063,2026-07-03 04:44:35
62,GrabMart,134000.0,0.0,134000.0,,,https://www.grabmart.vn/search?q=8931941680063,2026-07-03 04:44:35
62,Pharmacity,121000.0,6000.0,115000.0,,,https://www.pharmacity.vn/search?q=8931941680063,2026-07-03 04:44:35
62,Shopee,112000.0,0.0,102000.0,Mã giảm 10k,Flash Sale,https://www.shopee.vn/search?q=8931941680063,2026-07-04 04:44:35
62,Lazada,117000.0,0.0,117000.0,Voucher tích lũy,Combo mua 2 giảm 5%,https://www.lazada.vn/search?q=8931941680063,2026-07-04 04:44:35
62,TikTok Shop,105000.0,10000.0,95000.0,,,https://www.tiktokshop.vn/search?q=8931941680063,2026-07-04 04:44:35
62,GrabMart,125000.0,0.0,125000.0,,,https://www.grabmart.vn/search?q=8931941680063,2026-07-04 04:44:35
62,Pharmacity,118000.0,6000.0,112000.0,,,https://www.pharmacity.vn/search?q=8931941680063,2026-07-04 04:44:35
62,Shopee,109000.0,5000.0,104000.0,Freeship Extra,Flash Sale,https://www.shopee.vn/search?q=8931941680063,2026-07-05 04:44:35
62,Lazada,117000.0,12000.0,105000.0,Voucher tích lũy,,https://www.lazada.vn/search?q=8931941680063,2026-07-05 04:44:35
62,TikTok Shop,114000.0,17000.0,77000.0,Voucher Livestream 20k,Flash Sale hàng hiệu,https://www.tiktokshop.vn/search?q=8931941680063,2026-07-05 04:44:35
62,GrabMart,136000.0,0.0,136000.0,,,https://www.grabmart.vn/search?q=8931941680063,2026-07-05 04:44:35
62,Pharmacity,122000.0,6000.0,116000.0,,,https://www.pharmacity.vn/search?q=8931941680063,2026-07-05 04:44:35
62,Shopee,116000.0,6000.0,110000.0,Freeship Extra,,https://www.shopee.vn/search?q=8931941680063,2026-07-06 04:44:35
62,Lazada,108000.0,11000.0,97000.0,,Combo mua 2 giảm 5%,https://www.lazada.vn/search?q=8931941680063,2026-07-06 04:44:35
62,TikTok Shop,99000.0,0.0,99000.0,,Flash Sale hàng hiệu,https://www.tiktokshop.vn/search?q=8931941680063,2026-07-06 04:44:35
62,GrabMart,122000.0,0.0,122000.0,,,https://www.grabmart.vn/search?q=8931941680063,2026-07-06 04:44:35
62,Pharmacity,120000.0,6000.0,114000.0,,,https://www.pharmacity.vn/search?q=8931941680063,2026-07-06 04:44:35
63,Shopee,267000.0,0.0,267000.0,Freeship Extra,,https://www.shopee.vn/search?q=8930054522802,2026-06-30 04:44:35
63,Lazada,264000.0,0.0,264000.0,Voucher tích lũy,Combo mua 2 giảm 5%,https://www.lazada.vn/search?q=8930054522802,2026-06-30 04:44:35
63,TikTok Shop,290000.0,29000.0,261000.0,,Flash Sale hàng hiệu,https://www.tiktokshop.vn/search?q=8930054522802,2026-06-30 04:44:35
63,GrabMart,342000.0,0.0,342000.0,,,https://www.grabmart.vn/search?q=8930054522802,2026-06-30 04:44:35
63,Pharmacity,308000.0,0.0,308000.0,,,https://www.pharmacity.vn/search?q=8930054522802,2026-06-30 04:44:35
63,Shopee,285000.0,43000.0,232000.0,Mã giảm 10k,,https://www.shopee.vn/search?q=8930054522802,2026-07-01 04:44:35
63,Lazada,295000.0,30000.0,265000.0,,,https://www.lazada.vn/search?q=8930054522802,2026-07-01 04:44:35
63,TikTok Shop,266000.0,0.0,266000.0,,,https://www.tiktokshop.vn/search?q=8930054522802,2026-07-01 04:44:35
63,GrabMart,343000.0,0.0,343000.0,,,https://www.grabmart.vn/search?q=8930054522802,2026-07-01 04:44:35
63,Pharmacity,293000.0,15000.0,278000.0,,,https://www.pharmacity.vn/search?q=8930054522802,2026-07-01 04:44:35
63,Shopee,285000.0,43000.0,242000.0,Freeship Extra,,https://www.shopee.vn/search?q=8930054522802,2026-07-02 04:44:35
63,Lazada,265000.0,13000.0,252000.0,Voucher tích lũy,,https://www.lazada.vn/search?q=8930054522802,2026-07-02 04:44:35
63,TikTok Shop,248000.0,0.0,228000.0,Voucher Livestream 20k,Flash Sale hàng hiệu,https://www.tiktokshop.vn/search?q=8930054522802,2026-07-02 04:44:35
63,GrabMart,336000.0,0.0,336000.0,,,https://www.grabmart.vn/search?q=8930054522802,2026-07-02 04:44:35
63,Pharmacity,290000.0,14000.0,276000.0,,,https://www.pharmacity.vn/search?q=8930054522802,2026-07-02 04:44:35
63,Shopee,267000.0,13000.0,254000.0,,Flash Sale,https://www.shopee.vn/search?q=8930054522802,2026-07-03 04:44:35
63,Lazada,273000.0,14000.0,259000.0,Voucher tích lũy,,https://www.lazada.vn/search?q=8930054522802,2026-07-03 04:44:35
63,TikTok Shop,249000.0,37000.0,192000.0,Voucher Livestream 20k,,https://www.tiktokshop.vn/search?q=8930054522802,2026-07-03 04:44:35
63,GrabMart,306000.0,0.0,306000.0,,,https://www.grabmart.vn/search?q=8930054522802,2026-07-03 04:44:35
63,Pharmacity,299000.0,15000.0,284000.0,,,https://www.pharmacity.vn/search?q=8930054522802,2026-07-03 04:44:35
63,Shopee,294000.0,29000.0,265000.0,,Flash Sale,https://www.shopee.vn/search?q=8930054522802,2026-07-04 04:44:35
63,Lazada,265000.0,0.0,265000.0,,,https://www.lazada.vn/search?q=8930054522802,2026-07-04 04:44:35
63,TikTok Shop,258000.0,26000.0,232000.0,,Flash Sale hàng hiệu,https://www.tiktokshop.vn/search?q=8930054522802,2026-07-04 04:44:35
63,GrabMart,302000.0,0.0,302000.0,,,https://www.grabmart.vn/search?q=8930054522802,2026-07-04 04:44:35
63,Pharmacity,306000.0,0.0,306000.0,,,https://www.pharmacity.vn/search?q=8930054522802,2026-07-04 04:44:35
63,Shopee,294000.0,0.0,294000.0,Freeship Extra,Flash Sale,https://www.shopee.vn/search?q=8930054522802,2026-07-05 04:44:35
63,Lazada,275000.0,28000.0,247000.0,Voucher tích lũy,Combo mua 2 giảm 5%,https://www.lazada.vn/search?q=8930054522802,2026-07-05 04:44:35
63,TikTok Shop,286000.0,0.0,266000.0,Voucher Livestream 20k,,https://www.tiktokshop.vn/search?q=8930054522802,2026-07-05 04:44:35
63,GrabMart,333000.0,0.0,333000.0,,,https://www.grabmart.vn/search?q=8930054522802,2026-07-05 04:44:35
63,Pharmacity,299000.0,0.0,299000.0,,,https://www.pharmacity.vn/search?q=8930054522802,2026-07-05 04:44:35
63,Shopee,294000.0,44000.0,250000.0,Freeship Extra,Flash Sale,https://www.shopee.vn/search?q=8930054522802,2026-07-06 04:44:35
63,Lazada,292000.0,29000.0,263000.0,Voucher tích lũy,,https://www.lazada.vn/search?q=8930054522802,2026-07-06 04:44:35
63,TikTok Shop,284000.0,0.0,284000.0,,Flash Sale hàng hiệu,https://www.tiktokshop.vn/search?q=8930054522802,2026-07-06 04:44:35
63,GrabMart,318000.0,0.0,318000.0,,,https://www.grabmart.vn/search?q=8930054522802,2026-07-06 04:44:35
63,Pharmacity,305000.0,0.0,305000.0,,,https://www.pharmacity.vn/search?q=8930054522802,2026-07-06 04:44:35
64,Shopee,143000.0,14000.0,129000.0,Freeship Extra,Flash Sale,https://www.shopee.vn/search?q=8938485200894,2026-06-30 04:44:35
64,Lazada,145000.0,0.0,145000.0,,Combo mua 2 giảm 5%,https://www.lazada.vn/search?q=8938485200894,2026-06-30 04:44:35
64,TikTok Shop,125000.0,19000.0,86000.0,Voucher Livestream 20k,,https://www.tiktokshop.vn/search?q=8938485200894,2026-06-30 04:44:35
64,GrabMart,148000.0,0.0,148000.0,,,https://www.grabmart.vn/search?q=8938485200894,2026-06-30 04:44:35
64,Pharmacity,149000.0,0.0,149000.0,,,https://www.pharmacity.vn/search?q=8938485200894,2026-06-30 04:44:35
64,Shopee,133000.0,0.0,123000.0,Mã giảm 10k,Flash Sale,https://www.shopee.vn/search?q=8938485200894,2026-07-01 04:44:35
64,Lazada,145000.0,14000.0,131000.0,,Combo mua 2 giảm 5%,https://www.lazada.vn/search?q=8938485200894,2026-07-01 04:44:35
64,TikTok Shop,125000.0,19000.0,106000.0,,Flash Sale hàng hiệu,https://www.tiktokshop.vn/search?q=8938485200894,2026-07-01 04:44:35
64,GrabMart,159000.0,0.0,159000.0,,,https://www.grabmart.vn/search?q=8938485200894,2026-07-01 04:44:35
64,Pharmacity,145000.0,7000.0,138000.0,,,https://www.pharmacity.vn/search?q=8938485200894,2026-07-01 04:44:35
64,Shopee,135000.0,7000.0,118000.0,Mã giảm 10k,Flash Sale,https://www.shopee.vn/search?q=8938485200894,2026-07-02 04:44:35
64,Lazada,129000.0,13000.0,116000.0,Voucher tích lũy,Combo mua 2 giảm 5%,https://www.lazada.vn/search?q=8938485200894,2026-07-02 04:44:35
64,TikTok Shop,120000.0,0.0,100000.0,Voucher Livestream 20k,,https://www.tiktokshop.vn/search?q=8938485200894,2026-07-02 04:44:35
64,GrabMart,158000.0,0.0,158000.0,,,https://www.grabmart.vn/search?q=8938485200894,2026-07-02 04:44:35
64,Pharmacity,147000.0,7000.0,140000.0,,,https://www.pharmacity.vn/search?q=8938485200894,2026-07-02 04:44:35
64,Shopee,139000.0,21000.0,118000.0,Freeship Extra,Flash Sale,https://www.shopee.vn/search?q=8938485200894,2026-07-03 04:44:35
64,Lazada,143000.0,14000.0,129000.0,Voucher tích lũy,Combo mua 2 giảm 5%,https://www.lazada.vn/search?q=8938485200894,2026-07-03 04:44:35
64,TikTok Shop,142000.0,21000.0,101000.0,Voucher Livestream 20k,Flash Sale hàng hiệu,https://www.tiktokshop.vn/search?q=8938485200894,2026-07-03 04:44:35
64,GrabMart,166000.0,0.0,166000.0,,,https://www.grabmart.vn/search?q=8938485200894,2026-07-03 04:44:35
64,Pharmacity,144000.0,0.0,144000.0,,,https://www.pharmacity.vn/search?q=8938485200894,2026-07-03 04:44:35
64,Shopee,134000.0,20000.0,114000.0,,,https://www.shopee.vn/search?q=8938485200894,2026-07-04 04:44:35
64,Lazada,140000.0,7000.0,133000.0,Voucher tích lũy,,https://www.lazada.vn/search?q=8938485200894,2026-07-04 04:44:35
64,TikTok Shop,136000.0,20000.0,96000.0,Voucher Livestream 20k,,https://www.tiktokshop.vn/search?q=8938485200894,2026-07-04 04:44:35
64,GrabMart,161000.0,0.0,161000.0,,,https://www.grabmart.vn/search?q=8938485200894,2026-07-04 04:44:35
64,Pharmacity,146000.0,0.0,146000.0,,,https://www.pharmacity.vn/search?q=8938485200894,2026-07-04 04:44:35
64,Shopee,132000.0,13000.0,119000.0,,,https://www.shopee.vn/search?q=8938485200894,2026-07-05 04:44:35
64,Lazada,129000.0,6000.0,123000.0,Voucher tích lũy,Combo mua 2 giảm 5%,https://www.lazada.vn/search?q=8938485200894,2026-07-05 04:44:35
64,TikTok Shop,125000.0,0.0,125000.0,,,https://www.tiktokshop.vn/search?q=8938485200894,2026-07-05 04:44:35
64,GrabMart,165000.0,0.0,165000.0,,,https://www.grabmart.vn/search?q=8938485200894,2026-07-05 04:44:35
64,Pharmacity,146000.0,7000.0,139000.0,,,https://www.pharmacity.vn/search?q=8938485200894,2026-07-05 04:44:35
64,Shopee,144000.0,7000.0,137000.0,,Flash Sale,https://www.shopee.vn/search?q=8938485200894,2026-07-06 04:44:35
64,Lazada,127000.0,13000.0,114000.0,Voucher tích lũy,,https://www.lazada.vn/search?q=8938485200894,2026-07-06 04:44:35
64,TikTok Shop,139000.0,14000.0,105000.0,Voucher Livestream 20k,Flash Sale hàng hiệu,https://www.tiktokshop.vn/search?q=8938485200894,2026-07-06 04:44:35
64,GrabMart,160000.0,0.0,160000.0,,,https://www.grabmart.vn/search?q=8938485200894,2026-07-06 04:44:35
64,Pharmacity,151000.0,8000.0,143000.0,,,https://www.pharmacity.vn/search?q=8938485200894,2026-07-06 04:44:35
65,Shopee,444000.0,67000.0,367000.0,Mã giảm 10k,,https://www.shopee.vn/search?q=8932877725194,2026-06-30 04:44:35
65,Lazada,486000.0,24000.0,462000.0,Voucher tích lũy,,https://www.lazada.vn/search?q=8932877725194,2026-06-30 04:44:35
65,TikTok Shop,467000.0,70000.0,397000.0,,Flash Sale hàng hiệu,https://www.tiktokshop.vn/search?q=8932877725194,2026-06-30 04:44:35
65,GrabMart,538000.0,0.0,538000.0,,,https://www.grabmart.vn/search?q=8932877725194,2026-06-30 04:44:35
65,Pharmacity,482000.0,0.0,482000.0,,,https://www.pharmacity.vn/search?q=8932877725194,2026-06-30 04:44:35
65,Shopee,429000.0,0.0,429000.0,Freeship Extra,,https://www.shopee.vn/search?q=8932877725194,2026-07-01 04:44:35
65,Lazada,473000.0,47000.0,426000.0,,,https://www.lazada.vn/search?q=8932877725194,2026-07-01 04:44:35
65,TikTok Shop,451000.0,68000.0,383000.0,,,https://www.tiktokshop.vn/search?q=8932877725194,2026-07-01 04:44:35
65,GrabMart,515000.0,0.0,515000.0,,,https://www.grabmart.vn/search?q=8932877725194,2026-07-01 04:44:35
65,Pharmacity,485000.0,24000.0,461000.0,,,https://www.pharmacity.vn/search?q=8932877725194,2026-07-01 04:44:35
65,Shopee,420000.0,42000.0,368000.0,Mã giảm 10k,,https://www.shopee.vn/search?q=8932877725194,2026-07-02 04:44:35
65,Lazada,458000.0,0.0,458000.0,Voucher tích lũy,Combo mua 2 giảm 5%,https://www.lazada.vn/search?q=8932877725194,2026-07-02 04:44:35
65,TikTok Shop,413000.0,0.0,393000.0,Voucher Livestream 20k,Flash Sale hàng hiệu,https://www.tiktokshop.vn/search?q=8932877725194,2026-07-02 04:44:35
65,GrabMart,514000.0,0.0,514000.0,,,https://www.grabmart.vn/search?q=8932877725194,2026-07-02 04:44:35
65,Pharmacity,482000.0,0.0,482000.0,,,https://www.pharmacity.vn/search?q=8932877725194,2026-07-02 04:44:35
65,Shopee,457000.0,46000.0,411000.0,,,https://www.shopee.vn/search?q=8932877725194,2026-07-03 04:44:35
65,Lazada,444000.0,0.0,444000.0,,Combo mua 2 giảm 5%,https://www.lazada.vn/search?q=8932877725194,2026-07-03 04:44:35
65,TikTok Shop,474000.0,71000.0,403000.0,,,https://www.tiktokshop.vn/search?q=8932877725194,2026-07-03 04:44:35
65,GrabMart,542000.0,0.0,542000.0,,,https://www.grabmart.vn/search?q=8932877725194,2026-07-03 04:44:35
65,Pharmacity,489000.0,0.0,489000.0,,,https://www.pharmacity.vn/search?q=8932877725194,2026-07-03 04:44:35
65,Shopee,470000.0,47000.0,413000.0,Mã giảm 10k,,https://www.shopee.vn/search?q=8932877725194,2026-07-04 04:44:35
65,Lazada,447000.0,22000.0,425000.0,Voucher tích lũy,Combo mua 2 giảm 5%,https://www.lazada.vn/search?q=8932877725194,2026-07-04 04:44:35
65,TikTok Shop,428000.0,0.0,428000.0,,,https://www.tiktokshop.vn/search?q=8932877725194,2026-07-04 04:44:35
65,GrabMart,512000.0,0.0,512000.0,,,https://www.grabmart.vn/search?q=8932877725194,2026-07-04 04:44:35
65,Pharmacity,499000.0,0.0,499000.0,,,https://www.pharmacity.vn/search?q=8932877725194,2026-07-04 04:44:35
65,Shopee,453000.0,68000.0,385000.0,,Flash Sale,https://www.shopee.vn/search?q=8932877725194,2026-07-05 04:44:35
65,Lazada,432000.0,22000.0,410000.0,Voucher tích lũy,,https://www.lazada.vn/search?q=8932877725194,2026-07-05 04:44:35
65,TikTok Shop,437000.0,44000.0,393000.0,,,https://www.tiktokshop.vn/search?q=8932877725194,2026-07-05 04:44:35
65,GrabMart,514000.0,0.0,514000.0,,,https://www.grabmart.vn/search?q=8932877725194,2026-07-05 04:44:35
65,Pharmacity,512000.0,0.0,512000.0,,,https://www.pharmacity.vn/search?q=8932877725194,2026-07-05 04:44:35
65,Shopee,433000.0,22000.0,401000.0,Mã giảm 10k,Flash Sale,https://www.shopee.vn/search?q=8932877725194,2026-07-06 04:44:35
65,Lazada,455000.0,46000.0,409000.0,,,https://www.lazada.vn/search?q=8932877725194,2026-07-06 04:44:35
65,TikTok Shop,428000.0,0.0,428000.0,,Flash Sale hàng hiệu,https://www.tiktokshop.vn/search?q=8932877725194,2026-07-06 04:44:35
65,GrabMart,570000.0,0.0,570000.0,,,https://www.grabmart.vn/search?q=8932877725194,2026-07-06 04:44:35
65,Pharmacity,497000.0,0.0,497000.0,,,https://www.pharmacity.vn/search?q=8932877725194,2026-07-06 04:44:35
66,Shopee,312000.0,0.0,302000.0,Mã giảm 10k,,https://www.shopee.vn/search?q=8932007494655,2026-06-30 04:44:35
66,Lazada,338000.0,0.0,338000.0,,Combo mua 2 giảm 5%,https://www.lazada.vn/search?q=8932007494655,2026-06-30 04:44:35
66,TikTok Shop,351000.0,0.0,331000.0,Voucher Livestream 20k,Flash Sale hàng hiệu,https://www.tiktokshop.vn/search?q=8932007494655,2026-06-30 04:44:35
66,GrabMart,407000.0,0.0,407000.0,,,https://www.grabmart.vn/search?q=8932007494655,2026-06-30 04:44:35
66,Pharmacity,384000.0,19000.0,365000.0,,,https://www.pharmacity.vn/search?q=8932007494655,2026-06-30 04:44:35
66,Shopee,326000.0,33000.0,283000.0,Mã giảm 10k,,https://www.shopee.vn/search?q=8932007494655,2026-07-01 04:44:35
66,Lazada,341000.0,34000.0,307000.0,Voucher tích lũy,,https://www.lazada.vn/search?q=8932007494655,2026-07-01 04:44:35
66,TikTok Shop,353000.0,0.0,353000.0,,Flash Sale hàng hiệu,https://www.tiktokshop.vn/search?q=8932007494655,2026-07-01 04:44:35
66,GrabMart,370000.0,0.0,370000.0,,,https://www.grabmart.vn/search?q=8932007494655,2026-07-01 04:44:35
66,Pharmacity,358000.0,0.0,358000.0,,,https://www.pharmacity.vn/search?q=8932007494655,2026-07-01 04:44:35
66,Shopee,334000.0,50000.0,274000.0,Mã giảm 10k,,https://www.shopee.vn/search?q=8932007494655,2026-07-02 04:44:35
66,Lazada,356000.0,36000.0,320000.0,,,https://www.lazada.vn/search?q=8932007494655,2026-07-02 04:44:35
66,TikTok Shop,352000.0,53000.0,279000.0,Voucher Livestream 20k,,https://www.tiktokshop.vn/search?q=8932007494655,2026-07-02 04:44:35
66,GrabMart,390000.0,0.0,390000.0,,,https://www.grabmart.vn/search?q=8932007494655,2026-07-02 04:44:35
66,Pharmacity,379000.0,19000.0,360000.0,,,https://www.pharmacity.vn/search?q=8932007494655,2026-07-02 04:44:35
66,Shopee,333000.0,0.0,333000.0,,Flash Sale,https://www.shopee.vn/search?q=8932007494655,2026-07-03 04:44:35
66,Lazada,337000.0,0.0,337000.0,Voucher tích lũy,,https://www.lazada.vn/search?q=8932007494655,2026-07-03 04:44:35
66,TikTok Shop,312000.0,0.0,292000.0,Voucher Livestream 20k,Flash Sale hàng hiệu,https://www.tiktokshop.vn/search?q=8932007494655,2026-07-03 04:44:35
66,GrabMart,381000.0,0.0,381000.0,,,https://www.grabmart.vn/search?q=8932007494655,2026-07-03 04:44:35
66,Pharmacity,379000.0,19000.0,360000.0,,,https://www.pharmacity.vn/search?q=8932007494655,2026-07-03 04:44:35
66,Shopee,358000.0,18000.0,340000.0,,Flash Sale,https://www.shopee.vn/search?q=8932007494655,2026-07-04 04:44:35
66,Lazada,364000.0,0.0,364000.0,Voucher tích lũy,Combo mua 2 giảm 5%,https://www.lazada.vn/search?q=8932007494655,2026-07-04 04:44:35
66,TikTok Shop,352000.0,53000.0,299000.0,,,https://www.tiktokshop.vn/search?q=8932007494655,2026-07-04 04:44:35
66,GrabMart,381000.0,0.0,381000.0,,,https://www.grabmart.vn/search?q=8932007494655,2026-07-04 04:44:35
66,Pharmacity,380000.0,19000.0,361000.0,,,https://www.pharmacity.vn/search?q=8932007494655,2026-07-04 04:44:35
66,Shopee,316000.0,32000.0,284000.0,Freeship Extra,Flash Sale,https://www.shopee.vn/search?q=8932007494655,2026-07-05 04:44:35
66,Lazada,328000.0,0.0,328000.0,,,https://www.lazada.vn/search?q=8932007494655,2026-07-05 04:44:35
66,TikTok Shop,334000.0,50000.0,284000.0,,,https://www.tiktokshop.vn/search?q=8932007494655,2026-07-05 04:44:35
66,GrabMart,385000.0,0.0,385000.0,,,https://www.grabmart.vn/search?q=8932007494655,2026-07-05 04:44:35
66,Pharmacity,373000.0,0.0,373000.0,,,https://www.pharmacity.vn/search?q=8932007494655,2026-07-05 04:44:35
66,Shopee,362000.0,36000.0,326000.0,,,https://www.shopee.vn/search?q=8932007494655,2026-07-06 04:44:35
66,Lazada,365000.0,36000.0,329000.0,Voucher tích lũy,Combo mua 2 giảm 5%,https://www.lazada.vn/search?q=8932007494655,2026-07-06 04:44:35
66,TikTok Shop,299000.0,30000.0,269000.0,,Flash Sale hàng hiệu,https://www.tiktokshop.vn/search?q=8932007494655,2026-07-06 04:44:35
66,GrabMart,395000.0,0.0,395000.0,,,https://www.grabmart.vn/search?q=8932007494655,2026-07-06 04:44:35
66,Pharmacity,384000.0,19000.0,365000.0,,,https://www.pharmacity.vn/search?q=8932007494655,2026-07-06 04:44:35
67,Shopee,516000.0,26000.0,480000.0,Mã giảm 10k,,https://www.shopee.vn/search?q=8937580304681,2026-06-30 04:44:35
67,Lazada,600000.0,0.0,600000.0,,Combo mua 2 giảm 5%,https://www.lazada.vn/search?q=8937580304681,2026-06-30 04:44:35
67,TikTok Shop,592000.0,0.0,592000.0,,,https://www.tiktokshop.vn/search?q=8937580304681,2026-06-30 04:44:35
67,GrabMart,648000.0,0.0,648000.0,,,https://www.grabmart.vn/search?q=8937580304681,2026-06-30 04:44:35
67,Pharmacity,599000.0,0.0,599000.0,,,https://www.pharmacity.vn/search?q=8937580304681,2026-06-30 04:44:35
67,Shopee,518000.0,78000.0,440000.0,,Flash Sale,https://www.shopee.vn/search?q=8937580304681,2026-07-01 04:44:35
67,Lazada,597000.0,0.0,597000.0,,Combo mua 2 giảm 5%,https://www.lazada.vn/search?q=8937580304681,2026-07-01 04:44:35
67,TikTok Shop,520000.0,52000.0,468000.0,,Flash Sale hàng hiệu,https://www.tiktokshop.vn/search?q=8937580304681,2026-07-01 04:44:35
67,GrabMart,666000.0,0.0,666000.0,,,https://www.grabmart.vn/search?q=8937580304681,2026-07-01 04:44:35
67,Pharmacity,606000.0,0.0,606000.0,,,https://www.pharmacity.vn/search?q=8937580304681,2026-07-01 04:44:35
67,Shopee,593000.0,89000.0,504000.0,,Flash Sale,https://www.shopee.vn/search?q=8937580304681,2026-07-02 04:44:35
67,Lazada,577000.0,0.0,577000.0,,,https://www.lazada.vn/search?q=8937580304681,2026-07-02 04:44:35
67,TikTok Shop,534000.0,80000.0,454000.0,,,https://www.tiktokshop.vn/search?q=8937580304681,2026-07-02 04:44:35
67,GrabMart,621000.0,0.0,621000.0,,,https://www.grabmart.vn/search?q=8937580304681,2026-07-02 04:44:35
67,Pharmacity,631000.0,0.0,631000.0,,,https://www.pharmacity.vn/search?q=8937580304681,2026-07-02 04:44:35
67,Shopee,545000.0,82000.0,463000.0,,,https://www.shopee.vn/search?q=8937580304681,2026-07-03 04:44:35
67,Lazada,585000.0,58000.0,527000.0,,Combo mua 2 giảm 5%,https://www.lazada.vn/search?q=8937580304681,2026-07-03 04:44:35
67,TikTok Shop,581000.0,58000.0,523000.0,,Flash Sale hàng hiệu,https://www.tiktokshop.vn/search?q=8937580304681,2026-07-03 04:44:35
67,GrabMart,638000.0,0.0,638000.0,,,https://www.grabmart.vn/search?q=8937580304681,2026-07-03 04:44:35
67,Pharmacity,622000.0,0.0,622000.0,,,https://www.pharmacity.vn/search?q=8937580304681,2026-07-03 04:44:35
67,Shopee,560000.0,84000.0,466000.0,Mã giảm 10k,,https://www.shopee.vn/search?q=8937580304681,2026-07-04 04:44:35
67,Lazada,559000.0,56000.0,503000.0,,Combo mua 2 giảm 5%,https://www.lazada.vn/search?q=8937580304681,2026-07-04 04:44:35
67,TikTok Shop,548000.0,82000.0,466000.0,,,https://www.tiktokshop.vn/search?q=8937580304681,2026-07-04 04:44:35
67,GrabMart,625000.0,0.0,625000.0,,,https://www.grabmart.vn/search?q=8937580304681,2026-07-04 04:44:35
67,Pharmacity,622000.0,0.0,622000.0,,,https://www.pharmacity.vn/search?q=8937580304681,2026-07-04 04:44:35
67,Shopee,574000.0,29000.0,545000.0,Freeship Extra,,https://www.shopee.vn/search?q=8937580304681,2026-07-05 04:44:35
67,Lazada,582000.0,29000.0,553000.0,Voucher tích lũy,Combo mua 2 giảm 5%,https://www.lazada.vn/search?q=8937580304681,2026-07-05 04:44:35
67,TikTok Shop,545000.0,82000.0,443000.0,Voucher Livestream 20k,,https://www.tiktokshop.vn/search?q=8937580304681,2026-07-05 04:44:35
67,GrabMart,639000.0,0.0,639000.0,,,https://www.grabmart.vn/search?q=8937580304681,2026-07-05 04:44:35
67,Pharmacity,631000.0,0.0,631000.0,,,https://www.pharmacity.vn/search?q=8937580304681,2026-07-05 04:44:35
67,Shopee,528000.0,79000.0,449000.0,Freeship Extra,Flash Sale,https://www.shopee.vn/search?q=8937580304681,2026-07-06 04:44:35
67,Lazada,557000.0,56000.0,501000.0,,,https://www.lazada.vn/search?q=8937580304681,2026-07-06 04:44:35
67,TikTok Shop,543000.0,81000.0,442000.0,Voucher Livestream 20k,Flash Sale hàng hiệu,https://www.tiktokshop.vn/search?q=8937580304681,2026-07-06 04:44:35
67,GrabMart,651000.0,0.0,651000.0,,,https://www.grabmart.vn/search?q=8937580304681,2026-07-06 04:44:35
67,Pharmacity,597000.0,0.0,597000.0,,,https://www.pharmacity.vn/search?q=8937580304681,2026-07-06 04:44:35
68,Shopee,601000.0,60000.0,541000.0,Freeship Extra,Flash Sale,https://www.shopee.vn/search?q=8930653331539,2026-06-30 04:44:35
68,Lazada,606000.0,30000.0,576000.0,Voucher tích lũy,,https://www.lazada.vn/search?q=8930653331539,2026-06-30 04:44:35
68,TikTok Shop,530000.0,0.0,510000.0,Voucher Livestream 20k,,https://www.tiktokshop.vn/search?q=8930653331539,2026-06-30 04:44:35
68,GrabMart,738000.0,0.0,738000.0,,,https://www.grabmart.vn/search?q=8930653331539,2026-06-30 04:44:35
68,Pharmacity,652000.0,0.0,652000.0,,,https://www.pharmacity.vn/search?q=8930653331539,2026-06-30 04:44:35
68,Shopee,587000.0,29000.0,558000.0,,Flash Sale,https://www.shopee.vn/search?q=8930653331539,2026-07-01 04:44:35
68,Lazada,615000.0,31000.0,584000.0,Voucher tích lũy,,https://www.lazada.vn/search?q=8930653331539,2026-07-01 04:44:35
68,TikTok Shop,561000.0,0.0,541000.0,Voucher Livestream 20k,,https://www.tiktokshop.vn/search?q=8930653331539,2026-07-01 04:44:35
68,GrabMart,650000.0,0.0,650000.0,,,https://www.grabmart.vn/search?q=8930653331539,2026-07-01 04:44:35
68,Pharmacity,624000.0,0.0,624000.0,,,https://www.pharmacity.vn/search?q=8930653331539,2026-07-01 04:44:35
68,Shopee,553000.0,83000.0,470000.0,,Flash Sale,https://www.shopee.vn/search?q=8930653331539,2026-07-02 04:44:35
68,Lazada,562000.0,0.0,562000.0,,,https://www.lazada.vn/search?q=8930653331539,2026-07-02 04:44:35
68,TikTok Shop,549000.0,0.0,529000.0,Voucher Livestream 20k,,https://www.tiktokshop.vn/search?q=8930653331539,2026-07-02 04:44:35
68,GrabMart,678000.0,0.0,678000.0,,,https://www.grabmart.vn/search?q=8930653331539,2026-07-02 04:44:35
68,Pharmacity,648000.0,0.0,648000.0,,,https://www.pharmacity.vn/search?q=8930653331539,2026-07-02 04:44:35
68,Shopee,559000.0,28000.0,521000.0,Mã giảm 10k,,https://www.shopee.vn/search?q=8930653331539,2026-07-03 04:44:35
68,Lazada,560000.0,56000.0,504000.0,,Combo mua 2 giảm 5%,https://www.lazada.vn/search?q=8930653331539,2026-07-03 04:44:35
68,TikTok Shop,587000.0,0.0,567000.0,Voucher Livestream 20k,,https://www.tiktokshop.vn/search?q=8930653331539,2026-07-03 04:44:35
68,GrabMart,674000.0,0.0,674000.0,,,https://www.grabmart.vn/search?q=8930653331539,2026-07-03 04:44:35
68,Pharmacity,634000.0,32000.0,602000.0,,,https://www.pharmacity.vn/search?q=8930653331539,2026-07-03 04:44:35
68,Shopee,607000.0,91000.0,516000.0,Freeship Extra,,https://www.shopee.vn/search?q=8930653331539,2026-07-04 04:44:35
68,Lazada,567000.0,0.0,567000.0,,,https://www.lazada.vn/search?q=8930653331539,2026-07-04 04:44:35
68,TikTok Shop,575000.0,86000.0,469000.0,Voucher Livestream 20k,Flash Sale hàng hiệu,https://www.tiktokshop.vn/search?q=8930653331539,2026-07-04 04:44:35
68,GrabMart,705000.0,0.0,705000.0,,,https://www.grabmart.vn/search?q=8930653331539,2026-07-04 04:44:35
68,Pharmacity,667000.0,0.0,667000.0,,,https://www.pharmacity.vn/search?q=8930653331539,2026-07-04 04:44:35
68,Shopee,634000.0,32000.0,602000.0,Freeship Extra,Flash Sale,https://www.shopee.vn/search?q=8930653331539,2026-07-05 04:44:35
68,Lazada,620000.0,31000.0,589000.0,,,https://www.lazada.vn/search?q=8930653331539,2026-07-05 04:44:35
68,TikTok Shop,585000.0,58000.0,527000.0,,Flash Sale hàng hiệu,https://www.tiktokshop.vn/search?q=8930653331539,2026-07-05 04:44:35
68,GrabMart,664000.0,0.0,664000.0,,,https://www.grabmart.vn/search?q=8930653331539,2026-07-05 04:44:35
68,Pharmacity,627000.0,31000.0,596000.0,,,https://www.pharmacity.vn/search?q=8930653331539,2026-07-05 04:44:35
68,Shopee,621000.0,0.0,621000.0,,Flash Sale,https://www.shopee.vn/search?q=8930653331539,2026-07-06 04:44:35
68,Lazada,617000.0,62000.0,555000.0,Voucher tích lũy,Combo mua 2 giảm 5%,https://www.lazada.vn/search?q=8930653331539,2026-07-06 04:44:35
68,TikTok Shop,573000.0,0.0,553000.0,Voucher Livestream 20k,Flash Sale hàng hiệu,https://www.tiktokshop.vn/search?q=8930653331539,2026-07-06 04:44:35
68,GrabMart,697000.0,0.0,697000.0,,,https://www.grabmart.vn/search?q=8930653331539,2026-07-06 04:44:35
68,Pharmacity,645000.0,32000.0,613000.0,,,https://www.pharmacity.vn/search?q=8930653331539,2026-07-06 04:44:35
69,Shopee,34000.0,2000.0,22000.0,Mã giảm 10k,Flash Sale,https://www.shopee.vn/search?q=8939033373633,2026-06-30 04:44:35
69,Lazada,32000.0,0.0,32000.0,,Combo mua 2 giảm 5%,https://www.lazada.vn/search?q=8939033373633,2026-06-30 04:44:35
69,TikTok Shop,30000.0,3000.0,27000.0,,,https://www.tiktokshop.vn/search?q=8939033373633,2026-06-30 04:44:35
69,GrabMart,37000.0,0.0,37000.0,,,https://www.grabmart.vn/search?q=8939033373633,2026-06-30 04:44:35
69,Pharmacity,35000.0,2000.0,33000.0,,,https://www.pharmacity.vn/search?q=8939033373633,2026-06-30 04:44:35
69,Shopee,32000.0,5000.0,17000.0,Mã giảm 10k,Flash Sale,https://www.shopee.vn/search?q=8939033373633,2026-07-01 04:44:35
69,Lazada,33000.0,2000.0,31000.0,Voucher tích lũy,Combo mua 2 giảm 5%,https://www.lazada.vn/search?q=8939033373633,2026-07-01 04:44:35
69,TikTok Shop,28000.0,3000.0,25000.0,,Flash Sale hàng hiệu,https://www.tiktokshop.vn/search?q=8939033373633,2026-07-01 04:44:35
69,GrabMart,38000.0,0.0,38000.0,,,https://www.grabmart.vn/search?q=8939033373633,2026-07-01 04:44:35
69,Pharmacity,34000.0,0.0,34000.0,,,https://www.pharmacity.vn/search?q=8939033373633,2026-07-01 04:44:35
69,Shopee,31000.0,0.0,21000.0,Mã giảm 10k,,https://www.shopee.vn/search?q=8939033373633,2026-07-02 04:44:35
69,Lazada,31000.0,0.0,31000.0,Voucher tích lũy,,https://www.lazada.vn/search?q=8939033373633,2026-07-02 04:44:35
69,TikTok Shop,31000.0,3000.0,28000.0,,Flash Sale hàng hiệu,https://www.tiktokshop.vn/search?q=8939033373633,2026-07-02 04:44:35
69,GrabMart,36000.0,0.0,36000.0,,,https://www.grabmart.vn/search?q=8939033373633,2026-07-02 04:44:35
69,Pharmacity,35000.0,2000.0,33000.0,,,https://www.pharmacity.vn/search?q=8939033373633,2026-07-02 04:44:35
69,Shopee,30000.0,2000.0,28000.0,Freeship Extra,Flash Sale,https://www.shopee.vn/search?q=8939033373633,2026-07-03 04:44:35
69,Lazada,30000.0,2000.0,28000.0,Voucher tích lũy,Combo mua 2 giảm 5%,https://www.lazada.vn/search?q=8939033373633,2026-07-03 04:44:35
69,TikTok Shop,32000.0,3000.0,9000.0,Voucher Livestream 20k,,https://www.tiktokshop.vn/search?q=8939033373633,2026-07-03 04:44:35
69,GrabMart,37000.0,0.0,37000.0,,,https://www.grabmart.vn/search?q=8939033373633,2026-07-03 04:44:35
69,Pharmacity,35000.0,0.0,35000.0,,,https://www.pharmacity.vn/search?q=8939033373633,2026-07-03 04:44:35
69,Shopee,34000.0,2000.0,32000.0,,,https://www.shopee.vn/search?q=8939033373633,2026-07-04 04:44:35
69,Lazada,32000.0,3000.0,29000.0,Voucher tích lũy,Combo mua 2 giảm 5%,https://www.lazada.vn/search?q=8939033373633,2026-07-04 04:44:35
69,TikTok Shop,30000.0,0.0,10000.0,Voucher Livestream 20k,,https://www.tiktokshop.vn/search?q=8939033373633,2026-07-04 04:44:35
69,GrabMart,37000.0,0.0,37000.0,,,https://www.grabmart.vn/search?q=8939033373633,2026-07-04 04:44:35
69,Pharmacity,36000.0,2000.0,34000.0,,,https://www.pharmacity.vn/search?q=8939033373633,2026-07-04 04:44:35
69,Shopee,30000.0,4000.0,26000.0,Freeship Extra,,https://www.shopee.vn/search?q=8939033373633,2026-07-05 04:44:35
69,Lazada,32000.0,3000.0,29000.0,,Combo mua 2 giảm 5%,https://www.lazada.vn/search?q=8939033373633,2026-07-05 04:44:35
69,TikTok Shop,33000.0,0.0,13000.0,Voucher Livestream 20k,Flash Sale hàng hiệu,https://www.tiktokshop.vn/search?q=8939033373633,2026-07-05 04:44:35
69,GrabMart,37000.0,0.0,37000.0,,,https://www.grabmart.vn/search?q=8939033373633,2026-07-05 04:44:35
69,Pharmacity,35000.0,2000.0,33000.0,,,https://www.pharmacity.vn/search?q=8939033373633,2026-07-05 04:44:35
69,Shopee,33000.0,3000.0,20000.0,Mã giảm 10k,,https://www.shopee.vn/search?q=8939033373633,2026-07-06 04:44:35
69,Lazada,32000.0,0.0,32000.0,,,https://www.lazada.vn/search?q=8939033373633,2026-07-06 04:44:35
69,TikTok Shop,33000.0,3000.0,10000.0,Voucher Livestream 20k,Flash Sale hàng hiệu,https://www.tiktokshop.vn/search?q=8939033373633,2026-07-06 04:44:35
69,GrabMart,36000.0,0.0,36000.0,,,https://www.grabmart.vn/search?q=8939033373633,2026-07-06 04:44:35
69,Pharmacity,35000.0,2000.0,33000.0,,,https://www.pharmacity.vn/search?q=8939033373633,2026-07-06 04:44:35
70,Shopee,364000.0,18000.0,346000.0,,Flash Sale,https://www.shopee.vn/search?q=8939741218202,2026-06-30 04:44:35
70,Lazada,390000.0,0.0,390000.0,Voucher tích lũy,,https://www.lazada.vn/search?q=8939741218202,2026-06-30 04:44:35
70,TikTok Shop,381000.0,38000.0,343000.0,,,https://www.tiktokshop.vn/search?q=8939741218202,2026-06-30 04:44:35
70,GrabMart,454000.0,0.0,454000.0,,,https://www.grabmart.vn/search?q=8939741218202,2026-06-30 04:44:35
70,Pharmacity,446000.0,22000.0,424000.0,,,https://www.pharmacity.vn/search?q=8939741218202,2026-06-30 04:44:35
70,Shopee,373000.0,0.0,373000.0,,Flash Sale,https://www.shopee.vn/search?q=8939741218202,2026-07-01 04:44:35
70,Lazada,400000.0,0.0,400000.0,Voucher tích lũy,,https://www.lazada.vn/search?q=8939741218202,2026-07-01 04:44:35
70,TikTok Shop,358000.0,0.0,338000.0,Voucher Livestream 20k,Flash Sale hàng hiệu,https://www.tiktokshop.vn/search?q=8939741218202,2026-07-01 04:44:35
70,GrabMart,489000.0,0.0,489000.0,,,https://www.grabmart.vn/search?q=8939741218202,2026-07-01 04:44:35
70,Pharmacity,439000.0,0.0,439000.0,,,https://www.pharmacity.vn/search?q=8939741218202,2026-07-01 04:44:35
70,Shopee,404000.0,40000.0,364000.0,Freeship Extra,,https://www.shopee.vn/search?q=8939741218202,2026-07-02 04:44:35
70,Lazada,401000.0,40000.0,361000.0,Voucher tích lũy,Combo mua 2 giảm 5%,https://www.lazada.vn/search?q=8939741218202,2026-07-02 04:44:35
70,TikTok Shop,363000.0,0.0,343000.0,Voucher Livestream 20k,,https://www.tiktokshop.vn/search?q=8939741218202,2026-07-02 04:44:35
70,GrabMart,489000.0,0.0,489000.0,,,https://www.grabmart.vn/search?q=8939741218202,2026-07-02 04:44:35
70,Pharmacity,437000.0,0.0,437000.0,,,https://www.pharmacity.vn/search?q=8939741218202,2026-07-02 04:44:35
70,Shopee,399000.0,60000.0,329000.0,Mã giảm 10k,Flash Sale,https://www.shopee.vn/search?q=8939741218202,2026-07-03 04:44:35
70,Lazada,405000.0,40000.0,365000.0,,Combo mua 2 giảm 5%,https://www.lazada.vn/search?q=8939741218202,2026-07-03 04:44:35
70,TikTok Shop,394000.0,39000.0,335000.0,Voucher Livestream 20k,Flash Sale hàng hiệu,https://www.tiktokshop.vn/search?q=8939741218202,2026-07-03 04:44:35
70,GrabMart,459000.0,0.0,459000.0,,,https://www.grabmart.vn/search?q=8939741218202,2026-07-03 04:44:35
70,Pharmacity,444000.0,0.0,444000.0,,,https://www.pharmacity.vn/search?q=8939741218202,2026-07-03 04:44:35
70,Shopee,391000.0,20000.0,371000.0,Freeship Extra,Flash Sale,https://www.shopee.vn/search?q=8939741218202,2026-07-04 04:44:35
70,Lazada,399000.0,40000.0,359000.0,,,https://www.lazada.vn/search?q=8939741218202,2026-07-04 04:44:35
70,TikTok Shop,376000.0,0.0,376000.0,,,https://www.tiktokshop.vn/search?q=8939741218202,2026-07-04 04:44:35
70,GrabMart,451000.0,0.0,451000.0,,,https://www.grabmart.vn/search?q=8939741218202,2026-07-04 04:44:35
70,Pharmacity,438000.0,22000.0,416000.0,,,https://www.pharmacity.vn/search?q=8939741218202,2026-07-04 04:44:35
70,Shopee,408000.0,0.0,408000.0,Freeship Extra,,https://www.shopee.vn/search?q=8939741218202,2026-07-05 04:44:35
70,Lazada,423000.0,21000.0,402000.0,,Combo mua 2 giảm 5%,https://www.lazada.vn/search?q=8939741218202,2026-07-05 04:44:35
70,TikTok Shop,354000.0,0.0,334000.0,Voucher Livestream 20k,Flash Sale hàng hiệu,https://www.tiktokshop.vn/search?q=8939741218202,2026-07-05 04:44:35
70,GrabMart,463000.0,0.0,463000.0,,,https://www.grabmart.vn/search?q=8939741218202,2026-07-05 04:44:35
70,Pharmacity,426000.0,0.0,426000.0,,,https://www.pharmacity.vn/search?q=8939741218202,2026-07-05 04:44:35
70,Shopee,394000.0,0.0,394000.0,Freeship Extra,Flash Sale,https://www.shopee.vn/search?q=8939741218202,2026-07-06 04:44:35
70,Lazada,395000.0,40000.0,355000.0,Voucher tích lũy,,https://www.lazada.vn/search?q=8939741218202,2026-07-06 04:44:35
70,TikTok Shop,376000.0,0.0,356000.0,Voucher Livestream 20k,,https://www.tiktokshop.vn/search?q=8939741218202,2026-07-06 04:44:35
70,GrabMart,481000.0,0.0,481000.0,,,https://www.grabmart.vn/search?q=8939741218202,2026-07-06 04:44:35
70,Pharmacity,423000.0,21000.0,402000.0,,,https://www.pharmacity.vn/search?q=8939741218202,2026-07-06 04:44:35
71,Shopee,311000.0,47000.0,264000.0,,,https://www.shopee.vn/search?q=8938372742209,2026-06-30 04:44:35
71,Lazada,334000.0,0.0,334000.0,Voucher tích lũy,,https://www.lazada.vn/search?q=8938372742209,2026-06-30 04:44:35
71,TikTok Shop,309000.0,0.0,309000.0,,,https://www.tiktokshop.vn/search?q=8938372742209,2026-06-30 04:44:35
71,GrabMart,402000.0,0.0,402000.0,,,https://www.grabmart.vn/search?q=8938372742209,2026-06-30 04:44:35
71,Pharmacity,354000.0,18000.0,336000.0,,,https://www.pharmacity.vn/search?q=8938372742209,2026-06-30 04:44:35
71,Shopee,334000.0,0.0,324000.0,Mã giảm 10k,Flash Sale,https://www.shopee.vn/search?q=8938372742209,2026-07-01 04:44:35
71,Lazada,324000.0,32000.0,292000.0,,,https://www.lazada.vn/search?q=8938372742209,2026-07-01 04:44:35
71,TikTok Shop,328000.0,0.0,328000.0,,Flash Sale hàng hiệu,https://www.tiktokshop.vn/search?q=8938372742209,2026-07-01 04:44:35
71,GrabMart,403000.0,0.0,403000.0,,,https://www.grabmart.vn/search?q=8938372742209,2026-07-01 04:44:35
71,Pharmacity,346000.0,0.0,346000.0,,,https://www.pharmacity.vn/search?q=8938372742209,2026-07-01 04:44:35
71,Shopee,319000.0,0.0,309000.0,Mã giảm 10k,,https://www.shopee.vn/search?q=8938372742209,2026-07-02 04:44:35
71,Lazada,334000.0,0.0,334000.0,,,https://www.lazada.vn/search?q=8938372742209,2026-07-02 04:44:35
71,TikTok Shop,329000.0,49000.0,280000.0,,,https://www.tiktokshop.vn/search?q=8938372742209,2026-07-02 04:44:35
71,GrabMart,354000.0,0.0,354000.0,,,https://www.grabmart.vn/search?q=8938372742209,2026-07-02 04:44:35
71,Pharmacity,354000.0,18000.0,336000.0,,,https://www.pharmacity.vn/search?q=8938372742209,2026-07-02 04:44:35
71,Shopee,313000.0,16000.0,297000.0,Freeship Extra,,https://www.shopee.vn/search?q=8938372742209,2026-07-03 04:44:35
71,Lazada,345000.0,17000.0,328000.0,Voucher tích lũy,,https://www.lazada.vn/search?q=8938372742209,2026-07-03 04:44:35
71,TikTok Shop,297000.0,0.0,277000.0,Voucher Livestream 20k,Flash Sale hàng hiệu,https://www.tiktokshop.vn/search?q=8938372742209,2026-07-03 04:44:35
71,GrabMart,361000.0,0.0,361000.0,,,https://www.grabmart.vn/search?q=8938372742209,2026-07-03 04:44:35
71,Pharmacity,351000.0,18000.0,333000.0,,,https://www.pharmacity.vn/search?q=8938372742209,2026-07-03 04:44:35
71,Shopee,295000.0,15000.0,270000.0,Mã giảm 10k,,https://www.shopee.vn/search?q=8938372742209,2026-07-04 04:44:35
71,Lazada,308000.0,15000.0,293000.0,Voucher tích lũy,,https://www.lazada.vn/search?q=8938372742209,2026-07-04 04:44:35
71,TikTok Shop,288000.0,0.0,268000.0,Voucher Livestream 20k,Flash Sale hàng hiệu,https://www.tiktokshop.vn/search?q=8938372742209,2026-07-04 04:44:35
71,GrabMart,395000.0,0.0,395000.0,,,https://www.grabmart.vn/search?q=8938372742209,2026-07-04 04:44:35
71,Pharmacity,353000.0,0.0,353000.0,,,https://www.pharmacity.vn/search?q=8938372742209,2026-07-04 04:44:35
71,Shopee,335000.0,17000.0,308000.0,Mã giảm 10k,,https://www.shopee.vn/search?q=8938372742209,2026-07-05 04:44:35
71,Lazada,331000.0,33000.0,298000.0,Voucher tích lũy,,https://www.lazada.vn/search?q=8938372742209,2026-07-05 04:44:35
71,TikTok Shop,303000.0,45000.0,238000.0,Voucher Livestream 20k,Flash Sale hàng hiệu,https://www.tiktokshop.vn/search?q=8938372742209,2026-07-05 04:44:35
71,GrabMart,355000.0,0.0,355000.0,,,https://www.grabmart.vn/search?q=8938372742209,2026-07-05 04:44:35
71,Pharmacity,341000.0,17000.0,324000.0,,,https://www.pharmacity.vn/search?q=8938372742209,2026-07-05 04:44:35
71,Shopee,316000.0,16000.0,300000.0,Freeship Extra,,https://www.shopee.vn/search?q=8938372742209,2026-07-06 04:44:35
71,Lazada,315000.0,32000.0,283000.0,,Combo mua 2 giảm 5%,https://www.lazada.vn/search?q=8938372742209,2026-07-06 04:44:35
71,TikTok Shop,297000.0,30000.0,267000.0,,,https://www.tiktokshop.vn/search?q=8938372742209,2026-07-06 04:44:35
71,GrabMart,355000.0,0.0,355000.0,,,https://www.grabmart.vn/search?q=8938372742209,2026-07-06 04:44:35
71,Pharmacity,350000.0,18000.0,332000.0,,,https://www.pharmacity.vn/search?q=8938372742209,2026-07-06 04:44:35
72,Shopee,221000.0,22000.0,199000.0,,,https://www.shopee.vn/search?q=8930397524501,2026-06-30 04:44:35
72,Lazada,228000.0,11000.0,217000.0,Voucher tích lũy,,https://www.lazada.vn/search?q=8930397524501,2026-06-30 04:44:35
72,TikTok Shop,197000.0,0.0,197000.0,,,https://www.tiktokshop.vn/search?q=8930397524501,2026-06-30 04:44:35
72,GrabMart,258000.0,0.0,258000.0,,,https://www.grabmart.vn/search?q=8930397524501,2026-06-30 04:44:35
72,Pharmacity,234000.0,12000.0,222000.0,,,https://www.pharmacity.vn/search?q=8930397524501,2026-06-30 04:44:35
72,Shopee,204000.0,0.0,204000.0,,Flash Sale,https://www.shopee.vn/search?q=8930397524501,2026-07-01 04:44:35
72,Lazada,206000.0,0.0,206000.0,,,https://www.lazada.vn/search?q=8930397524501,2026-07-01 04:44:35
72,TikTok Shop,225000.0,0.0,225000.0,,,https://www.tiktokshop.vn/search?q=8930397524501,2026-07-01 04:44:35
72,GrabMart,257000.0,0.0,257000.0,,,https://www.grabmart.vn/search?q=8930397524501,2026-07-01 04:44:35
72,Pharmacity,241000.0,0.0,241000.0,,,https://www.pharmacity.vn/search?q=8930397524501,2026-07-01 04:44:35
72,Shopee,206000.0,0.0,196000.0,Mã giảm 10k,Flash Sale,https://www.shopee.vn/search?q=8930397524501,2026-07-02 04:44:35
72,Lazada,213000.0,21000.0,192000.0,,,https://www.lazada.vn/search?q=8930397524501,2026-07-02 04:44:35
72,TikTok Shop,206000.0,31000.0,175000.0,,Flash Sale hàng hiệu,https://www.tiktokshop.vn/search?q=8930397524501,2026-07-02 04:44:35
72,GrabMart,245000.0,0.0,245000.0,,,https://www.grabmart.vn/search?q=8930397524501,2026-07-02 04:44:35
72,Pharmacity,235000.0,0.0,235000.0,,,https://www.pharmacity.vn/search?q=8930397524501,2026-07-02 04:44:35
72,Shopee,207000.0,31000.0,176000.0,,Flash Sale,https://www.shopee.vn/search?q=8930397524501,2026-07-03 04:44:35
72,Lazada,215000.0,0.0,215000.0,Voucher tích lũy,Combo mua 2 giảm 5%,https://www.lazada.vn/search?q=8930397524501,2026-07-03 04:44:35
72,TikTok Shop,206000.0,31000.0,155000.0,Voucher Livestream 20k,,https://www.tiktokshop.vn/search?q=8930397524501,2026-07-03 04:44:35
72,GrabMart,266000.0,0.0,266000.0,,,https://www.grabmart.vn/search?q=8930397524501,2026-07-03 04:44:35
72,Pharmacity,241000.0,0.0,241000.0,,,https://www.pharmacity.vn/search?q=8930397524501,2026-07-03 04:44:35
72,Shopee,226000.0,34000.0,192000.0,,Flash Sale,https://www.shopee.vn/search?q=8930397524501,2026-07-04 04:44:35
72,Lazada,221000.0,0.0,221000.0,,Combo mua 2 giảm 5%,https://www.lazada.vn/search?q=8930397524501,2026-07-04 04:44:35
72,TikTok Shop,204000.0,20000.0,164000.0,Voucher Livestream 20k,Flash Sale hàng hiệu,https://www.tiktokshop.vn/search?q=8930397524501,2026-07-04 04:44:35
72,GrabMart,249000.0,0.0,249000.0,,,https://www.grabmart.vn/search?q=8930397524501,2026-07-04 04:44:35
72,Pharmacity,238000.0,0.0,238000.0,,,https://www.pharmacity.vn/search?q=8930397524501,2026-07-04 04:44:35
72,Shopee,209000.0,31000.0,178000.0,,,https://www.shopee.vn/search?q=8930397524501,2026-07-05 04:44:35
72,Lazada,230000.0,0.0,230000.0,,Combo mua 2 giảm 5%,https://www.lazada.vn/search?q=8930397524501,2026-07-05 04:44:35
72,TikTok Shop,208000.0,21000.0,167000.0,Voucher Livestream 20k,Flash Sale hàng hiệu,https://www.tiktokshop.vn/search?q=8930397524501,2026-07-05 04:44:35
72,GrabMart,249000.0,0.0,249000.0,,,https://www.grabmart.vn/search?q=8930397524501,2026-07-05 04:44:35
72,Pharmacity,233000.0,0.0,233000.0,,,https://www.pharmacity.vn/search?q=8930397524501,2026-07-05 04:44:35
72,Shopee,212000.0,0.0,212000.0,,Flash Sale,https://www.shopee.vn/search?q=8930397524501,2026-07-06 04:44:35
72,Lazada,230000.0,0.0,230000.0,,Combo mua 2 giảm 5%,https://www.lazada.vn/search?q=8930397524501,2026-07-06 04:44:35
72,TikTok Shop,226000.0,34000.0,172000.0,Voucher Livestream 20k,Flash Sale hàng hiệu,https://www.tiktokshop.vn/search?q=8930397524501,2026-07-06 04:44:35
72,GrabMart,259000.0,0.0,259000.0,,,https://www.grabmart.vn/search?q=8930397524501,2026-07-06 04:44:35
72,Pharmacity,234000.0,0.0,234000.0,,,https://www.pharmacity.vn/search?q=8930397524501,2026-07-06 04:44:35
73,Shopee,970000.0,48000.0,922000.0,,,https://www.shopee.vn/search?q=8933705024977,2026-06-30 04:44:35
73,Lazada,1061000.0,106000.0,955000.0,Voucher tích lũy,Combo mua 2 giảm 5%,https://www.lazada.vn/search?q=8933705024977,2026-06-30 04:44:35
73,TikTok Shop,1017000.0,0.0,1017000.0,,Flash Sale hàng hiệu,https://www.tiktokshop.vn/search?q=8933705024977,2026-06-30 04:44:35
73,GrabMart,1132000.0,0.0,1132000.0,,,https://www.grabmart.vn/search?q=8933705024977,2026-06-30 04:44:35
73,Pharmacity,1103000.0,55000.0,1048000.0,,,https://www.pharmacity.vn/search?q=8933705024977,2026-06-30 04:44:35
73,Shopee,1014000.0,152000.0,862000.0,Freeship Extra,Flash Sale,https://www.shopee.vn/search?q=8933705024977,2026-07-01 04:44:35
73,Lazada,1056000.0,106000.0,950000.0,,,https://www.lazada.vn/search?q=8933705024977,2026-07-01 04:44:35
73,TikTok Shop,1005000.0,100000.0,905000.0,,Flash Sale hàng hiệu,https://www.tiktokshop.vn/search?q=8933705024977,2026-07-01 04:44:35
73,GrabMart,1236000.0,0.0,1236000.0,,,https://www.grabmart.vn/search?q=8933705024977,2026-07-01 04:44:35
73,Pharmacity,1142000.0,57000.0,1085000.0,,,https://www.pharmacity.vn/search?q=8933705024977,2026-07-01 04:44:35
73,Shopee,1049000.0,0.0,1049000.0,,Flash Sale,https://www.shopee.vn/search?q=8933705024977,2026-07-02 04:44:35
73,Lazada,958000.0,0.0,958000.0,Voucher tích lũy,Combo mua 2 giảm 5%,https://www.lazada.vn/search?q=8933705024977,2026-07-02 04:44:35
73,TikTok Shop,1008000.0,151000.0,837000.0,Voucher Livestream 20k,,https://www.tiktokshop.vn/search?q=8933705024977,2026-07-02 04:44:35
73,GrabMart,1134000.0,0.0,1134000.0,,,https://www.grabmart.vn/search?q=8933705024977,2026-07-02 04:44:35
73,Pharmacity,1084000.0,0.0,1084000.0,,,https://www.pharmacity.vn/search?q=8933705024977,2026-07-02 04:44:35
73,Shopee,960000.0,48000.0,912000.0,Freeship Extra,,https://www.shopee.vn/search?q=8933705024977,2026-07-03 04:44:35
73,Lazada,1018000.0,0.0,1018000.0,,,https://www.lazada.vn/search?q=8933705024977,2026-07-03 04:44:35
73,TikTok Shop,902000.0,0.0,902000.0,,Flash Sale hàng hiệu,https://www.tiktokshop.vn/search?q=8933705024977,2026-07-03 04:44:35
73,GrabMart,1278000.0,0.0,1278000.0,,,https://www.grabmart.vn/search?q=8933705024977,2026-07-03 04:44:35
73,Pharmacity,1137000.0,57000.0,1080000.0,,,https://www.pharmacity.vn/search?q=8933705024977,2026-07-03 04:44:35
73,Shopee,1036000.0,0.0,1036000.0,Freeship Extra,,https://www.shopee.vn/search?q=8933705024977,2026-07-04 04:44:35
73,Lazada,969000.0,0.0,969000.0,Voucher tích lũy,,https://www.lazada.vn/search?q=8933705024977,2026-07-04 04:44:35
73,TikTok Shop,941000.0,94000.0,847000.0,,,https://www.tiktokshop.vn/search?q=8933705024977,2026-07-04 04:44:35
73,GrabMart,1188000.0,0.0,1188000.0,,,https://www.grabmart.vn/search?q=8933705024977,2026-07-04 04:44:35
73,Pharmacity,1122000.0,0.0,1122000.0,,,https://www.pharmacity.vn/search?q=8933705024977,2026-07-04 04:44:35
73,Shopee,926000.0,93000.0,833000.0,,,https://www.shopee.vn/search?q=8933705024977,2026-07-05 04:44:35
73,Lazada,971000.0,97000.0,874000.0,,Combo mua 2 giảm 5%,https://www.lazada.vn/search?q=8933705024977,2026-07-05 04:44:35
73,TikTok Shop,999000.0,100000.0,879000.0,Voucher Livestream 20k,Flash Sale hàng hiệu,https://www.tiktokshop.vn/search?q=8933705024977,2026-07-05 04:44:35
73,GrabMart,1238000.0,0.0,1238000.0,,,https://www.grabmart.vn/search?q=8933705024977,2026-07-05 04:44:35
73,Pharmacity,1117000.0,56000.0,1061000.0,,,https://www.pharmacity.vn/search?q=8933705024977,2026-07-05 04:44:35
73,Shopee,991000.0,99000.0,882000.0,Mã giảm 10k,,https://www.shopee.vn/search?q=8933705024977,2026-07-06 04:44:35
73,Lazada,1084000.0,108000.0,976000.0,Voucher tích lũy,Combo mua 2 giảm 5%,https://www.lazada.vn/search?q=8933705024977,2026-07-06 04:44:35
73,TikTok Shop,1000000.0,100000.0,880000.0,Voucher Livestream 20k,,https://www.tiktokshop.vn/search?q=8933705024977,2026-07-06 04:44:35
73,GrabMart,1103000.0,0.0,1103000.0,,,https://www.grabmart.vn/search?q=8933705024977,2026-07-06 04:44:35
73,Pharmacity,1137000.0,57000.0,1080000.0,,,https://www.pharmacity.vn/search?q=8933705024977,2026-07-06 04:44:35
74,Shopee,218000.0,22000.0,196000.0,,Flash Sale,https://www.shopee.vn/search?q=8938435797863,2026-06-30 04:44:35
74,Lazada,254000.0,25000.0,229000.0,Voucher tích lũy,Combo mua 2 giảm 5%,https://www.lazada.vn/search?q=8938435797863,2026-06-30 04:44:35
74,TikTok Shop,220000.0,22000.0,178000.0,Voucher Livestream 20k,,https://www.tiktokshop.vn/search?q=8938435797863,2026-06-30 04:44:35
74,GrabMart,275000.0,0.0,275000.0,,,https://www.grabmart.vn/search?q=8938435797863,2026-06-30 04:44:35
74,Pharmacity,270000.0,14000.0,256000.0,,,https://www.pharmacity.vn/search?q=8938435797863,2026-06-30 04:44:35
74,Shopee,260000.0,0.0,260000.0,Freeship Extra,Flash Sale,https://www.shopee.vn/search?q=8938435797863,2026-07-01 04:44:35
74,Lazada,235000.0,0.0,235000.0,,,https://www.lazada.vn/search?q=8938435797863,2026-07-01 04:44:35
74,TikTok Shop,216000.0,0.0,196000.0,Voucher Livestream 20k,Flash Sale hàng hiệu,https://www.tiktokshop.vn/search?q=8938435797863,2026-07-01 04:44:35
74,GrabMart,267000.0,0.0,267000.0,,,https://www.grabmart.vn/search?q=8938435797863,2026-07-01 04:44:35
74,Pharmacity,261000.0,0.0,261000.0,,,https://www.pharmacity.vn/search?q=8938435797863,2026-07-01 04:44:35
74,Shopee,239000.0,12000.0,227000.0,,,https://www.shopee.vn/search?q=8938435797863,2026-07-02 04:44:35
74,Lazada,232000.0,23000.0,209000.0,,,https://www.lazada.vn/search?q=8938435797863,2026-07-02 04:44:35
74,TikTok Shop,229000.0,34000.0,195000.0,,,https://www.tiktokshop.vn/search?q=8938435797863,2026-07-02 04:44:35
74,GrabMart,299000.0,0.0,299000.0,,,https://www.grabmart.vn/search?q=8938435797863,2026-07-02 04:44:35
74,Pharmacity,258000.0,13000.0,245000.0,,,https://www.pharmacity.vn/search?q=8938435797863,2026-07-02 04:44:35
74,Shopee,251000.0,13000.0,238000.0,Freeship Extra,Flash Sale,https://www.shopee.vn/search?q=8938435797863,2026-07-03 04:44:35
74,Lazada,247000.0,25000.0,222000.0,,,https://www.lazada.vn/search?q=8938435797863,2026-07-03 04:44:35
74,TikTok Shop,249000.0,37000.0,192000.0,Voucher Livestream 20k,,https://www.tiktokshop.vn/search?q=8938435797863,2026-07-03 04:44:35
74,GrabMart,294000.0,0.0,294000.0,,,https://www.grabmart.vn/search?q=8938435797863,2026-07-03 04:44:35
74,Pharmacity,259000.0,0.0,259000.0,,,https://www.pharmacity.vn/search?q=8938435797863,2026-07-03 04:44:35
74,Shopee,257000.0,0.0,257000.0,Freeship Extra,Flash Sale,https://www.shopee.vn/search?q=8938435797863,2026-07-04 04:44:35
74,Lazada,238000.0,24000.0,214000.0,Voucher tích lũy,Combo mua 2 giảm 5%,https://www.lazada.vn/search?q=8938435797863,2026-07-04 04:44:35
74,TikTok Shop,244000.0,0.0,224000.0,Voucher Livestream 20k,,https://www.tiktokshop.vn/search?q=8938435797863,2026-07-04 04:44:35
74,GrabMart,273000.0,0.0,273000.0,,,https://www.grabmart.vn/search?q=8938435797863,2026-07-04 04:44:35
74,Pharmacity,255000.0,13000.0,242000.0,,,https://www.pharmacity.vn/search?q=8938435797863,2026-07-04 04:44:35
74,Shopee,249000.0,12000.0,237000.0,Freeship Extra,,https://www.shopee.vn/search?q=8938435797863,2026-07-05 04:44:35
74,Lazada,244000.0,0.0,244000.0,Voucher tích lũy,Combo mua 2 giảm 5%,https://www.lazada.vn/search?q=8938435797863,2026-07-05 04:44:35
74,TikTok Shop,235000.0,0.0,215000.0,Voucher Livestream 20k,,https://www.tiktokshop.vn/search?q=8938435797863,2026-07-05 04:44:35
74,GrabMart,285000.0,0.0,285000.0,,,https://www.grabmart.vn/search?q=8938435797863,2026-07-05 04:44:35
74,Pharmacity,256000.0,13000.0,243000.0,,,https://www.pharmacity.vn/search?q=8938435797863,2026-07-05 04:44:35
74,Shopee,260000.0,26000.0,224000.0,Mã giảm 10k,,https://www.shopee.vn/search?q=8938435797863,2026-07-06 04:44:35
74,Lazada,243000.0,24000.0,219000.0,,,https://www.lazada.vn/search?q=8938435797863,2026-07-06 04:44:35
74,TikTok Shop,227000.0,34000.0,173000.0,Voucher Livestream 20k,Flash Sale hàng hiệu,https://www.tiktokshop.vn/search?q=8938435797863,2026-07-06 04:44:35
74,GrabMart,266000.0,0.0,266000.0,,,https://www.grabmart.vn/search?q=8938435797863,2026-07-06 04:44:35
74,Pharmacity,270000.0,0.0,270000.0,,,https://www.pharmacity.vn/search?q=8938435797863,2026-07-06 04:44:35
75,Shopee,420000.0,21000.0,389000.0,Mã giảm 10k,Flash Sale,https://www.shopee.vn/search?q=8934209548143,2026-06-30 04:44:35
75,Lazada,426000.0,21000.0,405000.0,,Combo mua 2 giảm 5%,https://www.lazada.vn/search?q=8934209548143,2026-06-30 04:44:35
75,TikTok Shop,372000.0,56000.0,316000.0,,,https://www.tiktokshop.vn/search?q=8934209548143,2026-06-30 04:44:35
75,GrabMart,497000.0,0.0,497000.0,,,https://www.grabmart.vn/search?q=8934209548143,2026-06-30 04:44:35
75,Pharmacity,435000.0,0.0,435000.0,,,https://www.pharmacity.vn/search?q=8934209548143,2026-06-30 04:44:35
75,Shopee,436000.0,65000.0,361000.0,Mã giảm 10k,,https://www.shopee.vn/search?q=8934209548143,2026-07-01 04:44:35
75,Lazada,441000.0,44000.0,397000.0,Voucher tích lũy,Combo mua 2 giảm 5%,https://www.lazada.vn/search?q=8934209548143,2026-07-01 04:44:35
75,TikTok Shop,391000.0,39000.0,332000.0,Voucher Livestream 20k,Flash Sale hàng hiệu,https://www.tiktokshop.vn/search?q=8934209548143,2026-07-01 04:44:35
75,GrabMart,475000.0,0.0,475000.0,,,https://www.grabmart.vn/search?q=8934209548143,2026-07-01 04:44:35
75,Pharmacity,450000.0,22000.0,428000.0,,,https://www.pharmacity.vn/search?q=8934209548143,2026-07-01 04:44:35
75,Shopee,395000.0,20000.0,375000.0,Freeship Extra,Flash Sale,https://www.shopee.vn/search?q=8934209548143,2026-07-02 04:44:35
75,Lazada,393000.0,20000.0,373000.0,,Combo mua 2 giảm 5%,https://www.lazada.vn/search?q=8934209548143,2026-07-02 04:44:35
75,TikTok Shop,394000.0,0.0,394000.0,,Flash Sale hàng hiệu,https://www.tiktokshop.vn/search?q=8934209548143,2026-07-02 04:44:35
75,GrabMart,497000.0,0.0,497000.0,,,https://www.grabmart.vn/search?q=8934209548143,2026-07-02 04:44:35
75,Pharmacity,442000.0,0.0,442000.0,,,https://www.pharmacity.vn/search?q=8934209548143,2026-07-02 04:44:35
75,Shopee,389000.0,19000.0,370000.0,Freeship Extra,,https://www.shopee.vn/search?q=8934209548143,2026-07-03 04:44:35
75,Lazada,407000.0,41000.0,366000.0,,,https://www.lazada.vn/search?q=8934209548143,2026-07-03 04:44:35
75,TikTok Shop,388000.0,39000.0,349000.0,,,https://www.tiktokshop.vn/search?q=8934209548143,2026-07-03 04:44:35
75,GrabMart,453000.0,0.0,453000.0,,,https://www.grabmart.vn/search?q=8934209548143,2026-07-03 04:44:35
75,Pharmacity,464000.0,0.0,464000.0,,,https://www.pharmacity.vn/search?q=8934209548143,2026-07-03 04:44:35
75,Shopee,443000.0,0.0,443000.0,Freeship Extra,Flash Sale,https://www.shopee.vn/search?q=8934209548143,2026-07-04 04:44:35
75,Lazada,420000.0,0.0,420000.0,Voucher tích lũy,,https://www.lazada.vn/search?q=8934209548143,2026-07-04 04:44:35
75,TikTok Shop,363000.0,0.0,343000.0,Voucher Livestream 20k,Flash Sale hàng hiệu,https://www.tiktokshop.vn/search?q=8934209548143,2026-07-04 04:44:35
75,GrabMart,468000.0,0.0,468000.0,,,https://www.grabmart.vn/search?q=8934209548143,2026-07-04 04:44:35
75,Pharmacity,452000.0,0.0,452000.0,,,https://www.pharmacity.vn/search?q=8934209548143,2026-07-04 04:44:35
75,Shopee,421000.0,63000.0,358000.0,Freeship Extra,,https://www.shopee.vn/search?q=8934209548143,2026-07-05 04:44:35
75,Lazada,430000.0,43000.0,387000.0,Voucher tích lũy,Combo mua 2 giảm 5%,https://www.lazada.vn/search?q=8934209548143,2026-07-05 04:44:35
75,TikTok Shop,406000.0,41000.0,345000.0,Voucher Livestream 20k,,https://www.tiktokshop.vn/search?q=8934209548143,2026-07-05 04:44:35
75,GrabMart,455000.0,0.0,455000.0,,,https://www.grabmart.vn/search?q=8934209548143,2026-07-05 04:44:35
75,Pharmacity,436000.0,22000.0,414000.0,,,https://www.pharmacity.vn/search?q=8934209548143,2026-07-05 04:44:35
75,Shopee,421000.0,21000.0,400000.0,,Flash Sale,https://www.shopee.vn/search?q=8934209548143,2026-07-06 04:44:35
75,Lazada,403000.0,40000.0,363000.0,,,https://www.lazada.vn/search?q=8934209548143,2026-07-06 04:44:35
75,TikTok Shop,389000.0,58000.0,311000.0,Voucher Livestream 20k,Flash Sale hàng hiệu,https://www.tiktokshop.vn/search?q=8934209548143,2026-07-06 04:44:35
75,GrabMart,488000.0,0.0,488000.0,,,https://www.grabmart.vn/search?q=8934209548143,2026-07-06 04:44:35
75,Pharmacity,436000.0,0.0,436000.0,,,https://www.pharmacity.vn/search?q=8934209548143,2026-07-06 04:44:35
76,Shopee,182000.0,0.0,182000.0,,,https://www.shopee.vn/search?q=8936888718985,2026-06-30 04:44:35
76,Lazada,159000.0,8000.0,151000.0,Voucher tích lũy,,https://www.lazada.vn/search?q=8936888718985,2026-06-30 04:44:35
76,TikTok Shop,149000.0,22000.0,127000.0,,,https://www.tiktokshop.vn/search?q=8936888718985,2026-06-30 04:44:35
76,GrabMart,186000.0,0.0,186000.0,,,https://www.grabmart.vn/search?q=8936888718985,2026-06-30 04:44:35
76,Pharmacity,181000.0,0.0,181000.0,,,https://www.pharmacity.vn/search?q=8936888718985,2026-06-30 04:44:35
76,Shopee,156000.0,0.0,156000.0,Freeship Extra,Flash Sale,https://www.shopee.vn/search?q=8936888718985,2026-07-01 04:44:35
76,Lazada,167000.0,17000.0,150000.0,,Combo mua 2 giảm 5%,https://www.lazada.vn/search?q=8936888718985,2026-07-01 04:44:35
76,TikTok Shop,177000.0,27000.0,150000.0,,,https://www.tiktokshop.vn/search?q=8936888718985,2026-07-01 04:44:35
76,GrabMart,192000.0,0.0,192000.0,,,https://www.grabmart.vn/search?q=8936888718985,2026-07-01 04:44:35
76,Pharmacity,190000.0,10000.0,180000.0,,,https://www.pharmacity.vn/search?q=8936888718985,2026-07-01 04:44:35
76,Shopee,173000.0,26000.0,147000.0,,Flash Sale,https://www.shopee.vn/search?q=8936888718985,2026-07-02 04:44:35
76,Lazada,175000.0,18000.0,157000.0,Voucher tích lũy,,https://www.lazada.vn/search?q=8936888718985,2026-07-02 04:44:35
76,TikTok Shop,168000.0,25000.0,143000.0,,,https://www.tiktokshop.vn/search?q=8936888718985,2026-07-02 04:44:35
76,GrabMart,184000.0,0.0,184000.0,,,https://www.grabmart.vn/search?q=8936888718985,2026-07-02 04:44:35
76,Pharmacity,179000.0,0.0,179000.0,,,https://www.pharmacity.vn/search?q=8936888718985,2026-07-02 04:44:35
76,Shopee,182000.0,9000.0,173000.0,Freeship Extra,Flash Sale,https://www.shopee.vn/search?q=8936888718985,2026-07-03 04:44:35
76,Lazada,165000.0,16000.0,149000.0,Voucher tích lũy,,https://www.lazada.vn/search?q=8936888718985,2026-07-03 04:44:35
76,TikTok Shop,164000.0,16000.0,128000.0,Voucher Livestream 20k,,https://www.tiktokshop.vn/search?q=8936888718985,2026-07-03 04:44:35
76,GrabMart,195000.0,0.0,195000.0,,,https://www.grabmart.vn/search?q=8936888718985,2026-07-03 04:44:35
76,Pharmacity,179000.0,9000.0,170000.0,,,https://www.pharmacity.vn/search?q=8936888718985,2026-07-03 04:44:35
76,Shopee,174000.0,9000.0,165000.0,Freeship Extra,,https://www.shopee.vn/search?q=8936888718985,2026-07-04 04:44:35
76,Lazada,161000.0,16000.0,145000.0,Voucher tích lũy,,https://www.lazada.vn/search?q=8936888718985,2026-07-04 04:44:35
76,TikTok Shop,169000.0,25000.0,144000.0,,Flash Sale hàng hiệu,https://www.tiktokshop.vn/search?q=8936888718985,2026-07-04 04:44:35
76,GrabMart,207000.0,0.0,207000.0,,,https://www.grabmart.vn/search?q=8936888718985,2026-07-04 04:44:35
76,Pharmacity,182000.0,9000.0,173000.0,,,https://www.pharmacity.vn/search?q=8936888718985,2026-07-04 04:44:35
76,Shopee,165000.0,8000.0,157000.0,,Flash Sale,https://www.shopee.vn/search?q=8936888718985,2026-07-05 04:44:35
76,Lazada,162000.0,0.0,162000.0,Voucher tích lũy,,https://www.lazada.vn/search?q=8936888718985,2026-07-05 04:44:35
76,TikTok Shop,158000.0,0.0,138000.0,Voucher Livestream 20k,Flash Sale hàng hiệu,https://www.tiktokshop.vn/search?q=8936888718985,2026-07-05 04:44:35
76,GrabMart,206000.0,0.0,206000.0,,,https://www.grabmart.vn/search?q=8936888718985,2026-07-05 04:44:35
76,Pharmacity,179000.0,0.0,179000.0,,,https://www.pharmacity.vn/search?q=8936888718985,2026-07-05 04:44:35
76,Shopee,162000.0,0.0,152000.0,Mã giảm 10k,,https://www.shopee.vn/search?q=8936888718985,2026-07-06 04:44:35
76,Lazada,168000.0,0.0,168000.0,,,https://www.lazada.vn/search?q=8936888718985,2026-07-06 04:44:35
76,TikTok Shop,164000.0,16000.0,128000.0,Voucher Livestream 20k,,https://www.tiktokshop.vn/search?q=8936888718985,2026-07-06 04:44:35
76,GrabMart,199000.0,0.0,199000.0,,,https://www.grabmart.vn/search?q=8936888718985,2026-07-06 04:44:35
76,Pharmacity,187000.0,9000.0,178000.0,,,https://www.pharmacity.vn/search?q=8936888718985,2026-07-06 04:44:35
77,Shopee,179000.0,9000.0,170000.0,Freeship Extra,,https://www.shopee.vn/search?q=8932562588967,2026-06-30 04:44:35
77,Lazada,180000.0,18000.0,162000.0,Voucher tích lũy,,https://www.lazada.vn/search?q=8932562588967,2026-06-30 04:44:35
77,TikTok Shop,194000.0,29000.0,145000.0,Voucher Livestream 20k,,https://www.tiktokshop.vn/search?q=8932562588967,2026-06-30 04:44:35
77,GrabMart,225000.0,0.0,225000.0,,,https://www.grabmart.vn/search?q=8932562588967,2026-06-30 04:44:35
77,Pharmacity,203000.0,10000.0,193000.0,,,https://www.pharmacity.vn/search?q=8932562588967,2026-06-30 04:44:35
77,Shopee,176000.0,18000.0,148000.0,Mã giảm 10k,Flash Sale,https://www.shopee.vn/search?q=8932562588967,2026-07-01 04:44:35
77,Lazada,183000.0,9000.0,174000.0,,Combo mua 2 giảm 5%,https://www.lazada.vn/search?q=8932562588967,2026-07-01 04:44:35
77,TikTok Shop,185000.0,0.0,165000.0,Voucher Livestream 20k,Flash Sale hàng hiệu,https://www.tiktokshop.vn/search?q=8932562588967,2026-07-01 04:44:35
77,GrabMart,228000.0,0.0,228000.0,,,https://www.grabmart.vn/search?q=8932562588967,2026-07-01 04:44:35
77,Pharmacity,209000.0,0.0,209000.0,,,https://www.pharmacity.vn/search?q=8932562588967,2026-07-01 04:44:35
77,Shopee,173000.0,9000.0,164000.0,,,https://www.shopee.vn/search?q=8932562588967,2026-07-02 04:44:35
77,Lazada,190000.0,0.0,190000.0,Voucher tích lũy,Combo mua 2 giảm 5%,https://www.lazada.vn/search?q=8932562588967,2026-07-02 04:44:35
77,TikTok Shop,191000.0,0.0,171000.0,Voucher Livestream 20k,,https://www.tiktokshop.vn/search?q=8932562588967,2026-07-02 04:44:35
77,GrabMart,219000.0,0.0,219000.0,,,https://www.grabmart.vn/search?q=8932562588967,2026-07-02 04:44:35
77,Pharmacity,204000.0,0.0,204000.0,,,https://www.pharmacity.vn/search?q=8932562588967,2026-07-02 04:44:35
77,Shopee,183000.0,9000.0,174000.0,Freeship Extra,,https://www.shopee.vn/search?q=8932562588967,2026-07-03 04:44:35
77,Lazada,194000.0,19000.0,175000.0,Voucher tích lũy,,https://www.lazada.vn/search?q=8932562588967,2026-07-03 04:44:35
77,TikTok Shop,197000.0,30000.0,167000.0,,Flash Sale hàng hiệu,https://www.tiktokshop.vn/search?q=8932562588967,2026-07-03 04:44:35
77,GrabMart,235000.0,0.0,235000.0,,,https://www.grabmart.vn/search?q=8932562588967,2026-07-03 04:44:35
77,Pharmacity,206000.0,0.0,206000.0,,,https://www.pharmacity.vn/search?q=8932562588967,2026-07-03 04:44:35
77,Shopee,176000.0,18000.0,158000.0,,Flash Sale,https://www.shopee.vn/search?q=8932562588967,2026-07-04 04:44:35
77,Lazada,200000.0,10000.0,190000.0,Voucher tích lũy,Combo mua 2 giảm 5%,https://www.lazada.vn/search?q=8932562588967,2026-07-04 04:44:35
77,TikTok Shop,170000.0,0.0,150000.0,Voucher Livestream 20k,,https://www.tiktokshop.vn/search?q=8932562588967,2026-07-04 04:44:35
77,GrabMart,230000.0,0.0,230000.0,,,https://www.grabmart.vn/search?q=8932562588967,2026-07-04 04:44:35
77,Pharmacity,209000.0,0.0,209000.0,,,https://www.pharmacity.vn/search?q=8932562588967,2026-07-04 04:44:35
77,Shopee,180000.0,27000.0,143000.0,Mã giảm 10k,Flash Sale,https://www.shopee.vn/search?q=8932562588967,2026-07-05 04:44:35
77,Lazada,182000.0,18000.0,164000.0,Voucher tích lũy,,https://www.lazada.vn/search?q=8932562588967,2026-07-05 04:44:35
77,TikTok Shop,194000.0,29000.0,165000.0,,Flash Sale hàng hiệu,https://www.tiktokshop.vn/search?q=8932562588967,2026-07-05 04:44:35
77,GrabMart,232000.0,0.0,232000.0,,,https://www.grabmart.vn/search?q=8932562588967,2026-07-05 04:44:35
77,Pharmacity,209000.0,0.0,209000.0,,,https://www.pharmacity.vn/search?q=8932562588967,2026-07-05 04:44:35
77,Shopee,182000.0,27000.0,145000.0,Mã giảm 10k,Flash Sale,https://www.shopee.vn/search?q=8932562588967,2026-07-06 04:44:35
77,Lazada,185000.0,0.0,185000.0,Voucher tích lũy,,https://www.lazada.vn/search?q=8932562588967,2026-07-06 04:44:35
77,TikTok Shop,177000.0,0.0,177000.0,,Flash Sale hàng hiệu,https://www.tiktokshop.vn/search?q=8932562588967,2026-07-06 04:44:35
77,GrabMart,219000.0,0.0,219000.0,,,https://www.grabmart.vn/search?q=8932562588967,2026-07-06 04:44:35
77,Pharmacity,198000.0,0.0,198000.0,,,https://www.pharmacity.vn/search?q=8932562588967,2026-07-06 04:44:35
78,Shopee,37000.0,6000.0,31000.0,Freeship Extra,Flash Sale,https://www.shopee.vn/search?q=8932437654568,2026-06-30 04:44:35
78,Lazada,39000.0,2000.0,37000.0,Voucher tích lũy,,https://www.lazada.vn/search?q=8932437654568,2026-06-30 04:44:35
78,TikTok Shop,38000.0,6000.0,32000.0,,,https://www.tiktokshop.vn/search?q=8932437654568,2026-06-30 04:44:35
78,GrabMart,45000.0,0.0,45000.0,,,https://www.grabmart.vn/search?q=8932437654568,2026-06-30 04:44:35
78,Pharmacity,42000.0,2000.0,40000.0,,,https://www.pharmacity.vn/search?q=8932437654568,2026-06-30 04:44:35
78,Shopee,39000.0,4000.0,35000.0,,,https://www.shopee.vn/search?q=8932437654568,2026-07-01 04:44:35
78,Lazada,41000.0,2000.0,39000.0,Voucher tích lũy,,https://www.lazada.vn/search?q=8932437654568,2026-07-01 04:44:35
78,TikTok Shop,38000.0,6000.0,12000.0,Voucher Livestream 20k,,https://www.tiktokshop.vn/search?q=8932437654568,2026-07-01 04:44:35
78,GrabMart,46000.0,0.0,46000.0,,,https://www.grabmart.vn/search?q=8932437654568,2026-07-01 04:44:35
78,Pharmacity,45000.0,2000.0,43000.0,,,https://www.pharmacity.vn/search?q=8932437654568,2026-07-01 04:44:35
78,Shopee,40000.0,6000.0,34000.0,,,https://www.shopee.vn/search?q=8932437654568,2026-07-02 04:44:35
78,Lazada,43000.0,0.0,43000.0,,,https://www.lazada.vn/search?q=8932437654568,2026-07-02 04:44:35
78,TikTok Shop,38000.0,0.0,38000.0,,,https://www.tiktokshop.vn/search?q=8932437654568,2026-07-02 04:44:35
78,GrabMart,48000.0,0.0,48000.0,,,https://www.grabmart.vn/search?q=8932437654568,2026-07-02 04:44:35
78,Pharmacity,43000.0,0.0,43000.0,,,https://www.pharmacity.vn/search?q=8932437654568,2026-07-02 04:44:35
78,Shopee,40000.0,4000.0,26000.0,Mã giảm 10k,Flash Sale,https://www.shopee.vn/search?q=8932437654568,2026-07-03 04:44:35
78,Lazada,38000.0,2000.0,36000.0,,,https://www.lazada.vn/search?q=8932437654568,2026-07-03 04:44:35
78,TikTok Shop,40000.0,0.0,40000.0,,Flash Sale hàng hiệu,https://www.tiktokshop.vn/search?q=8932437654568,2026-07-03 04:44:35
78,GrabMart,49000.0,0.0,49000.0,,,https://www.grabmart.vn/search?q=8932437654568,2026-07-03 04:44:35
78,Pharmacity,45000.0,0.0,45000.0,,,https://www.pharmacity.vn/search?q=8932437654568,2026-07-03 04:44:35
78,Shopee,41000.0,6000.0,35000.0,,Flash Sale,https://www.shopee.vn/search?q=8932437654568,2026-07-04 04:44:35
78,Lazada,42000.0,0.0,42000.0,,,https://www.lazada.vn/search?q=8932437654568,2026-07-04 04:44:35
78,TikTok Shop,42000.0,6000.0,36000.0,,,https://www.tiktokshop.vn/search?q=8932437654568,2026-07-04 04:44:35
78,GrabMart,44000.0,0.0,44000.0,,,https://www.grabmart.vn/search?q=8932437654568,2026-07-04 04:44:35
78,Pharmacity,43000.0,2000.0,41000.0,,,https://www.pharmacity.vn/search?q=8932437654568,2026-07-04 04:44:35
78,Shopee,43000.0,2000.0,31000.0,Mã giảm 10k,,https://www.shopee.vn/search?q=8932437654568,2026-07-05 04:44:35
78,Lazada,41000.0,0.0,41000.0,,Combo mua 2 giảm 5%,https://www.lazada.vn/search?q=8932437654568,2026-07-05 04:44:35
78,TikTok Shop,38000.0,4000.0,34000.0,,,https://www.tiktokshop.vn/search?q=8932437654568,2026-07-05 04:44:35
78,GrabMart,46000.0,0.0,46000.0,,,https://www.grabmart.vn/search?q=8932437654568,2026-07-05 04:44:35
78,Pharmacity,44000.0,2000.0,42000.0,,,https://www.pharmacity.vn/search?q=8932437654568,2026-07-05 04:44:35
78,Shopee,41000.0,4000.0,37000.0,,Flash Sale,https://www.shopee.vn/search?q=8932437654568,2026-07-06 04:44:35
78,Lazada,40000.0,2000.0,38000.0,Voucher tích lũy,,https://www.lazada.vn/search?q=8932437654568,2026-07-06 04:44:35
78,TikTok Shop,37000.0,0.0,37000.0,,,https://www.tiktokshop.vn/search?q=8932437654568,2026-07-06 04:44:35
78,GrabMart,44000.0,0.0,44000.0,,,https://www.grabmart.vn/search?q=8932437654568,2026-07-06 04:44:35
78,Pharmacity,44000.0,2000.0,42000.0,,,https://www.pharmacity.vn/search?q=8932437654568,2026-07-06 04:44:35
79,Shopee,121000.0,6000.0,105000.0,Mã giảm 10k,Flash Sale,https://www.shopee.vn/search?q=8939162475543,2026-06-30 04:44:35
79,Lazada,122000.0,6000.0,116000.0,Voucher tích lũy,,https://www.lazada.vn/search?q=8939162475543,2026-06-30 04:44:35
79,TikTok Shop,117000.0,0.0,97000.0,Voucher Livestream 20k,,https://www.tiktokshop.vn/search?q=8939162475543,2026-06-30 04:44:35
79,GrabMart,146000.0,0.0,146000.0,,,https://www.grabmart.vn/search?q=8939162475543,2026-06-30 04:44:35
79,Pharmacity,125000.0,0.0,125000.0,,,https://www.pharmacity.vn/search?q=8939162475543,2026-06-30 04:44:35
79,Shopee,108000.0,5000.0,103000.0,,Flash Sale,https://www.shopee.vn/search?q=8939162475543,2026-07-01 04:44:35
79,Lazada,125000.0,0.0,125000.0,Voucher tích lũy,Combo mua 2 giảm 5%,https://www.lazada.vn/search?q=8939162475543,2026-07-01 04:44:35
79,TikTok Shop,118000.0,0.0,118000.0,,,https://www.tiktokshop.vn/search?q=8939162475543,2026-07-01 04:44:35
79,GrabMart,130000.0,0.0,130000.0,,,https://www.grabmart.vn/search?q=8939162475543,2026-07-01 04:44:35
79,Pharmacity,128000.0,6000.0,122000.0,,,https://www.pharmacity.vn/search?q=8939162475543,2026-07-01 04:44:35
79,Shopee,125000.0,12000.0,103000.0,Mã giảm 10k,Flash Sale,https://www.shopee.vn/search?q=8939162475543,2026-07-02 04:44:35
79,Lazada,121000.0,0.0,121000.0,Voucher tích lũy,,https://www.lazada.vn/search?q=8939162475543,2026-07-02 04:44:35
79,TikTok Shop,113000.0,17000.0,96000.0,,,https://www.tiktokshop.vn/search?q=8939162475543,2026-07-02 04:44:35
79,GrabMart,140000.0,0.0,140000.0,,,https://www.grabmart.vn/search?q=8939162475543,2026-07-02 04:44:35
79,Pharmacity,130000.0,0.0,130000.0,,,https://www.pharmacity.vn/search?q=8939162475543,2026-07-02 04:44:35
79,Shopee,113000.0,0.0,113000.0,Freeship Extra,,https://www.shopee.vn/search?q=8939162475543,2026-07-03 04:44:35
79,Lazada,122000.0,6000.0,116000.0,Voucher tích lũy,,https://www.lazada.vn/search?q=8939162475543,2026-07-03 04:44:35
79,TikTok Shop,107000.0,16000.0,71000.0,Voucher Livestream 20k,Flash Sale hàng hiệu,https://www.tiktokshop.vn/search?q=8939162475543,2026-07-03 04:44:35
79,GrabMart,136000.0,0.0,136000.0,,,https://www.grabmart.vn/search?q=8939162475543,2026-07-03 04:44:35
79,Pharmacity,126000.0,0.0,126000.0,,,https://www.pharmacity.vn/search?q=8939162475543,2026-07-03 04:44:35
79,Shopee,107000.0,5000.0,102000.0,Freeship Extra,,https://www.shopee.vn/search?q=8939162475543,2026-07-04 04:44:35
79,Lazada,125000.0,12000.0,113000.0,Voucher tích lũy,Combo mua 2 giảm 5%,https://www.lazada.vn/search?q=8939162475543,2026-07-04 04:44:35
79,TikTok Shop,109000.0,0.0,89000.0,Voucher Livestream 20k,Flash Sale hàng hiệu,https://www.tiktokshop.vn/search?q=8939162475543,2026-07-04 04:44:35
79,GrabMart,139000.0,0.0,139000.0,,,https://www.grabmart.vn/search?q=8939162475543,2026-07-04 04:44:35
79,Pharmacity,125000.0,0.0,125000.0,,,https://www.pharmacity.vn/search?q=8939162475543,2026-07-04 04:44:35
79,Shopee,118000.0,12000.0,106000.0,,,https://www.shopee.vn/search?q=8939162475543,2026-07-05 04:44:35
79,Lazada,126000.0,6000.0,120000.0,,Combo mua 2 giảm 5%,https://www.lazada.vn/search?q=8939162475543,2026-07-05 04:44:35
79,TikTok Shop,121000.0,0.0,121000.0,,,https://www.tiktokshop.vn/search?q=8939162475543,2026-07-05 04:44:35
79,GrabMart,139000.0,0.0,139000.0,,,https://www.grabmart.vn/search?q=8939162475543,2026-07-05 04:44:35
79,Pharmacity,124000.0,6000.0,118000.0,,,https://www.pharmacity.vn/search?q=8939162475543,2026-07-05 04:44:35
79,Shopee,120000.0,12000.0,98000.0,Mã giảm 10k,,https://www.shopee.vn/search?q=8939162475543,2026-07-06 04:44:35
79,Lazada,126000.0,13000.0,113000.0,Voucher tích lũy,,https://www.lazada.vn/search?q=8939162475543,2026-07-06 04:44:35
79,TikTok Shop,112000.0,17000.0,75000.0,Voucher Livestream 20k,Flash Sale hàng hiệu,https://www.tiktokshop.vn/search?q=8939162475543,2026-07-06 04:44:35
79,GrabMart,148000.0,0.0,148000.0,,,https://www.grabmart.vn/search?q=8939162475543,2026-07-06 04:44:35
79,Pharmacity,129000.0,0.0,129000.0,,,https://www.pharmacity.vn/search?q=8939162475543,2026-07-06 04:44:35
80,Shopee,108000.0,5000.0,93000.0,Mã giảm 10k,Flash Sale,https://www.shopee.vn/search?q=8932408916497,2026-06-30 04:44:35
80,Lazada,99000.0,10000.0,89000.0,Voucher tích lũy,,https://www.lazada.vn/search?q=8932408916497,2026-06-30 04:44:35
80,TikTok Shop,98000.0,15000.0,63000.0,Voucher Livestream 20k,Flash Sale hàng hiệu,https://www.tiktokshop.vn/search?q=8932408916497,2026-06-30 04:44:35
80,GrabMart,114000.0,0.0,114000.0,,,https://www.grabmart.vn/search?q=8932408916497,2026-06-30 04:44:35
80,Pharmacity,111000.0,6000.0,105000.0,,,https://www.pharmacity.vn/search?q=8932408916497,2026-06-30 04:44:35
80,Shopee,96000.0,5000.0,91000.0,,,https://www.shopee.vn/search?q=8932408916497,2026-07-01 04:44:35
80,Lazada,104000.0,10000.0,94000.0,,Combo mua 2 giảm 5%,https://www.lazada.vn/search?q=8932408916497,2026-07-01 04:44:35
80,TikTok Shop,90000.0,0.0,90000.0,,Flash Sale hàng hiệu,https://www.tiktokshop.vn/search?q=8932408916497,2026-07-01 04:44:35
80,GrabMart,123000.0,0.0,123000.0,,,https://www.grabmart.vn/search?q=8932408916497,2026-07-01 04:44:35
80,Pharmacity,109000.0,0.0,109000.0,,,https://www.pharmacity.vn/search?q=8932408916497,2026-07-01 04:44:35
80,Shopee,94000.0,5000.0,79000.0,Mã giảm 10k,Flash Sale,https://www.shopee.vn/search?q=8932408916497,2026-07-02 04:44:35
80,Lazada,98000.0,10000.0,88000.0,,,https://www.lazada.vn/search?q=8932408916497,2026-07-02 04:44:35
80,TikTok Shop,100000.0,10000.0,70000.0,Voucher Livestream 20k,,https://www.tiktokshop.vn/search?q=8932408916497,2026-07-02 04:44:35
80,GrabMart,113000.0,0.0,113000.0,,,https://www.grabmart.vn/search?q=8932408916497,2026-07-02 04:44:35
80,Pharmacity,108000.0,0.0,108000.0,,,https://www.pharmacity.vn/search?q=8932408916497,2026-07-02 04:44:35
80,Shopee,95000.0,0.0,85000.0,Mã giảm 10k,,https://www.shopee.vn/search?q=8932408916497,2026-07-03 04:44:35
80,Lazada,109000.0,11000.0,98000.0,,,https://www.lazada.vn/search?q=8932408916497,2026-07-03 04:44:35
80,TikTok Shop,107000.0,0.0,87000.0,Voucher Livestream 20k,,https://www.tiktokshop.vn/search?q=8932408916497,2026-07-03 04:44:35
80,GrabMart,115000.0,0.0,115000.0,,,https://www.grabmart.vn/search?q=8932408916497,2026-07-03 04:44:35
80,Pharmacity,111000.0,6000.0,105000.0,,,https://www.pharmacity.vn/search?q=8932408916497,2026-07-03 04:44:35
80,Shopee,108000.0,11000.0,87000.0,Mã giảm 10k,Flash Sale,https://www.shopee.vn/search?q=8932408916497,2026-07-04 04:44:35
80,Lazada,98000.0,0.0,98000.0,Voucher tích lũy,,https://www.lazada.vn/search?q=8932408916497,2026-07-04 04:44:35
80,TikTok Shop,90000.0,0.0,90000.0,,Flash Sale hàng hiệu,https://www.tiktokshop.vn/search?q=8932408916497,2026-07-04 04:44:35
80,GrabMart,113000.0,0.0,113000.0,,,https://www.grabmart.vn/search?q=8932408916497,2026-07-04 04:44:35
80,Pharmacity,114000.0,6000.0,108000.0,,,https://www.pharmacity.vn/search?q=8932408916497,2026-07-04 04:44:35
80,Shopee,96000.0,5000.0,91000.0,,,https://www.shopee.vn/search?q=8932408916497,2026-07-05 04:44:35
80,Lazada,102000.0,0.0,102000.0,Voucher tích lũy,Combo mua 2 giảm 5%,https://www.lazada.vn/search?q=8932408916497,2026-07-05 04:44:35
80,TikTok Shop,94000.0,14000.0,60000.0,Voucher Livestream 20k,,https://www.tiktokshop.vn/search?q=8932408916497,2026-07-05 04:44:35
80,GrabMart,120000.0,0.0,120000.0,,,https://www.grabmart.vn/search?q=8932408916497,2026-07-05 04:44:35
80,Pharmacity,115000.0,0.0,115000.0,,,https://www.pharmacity.vn/search?q=8932408916497,2026-07-05 04:44:35
80,Shopee,95000.0,10000.0,75000.0,Mã giảm 10k,,https://www.shopee.vn/search?q=8932408916497,2026-07-06 04:44:35
80,Lazada,105000.0,0.0,105000.0,Voucher tích lũy,,https://www.lazada.vn/search?q=8932408916497,2026-07-06 04:44:35
80,TikTok Shop,106000.0,16000.0,90000.0,,,https://www.tiktokshop.vn/search?q=8932408916497,2026-07-06 04:44:35
80,GrabMart,119000.0,0.0,119000.0,,,https://www.grabmart.vn/search?q=8932408916497,2026-07-06 04:44:35
80,Pharmacity,110000.0,0.0,110000.0,,,https://www.pharmacity.vn/search?q=8932408916497,2026-07-06 04:44:35
81,Shopee,1096000.0,55000.0,1041000.0,Freeship Extra,,https://www.shopee.vn/search?q=8934945147549,2026-06-30 04:44:35
81,Lazada,1030000.0,52000.0,978000.0,Voucher tích lũy,Combo mua 2 giảm 5%,https://www.lazada.vn/search?q=8934945147549,2026-06-30 04:44:35
81,TikTok Shop,1066000.0,0.0,1046000.0,Voucher Livestream 20k,Flash Sale hàng hiệu,https://www.tiktokshop.vn/search?q=8934945147549,2026-06-30 04:44:35
81,GrabMart,1161000.0,0.0,1161000.0,,,https://www.grabmart.vn/search?q=8934945147549,2026-06-30 04:44:35
81,Pharmacity,1126000.0,0.0,1126000.0,,,https://www.pharmacity.vn/search?q=8934945147549,2026-06-30 04:44:35
81,Shopee,985000.0,148000.0,827000.0,Mã giảm 10k,Flash Sale,https://www.shopee.vn/search?q=8934945147549,2026-07-01 04:44:35
81,Lazada,1054000.0,53000.0,1001000.0,Voucher tích lũy,Combo mua 2 giảm 5%,https://www.lazada.vn/search?q=8934945147549,2026-07-01 04:44:35
81,TikTok Shop,942000.0,141000.0,801000.0,,Flash Sale hàng hiệu,https://www.tiktokshop.vn/search?q=8934945147549,2026-07-01 04:44:35
81,GrabMart,1211000.0,0.0,1211000.0,,,https://www.grabmart.vn/search?q=8934945147549,2026-07-01 04:44:35
81,Pharmacity,1140000.0,57000.0,1083000.0,,,https://www.pharmacity.vn/search?q=8934945147549,2026-07-01 04:44:35
81,Shopee,1049000.0,52000.0,987000.0,Mã giảm 10k,,https://www.shopee.vn/search?q=8934945147549,2026-07-02 04:44:35
81,Lazada,1065000.0,53000.0,1012000.0,,,https://www.lazada.vn/search?q=8934945147549,2026-07-02 04:44:35
81,TikTok Shop,960000.0,0.0,960000.0,,,https://www.tiktokshop.vn/search?q=8934945147549,2026-07-02 04:44:35
81,GrabMart,1201000.0,0.0,1201000.0,,,https://www.grabmart.vn/search?q=8934945147549,2026-07-02 04:44:35
81,Pharmacity,1138000.0,0.0,1138000.0,,,https://www.pharmacity.vn/search?q=8934945147549,2026-07-02 04:44:35
81,Shopee,1120000.0,0.0,1110000.0,Mã giảm 10k,Flash Sale,https://www.shopee.vn/search?q=8934945147549,2026-07-03 04:44:35
81,Lazada,1102000.0,0.0,1102000.0,Voucher tích lũy,Combo mua 2 giảm 5%,https://www.lazada.vn/search?q=8934945147549,2026-07-03 04:44:35
81,TikTok Shop,943000.0,141000.0,782000.0,Voucher Livestream 20k,,https://www.tiktokshop.vn/search?q=8934945147549,2026-07-03 04:44:35
81,GrabMart,1173000.0,0.0,1173000.0,,,https://www.grabmart.vn/search?q=8934945147549,2026-07-03 04:44:35
81,Pharmacity,1118000.0,0.0,1118000.0,,,https://www.pharmacity.vn/search?q=8934945147549,2026-07-03 04:44:35
81,Shopee,973000.0,49000.0,914000.0,Mã giảm 10k,,https://www.shopee.vn/search?q=8934945147549,2026-07-04 04:44:35
81,Lazada,1081000.0,54000.0,1027000.0,Voucher tích lũy,,https://www.lazada.vn/search?q=8934945147549,2026-07-04 04:44:35
81,TikTok Shop,1045000.0,157000.0,888000.0,,Flash Sale hàng hiệu,https://www.tiktokshop.vn/search?q=8934945147549,2026-07-04 04:44:35
81,GrabMart,1288000.0,0.0,1288000.0,,,https://www.grabmart.vn/search?q=8934945147549,2026-07-04 04:44:35
81,Pharmacity,1170000.0,0.0,1170000.0,,,https://www.pharmacity.vn/search?q=8934945147549,2026-07-04 04:44:35
81,Shopee,978000.0,49000.0,929000.0,,,https://www.shopee.vn/search?q=8934945147549,2026-07-05 04:44:35
81,Lazada,996000.0,100000.0,896000.0,Voucher tích lũy,,https://www.lazada.vn/search?q=8934945147549,2026-07-05 04:44:35
81,TikTok Shop,1057000.0,106000.0,951000.0,,Flash Sale hàng hiệu,https://www.tiktokshop.vn/search?q=8934945147549,2026-07-05 04:44:35
81,GrabMart,1221000.0,0.0,1221000.0,,,https://www.grabmart.vn/search?q=8934945147549,2026-07-05 04:44:35
81,Pharmacity,1158000.0,58000.0,1100000.0,,,https://www.pharmacity.vn/search?q=8934945147549,2026-07-05 04:44:35
81,Shopee,1094000.0,0.0,1084000.0,Mã giảm 10k,,https://www.shopee.vn/search?q=8934945147549,2026-07-06 04:44:35
81,Lazada,1007000.0,101000.0,906000.0,,,https://www.lazada.vn/search?q=8934945147549,2026-07-06 04:44:35
81,TikTok Shop,1009000.0,0.0,989000.0,Voucher Livestream 20k,Flash Sale hàng hiệu,https://www.tiktokshop.vn/search?q=8934945147549,2026-07-06 04:44:35
81,GrabMart,1259000.0,0.0,1259000.0,,,https://www.grabmart.vn/search?q=8934945147549,2026-07-06 04:44:35
81,Pharmacity,1170000.0,58000.0,1112000.0,,,https://www.pharmacity.vn/search?q=8934945147549,2026-07-06 04:44:35
82,Shopee,94000.0,0.0,94000.0,Freeship Extra,Flash Sale,https://www.shopee.vn/search?q=8932418623699,2026-06-30 04:44:35
82,Lazada,96000.0,10000.0,86000.0,Voucher tích lũy,Combo mua 2 giảm 5%,https://www.lazada.vn/search?q=8932418623699,2026-06-30 04:44:35
82,TikTok Shop,87000.0,9000.0,58000.0,Voucher Livestream 20k,,https://www.tiktokshop.vn/search?q=8932418623699,2026-06-30 04:44:35
82,GrabMart,108000.0,0.0,108000.0,,,https://www.grabmart.vn/search?q=8932418623699,2026-06-30 04:44:35
82,Pharmacity,102000.0,5000.0,97000.0,,,https://www.pharmacity.vn/search?q=8932418623699,2026-06-30 04:44:35
82,Shopee,97000.0,10000.0,87000.0,,,https://www.shopee.vn/search?q=8932418623699,2026-07-01 04:44:35
82,Lazada,94000.0,9000.0,85000.0,,,https://www.lazada.vn/search?q=8932418623699,2026-07-01 04:44:35
82,TikTok Shop,88000.0,0.0,68000.0,Voucher Livestream 20k,,https://www.tiktokshop.vn/search?q=8932418623699,2026-07-01 04:44:35
82,GrabMart,113000.0,0.0,113000.0,,,https://www.grabmart.vn/search?q=8932418623699,2026-07-01 04:44:35
82,Pharmacity,105000.0,0.0,105000.0,,,https://www.pharmacity.vn/search?q=8932418623699,2026-07-01 04:44:35
82,Shopee,91000.0,0.0,91000.0,Freeship Extra,,https://www.shopee.vn/search?q=8932418623699,2026-07-02 04:44:35
82,Lazada,97000.0,5000.0,92000.0,,,https://www.lazada.vn/search?q=8932418623699,2026-07-02 04:44:35
82,TikTok Shop,89000.0,9000.0,80000.0,,Flash Sale hàng hiệu,https://www.tiktokshop.vn/search?q=8932418623699,2026-07-02 04:44:35
82,GrabMart,117000.0,0.0,117000.0,,,https://www.grabmart.vn/search?q=8932418623699,2026-07-02 04:44:35
82,Pharmacity,108000.0,0.0,108000.0,,,https://www.pharmacity.vn/search?q=8932418623699,2026-07-02 04:44:35
82,Shopee,92000.0,14000.0,78000.0,Freeship Extra,Flash Sale,https://www.shopee.vn/search?q=8932418623699,2026-07-03 04:44:35
82,Lazada,103000.0,10000.0,93000.0,,Combo mua 2 giảm 5%,https://www.lazada.vn/search?q=8932418623699,2026-07-03 04:44:35
82,TikTok Shop,91000.0,14000.0,77000.0,,,https://www.tiktokshop.vn/search?q=8932418623699,2026-07-03 04:44:35
82,GrabMart,104000.0,0.0,104000.0,,,https://www.grabmart.vn/search?q=8932418623699,2026-07-03 04:44:35
82,Pharmacity,107000.0,5000.0,102000.0,,,https://www.pharmacity.vn/search?q=8932418623699,2026-07-03 04:44:35
82,Shopee,97000.0,0.0,87000.0,Mã giảm 10k,,https://www.shopee.vn/search?q=8932418623699,2026-07-04 04:44:35
82,Lazada,92000.0,5000.0,87000.0,,,https://www.lazada.vn/search?q=8932418623699,2026-07-04 04:44:35
82,TikTok Shop,100000.0,0.0,100000.0,,,https://www.tiktokshop.vn/search?q=8932418623699,2026-07-04 04:44:35
82,GrabMart,117000.0,0.0,117000.0,,,https://www.grabmart.vn/search?q=8932418623699,2026-07-04 04:44:35
82,Pharmacity,102000.0,5000.0,97000.0,,,https://www.pharmacity.vn/search?q=8932418623699,2026-07-04 04:44:35
82,Shopee,95000.0,5000.0,80000.0,Mã giảm 10k,Flash Sale,https://www.shopee.vn/search?q=8932418623699,2026-07-05 04:44:35
82,Lazada,95000.0,5000.0,90000.0,,Combo mua 2 giảm 5%,https://www.lazada.vn/search?q=8932418623699,2026-07-05 04:44:35
82,TikTok Shop,88000.0,13000.0,75000.0,,,https://www.tiktokshop.vn/search?q=8932418623699,2026-07-05 04:44:35
82,GrabMart,113000.0,0.0,113000.0,,,https://www.grabmart.vn/search?q=8932418623699,2026-07-05 04:44:35
82,Pharmacity,108000.0,0.0,108000.0,,,https://www.pharmacity.vn/search?q=8932418623699,2026-07-05 04:44:35
82,Shopee,101000.0,5000.0,86000.0,Mã giảm 10k,,https://www.shopee.vn/search?q=8932418623699,2026-07-06 04:44:35
82,Lazada,97000.0,5000.0,92000.0,Voucher tích lũy,,https://www.lazada.vn/search?q=8932418623699,2026-07-06 04:44:35
82,TikTok Shop,100000.0,0.0,100000.0,,Flash Sale hàng hiệu,https://www.tiktokshop.vn/search?q=8932418623699,2026-07-06 04:44:35
82,GrabMart,114000.0,0.0,114000.0,,,https://www.grabmart.vn/search?q=8932418623699,2026-07-06 04:44:35
82,Pharmacity,103000.0,0.0,103000.0,,,https://www.pharmacity.vn/search?q=8932418623699,2026-07-06 04:44:35
83,Shopee,348000.0,17000.0,321000.0,Mã giảm 10k,Flash Sale,https://www.shopee.vn/search?q=8934721970545,2026-06-30 04:44:35
83,Lazada,332000.0,33000.0,299000.0,Voucher tích lũy,Combo mua 2 giảm 5%,https://www.lazada.vn/search?q=8934721970545,2026-06-30 04:44:35
83,TikTok Shop,293000.0,29000.0,244000.0,Voucher Livestream 20k,Flash Sale hàng hiệu,https://www.tiktokshop.vn/search?q=8934721970545,2026-06-30 04:44:35
83,GrabMart,407000.0,0.0,407000.0,,,https://www.grabmart.vn/search?q=8934721970545,2026-06-30 04:44:35
83,Pharmacity,371000.0,0.0,371000.0,,,https://www.pharmacity.vn/search?q=8934721970545,2026-06-30 04:44:35
83,Shopee,335000.0,0.0,335000.0,Freeship Extra,,https://www.shopee.vn/search?q=8934721970545,2026-07-01 04:44:35
83,Lazada,340000.0,34000.0,306000.0,,,https://www.lazada.vn/search?q=8934721970545,2026-07-01 04:44:35
83,TikTok Shop,337000.0,34000.0,283000.0,Voucher Livestream 20k,,https://www.tiktokshop.vn/search?q=8934721970545,2026-07-01 04:44:35
83,GrabMart,389000.0,0.0,389000.0,,,https://www.grabmart.vn/search?q=8934721970545,2026-07-01 04:44:35
83,Pharmacity,367000.0,0.0,367000.0,,,https://www.pharmacity.vn/search?q=8934721970545,2026-07-01 04:44:35
83,Shopee,321000.0,48000.0,273000.0,Freeship Extra,,https://www.shopee.vn/search?q=8934721970545,2026-07-02 04:44:35
83,Lazada,325000.0,16000.0,309000.0,Voucher tích lũy,,https://www.lazada.vn/search?q=8934721970545,2026-07-02 04:44:35
83,TikTok Shop,293000.0,44000.0,249000.0,,Flash Sale hàng hiệu,https://www.tiktokshop.vn/search?q=8934721970545,2026-07-02 04:44:35
83,GrabMart,401000.0,0.0,401000.0,,,https://www.grabmart.vn/search?q=8934721970545,2026-07-02 04:44:35
83,Pharmacity,351000.0,18000.0,333000.0,,,https://www.pharmacity.vn/search?q=8934721970545,2026-07-02 04:44:35
83,Shopee,303000.0,30000.0,273000.0,Freeship Extra,Flash Sale,https://www.shopee.vn/search?q=8934721970545,2026-07-03 04:44:35
83,Lazada,319000.0,32000.0,287000.0,Voucher tích lũy,,https://www.lazada.vn/search?q=8934721970545,2026-07-03 04:44:35
83,TikTok Shop,304000.0,0.0,304000.0,,Flash Sale hàng hiệu,https://www.tiktokshop.vn/search?q=8934721970545,2026-07-03 04:44:35
83,GrabMart,365000.0,0.0,365000.0,,,https://www.grabmart.vn/search?q=8934721970545,2026-07-03 04:44:35
83,Pharmacity,351000.0,0.0,351000.0,,,https://www.pharmacity.vn/search?q=8934721970545,2026-07-03 04:44:35
83,Shopee,356000.0,53000.0,303000.0,,Flash Sale,https://www.shopee.vn/search?q=8934721970545,2026-07-04 04:44:35
83,Lazada,344000.0,17000.0,327000.0,,,https://www.lazada.vn/search?q=8934721970545,2026-07-04 04:44:35
83,TikTok Shop,300000.0,0.0,280000.0,Voucher Livestream 20k,Flash Sale hàng hiệu,https://www.tiktokshop.vn/search?q=8934721970545,2026-07-04 04:44:35
83,GrabMart,371000.0,0.0,371000.0,,,https://www.grabmart.vn/search?q=8934721970545,2026-07-04 04:44:35
83,Pharmacity,350000.0,0.0,350000.0,,,https://www.pharmacity.vn/search?q=8934721970545,2026-07-04 04:44:35
83,Shopee,303000.0,45000.0,258000.0,,Flash Sale,https://www.shopee.vn/search?q=8934721970545,2026-07-05 04:44:35
83,Lazada,347000.0,17000.0,330000.0,Voucher tích lũy,,https://www.lazada.vn/search?q=8934721970545,2026-07-05 04:44:35
83,TikTok Shop,327000.0,33000.0,294000.0,,,https://www.tiktokshop.vn/search?q=8934721970545,2026-07-05 04:44:35
83,GrabMart,362000.0,0.0,362000.0,,,https://www.grabmart.vn/search?q=8934721970545,2026-07-05 04:44:35
83,Pharmacity,368000.0,18000.0,350000.0,,,https://www.pharmacity.vn/search?q=8934721970545,2026-07-05 04:44:35
83,Shopee,354000.0,35000.0,319000.0,,,https://www.shopee.vn/search?q=8934721970545,2026-07-06 04:44:35
83,Lazada,325000.0,16000.0,309000.0,Voucher tích lũy,Combo mua 2 giảm 5%,https://www.lazada.vn/search?q=8934721970545,2026-07-06 04:44:35
83,TikTok Shop,319000.0,0.0,299000.0,Voucher Livestream 20k,Flash Sale hàng hiệu,https://www.tiktokshop.vn/search?q=8934721970545,2026-07-06 04:44:35
83,GrabMart,409000.0,0.0,409000.0,,,https://www.grabmart.vn/search?q=8934721970545,2026-07-06 04:44:35
83,Pharmacity,360000.0,0.0,360000.0,,,https://www.pharmacity.vn/search?q=8934721970545,2026-07-06 04:44:35
84,Shopee,324000.0,49000.0,265000.0,Mã giảm 10k,,https://www.shopee.vn/search?q=8939925502721,2026-06-30 04:44:35
84,Lazada,374000.0,0.0,374000.0,Voucher tích lũy,,https://www.lazada.vn/search?q=8939925502721,2026-06-30 04:44:35
84,TikTok Shop,308000.0,46000.0,262000.0,,Flash Sale hàng hiệu,https://www.tiktokshop.vn/search?q=8939925502721,2026-06-30 04:44:35
84,GrabMart,421000.0,0.0,421000.0,,,https://www.grabmart.vn/search?q=8939925502721,2026-06-30 04:44:35
84,Pharmacity,387000.0,19000.0,368000.0,,,https://www.pharmacity.vn/search?q=8939925502721,2026-06-30 04:44:35
84,Shopee,330000.0,16000.0,314000.0,,,https://www.shopee.vn/search?q=8939925502721,2026-07-01 04:44:35
84,Lazada,345000.0,17000.0,328000.0,,Combo mua 2 giảm 5%,https://www.lazada.vn/search?q=8939925502721,2026-07-01 04:44:35
84,TikTok Shop,360000.0,54000.0,306000.0,,Flash Sale hàng hiệu,https://www.tiktokshop.vn/search?q=8939925502721,2026-07-01 04:44:35
84,GrabMart,418000.0,0.0,418000.0,,,https://www.grabmart.vn/search?q=8939925502721,2026-07-01 04:44:35
84,Pharmacity,379000.0,19000.0,360000.0,,,https://www.pharmacity.vn/search?q=8939925502721,2026-07-01 04:44:35
84,Shopee,339000.0,51000.0,288000.0,Freeship Extra,Flash Sale,https://www.shopee.vn/search?q=8939925502721,2026-07-02 04:44:35
84,Lazada,334000.0,0.0,334000.0,Voucher tích lũy,Combo mua 2 giảm 5%,https://www.lazada.vn/search?q=8939925502721,2026-07-02 04:44:35
84,TikTok Shop,328000.0,49000.0,279000.0,,Flash Sale hàng hiệu,https://www.tiktokshop.vn/search?q=8939925502721,2026-07-02 04:44:35
84,GrabMart,402000.0,0.0,402000.0,,,https://www.grabmart.vn/search?q=8939925502721,2026-07-02 04:44:35
84,Pharmacity,389000.0,19000.0,370000.0,,,https://www.pharmacity.vn/search?q=8939925502721,2026-07-02 04:44:35
84,Shopee,356000.0,0.0,356000.0,,,https://www.shopee.vn/search?q=8939925502721,2026-07-03 04:44:35
84,Lazada,333000.0,0.0,333000.0,Voucher tích lũy,,https://www.lazada.vn/search?q=8939925502721,2026-07-03 04:44:35
84,TikTok Shop,336000.0,50000.0,286000.0,,Flash Sale hàng hiệu,https://www.tiktokshop.vn/search?q=8939925502721,2026-07-03 04:44:35
84,GrabMart,409000.0,0.0,409000.0,,,https://www.grabmart.vn/search?q=8939925502721,2026-07-03 04:44:35
84,Pharmacity,388000.0,19000.0,369000.0,,,https://www.pharmacity.vn/search?q=8939925502721,2026-07-03 04:44:35
84,Shopee,369000.0,18000.0,351000.0,,Flash Sale,https://www.shopee.vn/search?q=8939925502721,2026-07-04 04:44:35
84,Lazada,354000.0,0.0,354000.0,,Combo mua 2 giảm 5%,https://www.lazada.vn/search?q=8939925502721,2026-07-04 04:44:35
84,TikTok Shop,364000.0,36000.0,308000.0,Voucher Livestream 20k,Flash Sale hàng hiệu,https://www.tiktokshop.vn/search?q=8939925502721,2026-07-04 04:44:35
84,GrabMart,434000.0,0.0,434000.0,,,https://www.grabmart.vn/search?q=8939925502721,2026-07-04 04:44:35
84,Pharmacity,384000.0,19000.0,365000.0,,,https://www.pharmacity.vn/search?q=8939925502721,2026-07-04 04:44:35
84,Shopee,318000.0,32000.0,286000.0,,Flash Sale,https://www.shopee.vn/search?q=8939925502721,2026-07-05 04:44:35
84,Lazada,341000.0,34000.0,307000.0,Voucher tích lũy,Combo mua 2 giảm 5%,https://www.lazada.vn/search?q=8939925502721,2026-07-05 04:44:35
84,TikTok Shop,357000.0,36000.0,321000.0,,,https://www.tiktokshop.vn/search?q=8939925502721,2026-07-05 04:44:35
84,GrabMart,433000.0,0.0,433000.0,,,https://www.grabmart.vn/search?q=8939925502721,2026-07-05 04:44:35
84,Pharmacity,378000.0,0.0,378000.0,,,https://www.pharmacity.vn/search?q=8939925502721,2026-07-05 04:44:35
84,Shopee,319000.0,32000.0,287000.0,Freeship Extra,Flash Sale,https://www.shopee.vn/search?q=8939925502721,2026-07-06 04:44:35
84,Lazada,344000.0,34000.0,310000.0,Voucher tích lũy,,https://www.lazada.vn/search?q=8939925502721,2026-07-06 04:44:35
84,TikTok Shop,340000.0,34000.0,306000.0,,Flash Sale hàng hiệu,https://www.tiktokshop.vn/search?q=8939925502721,2026-07-06 04:44:35
84,GrabMart,429000.0,0.0,429000.0,,,https://www.grabmart.vn/search?q=8939925502721,2026-07-06 04:44:35
84,Pharmacity,388000.0,19000.0,369000.0,,,https://www.pharmacity.vn/search?q=8939925502721,2026-07-06 04:44:35
85,Shopee,176000.0,18000.0,158000.0,Freeship Extra,,https://www.shopee.vn/search?q=8936582631283,2026-06-30 04:44:35
85,Lazada,177000.0,0.0,177000.0,,,https://www.lazada.vn/search?q=8936582631283,2026-06-30 04:44:35
85,TikTok Shop,146000.0,0.0,146000.0,,,https://www.tiktokshop.vn/search?q=8936582631283,2026-06-30 04:44:35
85,GrabMart,198000.0,0.0,198000.0,,,https://www.grabmart.vn/search?q=8936582631283,2026-06-30 04:44:35
85,Pharmacity,182000.0,0.0,182000.0,,,https://www.pharmacity.vn/search?q=8936582631283,2026-06-30 04:44:35
85,Shopee,168000.0,0.0,168000.0,Freeship Extra,,https://www.shopee.vn/search?q=8936582631283,2026-07-01 04:44:35
85,Lazada,178000.0,18000.0,160000.0,Voucher tích lũy,,https://www.lazada.vn/search?q=8936582631283,2026-07-01 04:44:35
85,TikTok Shop,153000.0,0.0,133000.0,Voucher Livestream 20k,,https://www.tiktokshop.vn/search?q=8936582631283,2026-07-01 04:44:35
85,GrabMart,196000.0,0.0,196000.0,,,https://www.grabmart.vn/search?q=8936582631283,2026-07-01 04:44:35
85,Pharmacity,178000.0,9000.0,169000.0,,,https://www.pharmacity.vn/search?q=8936582631283,2026-07-01 04:44:35
85,Shopee,173000.0,0.0,163000.0,Mã giảm 10k,,https://www.shopee.vn/search?q=8936582631283,2026-07-02 04:44:35
85,Lazada,177000.0,18000.0,159000.0,,,https://www.lazada.vn/search?q=8936582631283,2026-07-02 04:44:35
85,TikTok Shop,149000.0,22000.0,127000.0,,,https://www.tiktokshop.vn/search?q=8936582631283,2026-07-02 04:44:35
85,GrabMart,184000.0,0.0,184000.0,,,https://www.grabmart.vn/search?q=8936582631283,2026-07-02 04:44:35
85,Pharmacity,178000.0,0.0,178000.0,,,https://www.pharmacity.vn/search?q=8936582631283,2026-07-02 04:44:35
85,Shopee,154000.0,23000.0,121000.0,Mã giảm 10k,,https://www.shopee.vn/search?q=8936582631283,2026-07-03 04:44:35
85,Lazada,165000.0,8000.0,157000.0,,Combo mua 2 giảm 5%,https://www.lazada.vn/search?q=8936582631283,2026-07-03 04:44:35
85,TikTok Shop,148000.0,22000.0,126000.0,,,https://www.tiktokshop.vn/search?q=8936582631283,2026-07-03 04:44:35
85,GrabMart,200000.0,0.0,200000.0,,,https://www.grabmart.vn/search?q=8936582631283,2026-07-03 04:44:35
85,Pharmacity,180000.0,9000.0,171000.0,,,https://www.pharmacity.vn/search?q=8936582631283,2026-07-03 04:44:35
85,Shopee,170000.0,26000.0,144000.0,,,https://www.shopee.vn/search?q=8936582631283,2026-07-04 04:44:35
85,Lazada,163000.0,0.0,163000.0,,,https://www.lazada.vn/search?q=8936582631283,2026-07-04 04:44:35
85,TikTok Shop,174000.0,17000.0,137000.0,Voucher Livestream 20k,,https://www.tiktokshop.vn/search?q=8936582631283,2026-07-04 04:44:35
85,GrabMart,185000.0,0.0,185000.0,,,https://www.grabmart.vn/search?q=8936582631283,2026-07-04 04:44:35
85,Pharmacity,184000.0,0.0,184000.0,,,https://www.pharmacity.vn/search?q=8936582631283,2026-07-04 04:44:35
85,Shopee,157000.0,0.0,157000.0,Freeship Extra,,https://www.shopee.vn/search?q=8936582631283,2026-07-05 04:44:35
85,Lazada,168000.0,0.0,168000.0,,Combo mua 2 giảm 5%,https://www.lazada.vn/search?q=8936582631283,2026-07-05 04:44:35
85,TikTok Shop,149000.0,0.0,149000.0,,Flash Sale hàng hiệu,https://www.tiktokshop.vn/search?q=8936582631283,2026-07-05 04:44:35
85,GrabMart,184000.0,0.0,184000.0,,,https://www.grabmart.vn/search?q=8936582631283,2026-07-05 04:44:35
85,Pharmacity,176000.0,0.0,176000.0,,,https://www.pharmacity.vn/search?q=8936582631283,2026-07-05 04:44:35
85,Shopee,159000.0,24000.0,135000.0,,,https://www.shopee.vn/search?q=8936582631283,2026-07-06 04:44:35
85,Lazada,164000.0,16000.0,148000.0,Voucher tích lũy,Combo mua 2 giảm 5%,https://www.lazada.vn/search?q=8936582631283,2026-07-06 04:44:35
85,TikTok Shop,167000.0,17000.0,130000.0,Voucher Livestream 20k,Flash Sale hàng hiệu,https://www.tiktokshop.vn/search?q=8936582631283,2026-07-06 04:44:35
85,GrabMart,207000.0,0.0,207000.0,,,https://www.grabmart.vn/search?q=8936582631283,2026-07-06 04:44:35
85,Pharmacity,178000.0,0.0,178000.0,,,https://www.pharmacity.vn/search?q=8936582631283,2026-07-06 04:44:35
86,Shopee,265000.0,0.0,265000.0,Freeship Extra,Flash Sale,https://www.shopee.vn/search?q=8939423767691,2026-06-30 04:44:35
86,Lazada,252000.0,25000.0,227000.0,Voucher tích lũy,Combo mua 2 giảm 5%,https://www.lazada.vn/search?q=8939423767691,2026-06-30 04:44:35
86,TikTok Shop,260000.0,0.0,240000.0,Voucher Livestream 20k,,https://www.tiktokshop.vn/search?q=8939423767691,2026-06-30 04:44:35
86,GrabMart,313000.0,0.0,313000.0,,,https://www.grabmart.vn/search?q=8939423767691,2026-06-30 04:44:35
86,Pharmacity,283000.0,14000.0,269000.0,,,https://www.pharmacity.vn/search?q=8939423767691,2026-06-30 04:44:35
86,Shopee,255000.0,26000.0,229000.0,Freeship Extra,Flash Sale,https://www.shopee.vn/search?q=8939423767691,2026-07-01 04:44:35
86,Lazada,251000.0,0.0,251000.0,,Combo mua 2 giảm 5%,https://www.lazada.vn/search?q=8939423767691,2026-07-01 04:44:35
86,TikTok Shop,240000.0,0.0,220000.0,Voucher Livestream 20k,,https://www.tiktokshop.vn/search?q=8939423767691,2026-07-01 04:44:35
86,GrabMart,276000.0,0.0,276000.0,,,https://www.grabmart.vn/search?q=8939423767691,2026-07-01 04:44:35
86,Pharmacity,278000.0,14000.0,264000.0,,,https://www.pharmacity.vn/search?q=8939423767691,2026-07-01 04:44:35
86,Shopee,235000.0,24000.0,211000.0,,,https://www.shopee.vn/search?q=8939423767691,2026-07-02 04:44:35
86,Lazada,248000.0,0.0,248000.0,Voucher tích lũy,,https://www.lazada.vn/search?q=8939423767691,2026-07-02 04:44:35
86,TikTok Shop,241000.0,24000.0,217000.0,,,https://www.tiktokshop.vn/search?q=8939423767691,2026-07-02 04:44:35
86,GrabMart,290000.0,0.0,290000.0,,,https://www.grabmart.vn/search?q=8939423767691,2026-07-02 04:44:35
86,Pharmacity,277000.0,0.0,277000.0,,,https://www.pharmacity.vn/search?q=8939423767691,2026-07-02 04:44:35
86,Shopee,234000.0,23000.0,211000.0,Freeship Extra,,https://www.shopee.vn/search?q=8939423767691,2026-07-03 04:44:35
86,Lazada,256000.0,26000.0,230000.0,Voucher tích lũy,Combo mua 2 giảm 5%,https://www.lazada.vn/search?q=8939423767691,2026-07-03 04:44:35
86,TikTok Shop,235000.0,24000.0,211000.0,,,https://www.tiktokshop.vn/search?q=8939423767691,2026-07-03 04:44:35
86,GrabMart,275000.0,0.0,275000.0,,,https://www.grabmart.vn/search?q=8939423767691,2026-07-03 04:44:35
86,Pharmacity,275000.0,0.0,275000.0,,,https://www.pharmacity.vn/search?q=8939423767691,2026-07-03 04:44:35
86,Shopee,273000.0,41000.0,232000.0,,,https://www.shopee.vn/search?q=8939423767691,2026-07-04 04:44:35
86,Lazada,252000.0,25000.0,227000.0,Voucher tích lũy,Combo mua 2 giảm 5%,https://www.lazada.vn/search?q=8939423767691,2026-07-04 04:44:35
86,TikTok Shop,231000.0,0.0,211000.0,Voucher Livestream 20k,,https://www.tiktokshop.vn/search?q=8939423767691,2026-07-04 04:44:35
86,GrabMart,302000.0,0.0,302000.0,,,https://www.grabmart.vn/search?q=8939423767691,2026-07-04 04:44:35
86,Pharmacity,281000.0,0.0,281000.0,,,https://www.pharmacity.vn/search?q=8939423767691,2026-07-04 04:44:35
86,Shopee,269000.0,27000.0,242000.0,,Flash Sale,https://www.shopee.vn/search?q=8939423767691,2026-07-05 04:44:35
86,Lazada,239000.0,24000.0,215000.0,,Combo mua 2 giảm 5%,https://www.lazada.vn/search?q=8939423767691,2026-07-05 04:44:35
86,TikTok Shop,249000.0,0.0,229000.0,Voucher Livestream 20k,,https://www.tiktokshop.vn/search?q=8939423767691,2026-07-05 04:44:35
86,GrabMart,310000.0,0.0,310000.0,,,https://www.grabmart.vn/search?q=8939423767691,2026-07-05 04:44:35
86,Pharmacity,273000.0,14000.0,259000.0,,,https://www.pharmacity.vn/search?q=8939423767691,2026-07-05 04:44:35
86,Shopee,241000.0,24000.0,207000.0,Mã giảm 10k,,https://www.shopee.vn/search?q=8939423767691,2026-07-06 04:44:35
86,Lazada,256000.0,13000.0,243000.0,Voucher tích lũy,,https://www.lazada.vn/search?q=8939423767691,2026-07-06 04:44:35
86,TikTok Shop,238000.0,36000.0,182000.0,Voucher Livestream 20k,Flash Sale hàng hiệu,https://www.tiktokshop.vn/search?q=8939423767691,2026-07-06 04:44:35
86,GrabMart,311000.0,0.0,311000.0,,,https://www.grabmart.vn/search?q=8939423767691,2026-07-06 04:44:35
86,Pharmacity,284000.0,0.0,284000.0,,,https://www.pharmacity.vn/search?q=8939423767691,2026-07-06 04:44:35
87,Shopee,97000.0,10000.0,87000.0,Freeship Extra,,https://www.shopee.vn/search?q=8933002156326,2026-06-30 04:44:35
87,Lazada,100000.0,0.0,100000.0,Voucher tích lũy,,https://www.lazada.vn/search?q=8933002156326,2026-06-30 04:44:35
87,TikTok Shop,84000.0,8000.0,76000.0,,Flash Sale hàng hiệu,https://www.tiktokshop.vn/search?q=8933002156326,2026-06-30 04:44:35
87,GrabMart,107000.0,0.0,107000.0,,,https://www.grabmart.vn/search?q=8933002156326,2026-06-30 04:44:35
87,Pharmacity,103000.0,5000.0,98000.0,,,https://www.pharmacity.vn/search?q=8933002156326,2026-06-30 04:44:35
87,Shopee,90000.0,4000.0,86000.0,,Flash Sale,https://www.shopee.vn/search?q=8933002156326,2026-07-01 04:44:35
87,Lazada,90000.0,4000.0,86000.0,,Combo mua 2 giảm 5%,https://www.lazada.vn/search?q=8933002156326,2026-07-01 04:44:35
87,TikTok Shop,93000.0,14000.0,79000.0,,,https://www.tiktokshop.vn/search?q=8933002156326,2026-07-01 04:44:35
87,GrabMart,111000.0,0.0,111000.0,,,https://www.grabmart.vn/search?q=8933002156326,2026-07-01 04:44:35
87,Pharmacity,104000.0,5000.0,99000.0,,,https://www.pharmacity.vn/search?q=8933002156326,2026-07-01 04:44:35
87,Shopee,91000.0,14000.0,77000.0,,,https://www.shopee.vn/search?q=8933002156326,2026-07-02 04:44:35
87,Lazada,92000.0,5000.0,87000.0,,Combo mua 2 giảm 5%,https://www.lazada.vn/search?q=8933002156326,2026-07-02 04:44:35
87,TikTok Shop,92000.0,0.0,92000.0,,,https://www.tiktokshop.vn/search?q=8933002156326,2026-07-02 04:44:35
87,GrabMart,103000.0,0.0,103000.0,,,https://www.grabmart.vn/search?q=8933002156326,2026-07-02 04:44:35
87,Pharmacity,102000.0,0.0,102000.0,,,https://www.pharmacity.vn/search?q=8933002156326,2026-07-02 04:44:35
87,Shopee,86000.0,4000.0,72000.0,Mã giảm 10k,Flash Sale,https://www.shopee.vn/search?q=8933002156326,2026-07-03 04:44:35
87,Lazada,91000.0,0.0,91000.0,Voucher tích lũy,,https://www.lazada.vn/search?q=8933002156326,2026-07-03 04:44:35
87,TikTok Shop,96000.0,14000.0,62000.0,Voucher Livestream 20k,Flash Sale hàng hiệu,https://www.tiktokshop.vn/search?q=8933002156326,2026-07-03 04:44:35
87,GrabMart,114000.0,0.0,114000.0,,,https://www.grabmart.vn/search?q=8933002156326,2026-07-03 04:44:35
87,Pharmacity,104000.0,0.0,104000.0,,,https://www.pharmacity.vn/search?q=8933002156326,2026-07-03 04:44:35
87,Shopee,101000.0,5000.0,86000.0,Mã giảm 10k,Flash Sale,https://www.shopee.vn/search?q=8933002156326,2026-07-04 04:44:35
87,Lazada,101000.0,10000.0,91000.0,,Combo mua 2 giảm 5%,https://www.lazada.vn/search?q=8933002156326,2026-07-04 04:44:35
87,TikTok Shop,85000.0,8000.0,57000.0,Voucher Livestream 20k,,https://www.tiktokshop.vn/search?q=8933002156326,2026-07-04 04:44:35
87,GrabMart,113000.0,0.0,113000.0,,,https://www.grabmart.vn/search?q=8933002156326,2026-07-04 04:44:35
87,Pharmacity,106000.0,0.0,106000.0,,,https://www.pharmacity.vn/search?q=8933002156326,2026-07-04 04:44:35
87,Shopee,88000.0,0.0,88000.0,Freeship Extra,,https://www.shopee.vn/search?q=8933002156326,2026-07-05 04:44:35
87,Lazada,92000.0,5000.0,87000.0,,Combo mua 2 giảm 5%,https://www.lazada.vn/search?q=8933002156326,2026-07-05 04:44:35
87,TikTok Shop,83000.0,12000.0,51000.0,Voucher Livestream 20k,Flash Sale hàng hiệu,https://www.tiktokshop.vn/search?q=8933002156326,2026-07-05 04:44:35
87,GrabMart,106000.0,0.0,106000.0,,,https://www.grabmart.vn/search?q=8933002156326,2026-07-05 04:44:35
87,Pharmacity,106000.0,0.0,106000.0,,,https://www.pharmacity.vn/search?q=8933002156326,2026-07-05 04:44:35
87,Shopee,91000.0,5000.0,86000.0,,Flash Sale,https://www.shopee.vn/search?q=8933002156326,2026-07-06 04:44:35
87,Lazada,95000.0,10000.0,85000.0,Voucher tích lũy,,https://www.lazada.vn/search?q=8933002156326,2026-07-06 04:44:35
87,TikTok Shop,90000.0,9000.0,81000.0,,,https://www.tiktokshop.vn/search?q=8933002156326,2026-07-06 04:44:35
87,GrabMart,113000.0,0.0,113000.0,,,https://www.grabmart.vn/search?q=8933002156326,2026-07-06 04:44:35
87,Pharmacity,104000.0,5000.0,99000.0,,,https://www.pharmacity.vn/search?q=8933002156326,2026-07-06 04:44:35
88,Shopee,520000.0,0.0,520000.0,,,https://www.shopee.vn/search?q=8932948978610,2026-06-30 04:44:35
88,Lazada,483000.0,0.0,483000.0,Voucher tích lũy,,https://www.lazada.vn/search?q=8932948978610,2026-06-30 04:44:35
88,TikTok Shop,451000.0,0.0,431000.0,Voucher Livestream 20k,,https://www.tiktokshop.vn/search?q=8932948978610,2026-06-30 04:44:35
88,GrabMart,630000.0,0.0,630000.0,,,https://www.grabmart.vn/search?q=8932948978610,2026-06-30 04:44:35
88,Pharmacity,562000.0,28000.0,534000.0,,,https://www.pharmacity.vn/search?q=8932948978610,2026-06-30 04:44:35
88,Shopee,497000.0,0.0,497000.0,,Flash Sale,https://www.shopee.vn/search?q=8932948978610,2026-07-01 04:44:35
88,Lazada,512000.0,0.0,512000.0,,Combo mua 2 giảm 5%,https://www.lazada.vn/search?q=8932948978610,2026-07-01 04:44:35
88,TikTok Shop,502000.0,75000.0,407000.0,Voucher Livestream 20k,,https://www.tiktokshop.vn/search?q=8932948978610,2026-07-01 04:44:35
88,GrabMart,560000.0,0.0,560000.0,,,https://www.grabmart.vn/search?q=8932948978610,2026-07-01 04:44:35
88,Pharmacity,554000.0,28000.0,526000.0,,,https://www.pharmacity.vn/search?q=8932948978610,2026-07-01 04:44:35
88,Shopee,528000.0,26000.0,502000.0,,Flash Sale,https://www.shopee.vn/search?q=8932948978610,2026-07-02 04:44:35
88,Lazada,525000.0,0.0,525000.0,,Combo mua 2 giảm 5%,https://www.lazada.vn/search?q=8932948978610,2026-07-02 04:44:35
88,TikTok Shop,526000.0,0.0,526000.0,,Flash Sale hàng hiệu,https://www.tiktokshop.vn/search?q=8932948978610,2026-07-02 04:44:35
88,GrabMart,590000.0,0.0,590000.0,,,https://www.grabmart.vn/search?q=8932948978610,2026-07-02 04:44:35
88,Pharmacity,536000.0,27000.0,509000.0,,,https://www.pharmacity.vn/search?q=8932948978610,2026-07-02 04:44:35
88,Shopee,541000.0,27000.0,514000.0,Freeship Extra,,https://www.shopee.vn/search?q=8932948978610,2026-07-03 04:44:35
88,Lazada,519000.0,26000.0,493000.0,,Combo mua 2 giảm 5%,https://www.lazada.vn/search?q=8932948978610,2026-07-03 04:44:35
88,TikTok Shop,523000.0,52000.0,471000.0,,,https://www.tiktokshop.vn/search?q=8932948978610,2026-07-03 04:44:35
88,GrabMart,624000.0,0.0,624000.0,,,https://www.grabmart.vn/search?q=8932948978610,2026-07-03 04:44:35
88,Pharmacity,557000.0,28000.0,529000.0,,,https://www.pharmacity.vn/search?q=8932948978610,2026-07-03 04:44:35
88,Shopee,537000.0,27000.0,510000.0,,,https://www.shopee.vn/search?q=8932948978610,2026-07-04 04:44:35
88,Lazada,486000.0,49000.0,437000.0,Voucher tích lũy,Combo mua 2 giảm 5%,https://www.lazada.vn/search?q=8932948978610,2026-07-04 04:44:35
88,TikTok Shop,489000.0,49000.0,420000.0,Voucher Livestream 20k,Flash Sale hàng hiệu,https://www.tiktokshop.vn/search?q=8932948978610,2026-07-04 04:44:35
88,GrabMart,574000.0,0.0,574000.0,,,https://www.grabmart.vn/search?q=8932948978610,2026-07-04 04:44:35
88,Pharmacity,553000.0,28000.0,525000.0,,,https://www.pharmacity.vn/search?q=8932948978610,2026-07-04 04:44:35
88,Shopee,489000.0,49000.0,440000.0,Freeship Extra,Flash Sale,https://www.shopee.vn/search?q=8932948978610,2026-07-05 04:44:35
88,Lazada,487000.0,49000.0,438000.0,,,https://www.lazada.vn/search?q=8932948978610,2026-07-05 04:44:35
88,TikTok Shop,533000.0,0.0,533000.0,,Flash Sale hàng hiệu,https://www.tiktokshop.vn/search?q=8932948978610,2026-07-05 04:44:35
88,GrabMart,596000.0,0.0,596000.0,,,https://www.grabmart.vn/search?q=8932948978610,2026-07-05 04:44:35
88,Pharmacity,544000.0,27000.0,517000.0,,,https://www.pharmacity.vn/search?q=8932948978610,2026-07-05 04:44:35
88,Shopee,494000.0,0.0,494000.0,,Flash Sale,https://www.shopee.vn/search?q=8932948978610,2026-07-06 04:44:35
88,Lazada,522000.0,26000.0,496000.0,Voucher tích lũy,,https://www.lazada.vn/search?q=8932948978610,2026-07-06 04:44:35
88,TikTok Shop,469000.0,70000.0,379000.0,Voucher Livestream 20k,Flash Sale hàng hiệu,https://www.tiktokshop.vn/search?q=8932948978610,2026-07-06 04:44:35
88,GrabMart,586000.0,0.0,586000.0,,,https://www.grabmart.vn/search?q=8932948978610,2026-07-06 04:44:35
88,Pharmacity,551000.0,28000.0,523000.0,,,https://www.pharmacity.vn/search?q=8932948978610,2026-07-06 04:44:35
89,Shopee,99000.0,5000.0,84000.0,Mã giảm 10k,,https://www.shopee.vn/search?q=8938591679546,2026-06-30 04:44:35
89,Lazada,101000.0,5000.0,96000.0,,Combo mua 2 giảm 5%,https://www.lazada.vn/search?q=8938591679546,2026-06-30 04:44:35
89,TikTok Shop,96000.0,0.0,76000.0,Voucher Livestream 20k,,https://www.tiktokshop.vn/search?q=8938591679546,2026-06-30 04:44:35
89,GrabMart,116000.0,0.0,116000.0,,,https://www.grabmart.vn/search?q=8938591679546,2026-06-30 04:44:35
89,Pharmacity,106000.0,0.0,106000.0,,,https://www.pharmacity.vn/search?q=8938591679546,2026-06-30 04:44:35
89,Shopee,91000.0,9000.0,82000.0,,Flash Sale,https://www.shopee.vn/search?q=8938591679546,2026-07-01 04:44:35
89,Lazada,98000.0,0.0,98000.0,,Combo mua 2 giảm 5%,https://www.lazada.vn/search?q=8938591679546,2026-07-01 04:44:35
89,TikTok Shop,90000.0,9000.0,81000.0,,,https://www.tiktokshop.vn/search?q=8938591679546,2026-07-01 04:44:35
89,GrabMart,120000.0,0.0,120000.0,,,https://www.grabmart.vn/search?q=8938591679546,2026-07-01 04:44:35
89,Pharmacity,106000.0,0.0,106000.0,,,https://www.pharmacity.vn/search?q=8938591679546,2026-07-01 04:44:35
89,Shopee,98000.0,0.0,88000.0,Mã giảm 10k,,https://www.shopee.vn/search?q=8938591679546,2026-07-02 04:44:35
89,Lazada,94000.0,5000.0,89000.0,,Combo mua 2 giảm 5%,https://www.lazada.vn/search?q=8938591679546,2026-07-02 04:44:35
89,TikTok Shop,95000.0,0.0,75000.0,Voucher Livestream 20k,Flash Sale hàng hiệu,https://www.tiktokshop.vn/search?q=8938591679546,2026-07-02 04:44:35
89,GrabMart,118000.0,0.0,118000.0,,,https://www.grabmart.vn/search?q=8938591679546,2026-07-02 04:44:35
89,Pharmacity,106000.0,5000.0,101000.0,,,https://www.pharmacity.vn/search?q=8938591679546,2026-07-02 04:44:35
89,Shopee,102000.0,10000.0,92000.0,Freeship Extra,,https://www.shopee.vn/search?q=8938591679546,2026-07-03 04:44:35
89,Lazada,103000.0,0.0,103000.0,Voucher tích lũy,,https://www.lazada.vn/search?q=8938591679546,2026-07-03 04:44:35
89,TikTok Shop,94000.0,0.0,74000.0,Voucher Livestream 20k,Flash Sale hàng hiệu,https://www.tiktokshop.vn/search?q=8938591679546,2026-07-03 04:44:35
89,GrabMart,109000.0,0.0,109000.0,,,https://www.grabmart.vn/search?q=8938591679546,2026-07-03 04:44:35
89,Pharmacity,109000.0,5000.0,104000.0,,,https://www.pharmacity.vn/search?q=8938591679546,2026-07-03 04:44:35
89,Shopee,100000.0,15000.0,75000.0,Mã giảm 10k,,https://www.shopee.vn/search?q=8938591679546,2026-07-04 04:44:35
89,Lazada,96000.0,5000.0,91000.0,Voucher tích lũy,Combo mua 2 giảm 5%,https://www.lazada.vn/search?q=8938591679546,2026-07-04 04:44:35
89,TikTok Shop,95000.0,10000.0,65000.0,Voucher Livestream 20k,Flash Sale hàng hiệu,https://www.tiktokshop.vn/search?q=8938591679546,2026-07-04 04:44:35
89,GrabMart,125000.0,0.0,125000.0,,,https://www.grabmart.vn/search?q=8938591679546,2026-07-04 04:44:35
89,Pharmacity,108000.0,0.0,108000.0,,,https://www.pharmacity.vn/search?q=8938591679546,2026-07-04 04:44:35
89,Shopee,107000.0,16000.0,91000.0,,,https://www.shopee.vn/search?q=8938591679546,2026-07-05 04:44:35
89,Lazada,102000.0,5000.0,97000.0,,Combo mua 2 giảm 5%,https://www.lazada.vn/search?q=8938591679546,2026-07-05 04:44:35
89,TikTok Shop,89000.0,13000.0,56000.0,Voucher Livestream 20k,,https://www.tiktokshop.vn/search?q=8938591679546,2026-07-05 04:44:35
89,GrabMart,121000.0,0.0,121000.0,,,https://www.grabmart.vn/search?q=8938591679546,2026-07-05 04:44:35
89,Pharmacity,108000.0,5000.0,103000.0,,,https://www.pharmacity.vn/search?q=8938591679546,2026-07-05 04:44:35
89,Shopee,102000.0,15000.0,87000.0,Freeship Extra,Flash Sale,https://www.shopee.vn/search?q=8938591679546,2026-07-06 04:44:35
89,Lazada,105000.0,0.0,105000.0,,Combo mua 2 giảm 5%,https://www.lazada.vn/search?q=8938591679546,2026-07-06 04:44:35
89,TikTok Shop,102000.0,15000.0,87000.0,,Flash Sale hàng hiệu,https://www.tiktokshop.vn/search?q=8938591679546,2026-07-06 04:44:35
89,GrabMart,118000.0,0.0,118000.0,,,https://www.grabmart.vn/search?q=8938591679546,2026-07-06 04:44:35
89,Pharmacity,111000.0,6000.0,105000.0,,,https://www.pharmacity.vn/search?q=8938591679546,2026-07-06 04:44:35
90,Shopee,122000.0,12000.0,110000.0,Freeship Extra,,https://www.shopee.vn/search?q=8939803828721,2026-06-30 04:44:35
90,Lazada,133000.0,13000.0,120000.0,,,https://www.lazada.vn/search?q=8939803828721,2026-06-30 04:44:35
90,TikTok Shop,113000.0,0.0,113000.0,,,https://www.tiktokshop.vn/search?q=8939803828721,2026-06-30 04:44:35
90,GrabMart,143000.0,0.0,143000.0,,,https://www.grabmart.vn/search?q=8939803828721,2026-06-30 04:44:35
90,Pharmacity,134000.0,0.0,134000.0,,,https://www.pharmacity.vn/search?q=8939803828721,2026-06-30 04:44:35
90,Shopee,134000.0,20000.0,104000.0,Mã giảm 10k,,https://www.shopee.vn/search?q=8939803828721,2026-07-01 04:44:35
90,Lazada,135000.0,7000.0,128000.0,Voucher tích lũy,Combo mua 2 giảm 5%,https://www.lazada.vn/search?q=8939803828721,2026-07-01 04:44:35
90,TikTok Shop,133000.0,0.0,113000.0,Voucher Livestream 20k,Flash Sale hàng hiệu,https://www.tiktokshop.vn/search?q=8939803828721,2026-07-01 04:44:35
90,GrabMart,157000.0,0.0,157000.0,,,https://www.grabmart.vn/search?q=8939803828721,2026-07-01 04:44:35
90,Pharmacity,139000.0,7000.0,132000.0,,,https://www.pharmacity.vn/search?q=8939803828721,2026-07-01 04:44:35
90,Shopee,119000.0,0.0,119000.0,,,https://www.shopee.vn/search?q=8939803828721,2026-07-02 04:44:35
90,Lazada,133000.0,13000.0,120000.0,,,https://www.lazada.vn/search?q=8939803828721,2026-07-02 04:44:35
90,TikTok Shop,123000.0,18000.0,105000.0,,Flash Sale hàng hiệu,https://www.tiktokshop.vn/search?q=8939803828721,2026-07-02 04:44:35
90,GrabMart,148000.0,0.0,148000.0,,,https://www.grabmart.vn/search?q=8939803828721,2026-07-02 04:44:35
90,Pharmacity,136000.0,0.0,136000.0,,,https://www.pharmacity.vn/search?q=8939803828721,2026-07-02 04:44:35
90,Shopee,137000.0,21000.0,106000.0,Mã giảm 10k,Flash Sale,https://www.shopee.vn/search?q=8939803828721,2026-07-03 04:44:35
90,Lazada,126000.0,13000.0,113000.0,,Combo mua 2 giảm 5%,https://www.lazada.vn/search?q=8939803828721,2026-07-03 04:44:35
90,TikTok Shop,120000.0,12000.0,108000.0,,,https://www.tiktokshop.vn/search?q=8939803828721,2026-07-03 04:44:35
90,GrabMart,144000.0,0.0,144000.0,,,https://www.grabmart.vn/search?q=8939803828721,2026-07-03 04:44:35
90,Pharmacity,135000.0,7000.0,128000.0,,,https://www.pharmacity.vn/search?q=8939803828721,2026-07-03 04:44:35
90,Shopee,116000.0,12000.0,104000.0,,Flash Sale,https://www.shopee.vn/search?q=8939803828721,2026-07-04 04:44:35
90,Lazada,120000.0,6000.0,114000.0,,Combo mua 2 giảm 5%,https://www.lazada.vn/search?q=8939803828721,2026-07-04 04:44:35
90,TikTok Shop,131000.0,13000.0,98000.0,Voucher Livestream 20k,,https://www.tiktokshop.vn/search?q=8939803828721,2026-07-04 04:44:35
90,GrabMart,159000.0,0.0,159000.0,,,https://www.grabmart.vn/search?q=8939803828721,2026-07-04 04:44:35
90,Pharmacity,137000.0,0.0,137000.0,,,https://www.pharmacity.vn/search?q=8939803828721,2026-07-04 04:44:35
90,Shopee,123000.0,18000.0,105000.0,Freeship Extra,,https://www.shopee.vn/search?q=8939803828721,2026-07-05 04:44:35
90,Lazada,122000.0,0.0,122000.0,Voucher tích lũy,Combo mua 2 giảm 5%,https://www.lazada.vn/search?q=8939803828721,2026-07-05 04:44:35
90,TikTok Shop,121000.0,0.0,101000.0,Voucher Livestream 20k,Flash Sale hàng hiệu,https://www.tiktokshop.vn/search?q=8939803828721,2026-07-05 04:44:35
90,GrabMart,158000.0,0.0,158000.0,,,https://www.grabmart.vn/search?q=8939803828721,2026-07-05 04:44:35
90,Pharmacity,134000.0,7000.0,127000.0,,,https://www.pharmacity.vn/search?q=8939803828721,2026-07-05 04:44:35
90,Shopee,124000.0,19000.0,105000.0,Freeship Extra,,https://www.shopee.vn/search?q=8939803828721,2026-07-06 04:44:35
90,Lazada,129000.0,13000.0,116000.0,Voucher tích lũy,,https://www.lazada.vn/search?q=8939803828721,2026-07-06 04:44:35
90,TikTok Shop,127000.0,19000.0,88000.0,Voucher Livestream 20k,Flash Sale hàng hiệu,https://www.tiktokshop.vn/search?q=8939803828721,2026-07-06 04:44:35
90,GrabMart,139000.0,0.0,139000.0,,,https://www.grabmart.vn/search?q=8939803828721,2026-07-06 04:44:35
90,Pharmacity,134000.0,0.0,134000.0,,,https://www.pharmacity.vn/search?q=8939803828721,2026-07-06 04:44:35
91,Shopee,143000.0,0.0,143000.0,,,https://www.shopee.vn/search?q=8937753312666,2026-06-30 04:44:35
91,Lazada,141000.0,7000.0,134000.0,,,https://www.lazada.vn/search?q=8937753312666,2026-06-30 04:44:35
91,TikTok Shop,131000.0,20000.0,91000.0,Voucher Livestream 20k,Flash Sale hàng hiệu,https://www.tiktokshop.vn/search?q=8937753312666,2026-06-30 04:44:35
91,GrabMart,156000.0,0.0,156000.0,,,https://www.grabmart.vn/search?q=8937753312666,2026-06-30 04:44:35
91,Pharmacity,155000.0,0.0,155000.0,,,https://www.pharmacity.vn/search?q=8937753312666,2026-06-30 04:44:35
91,Shopee,133000.0,20000.0,103000.0,Mã giảm 10k,Flash Sale,https://www.shopee.vn/search?q=8937753312666,2026-07-01 04:44:35
91,Lazada,137000.0,14000.0,123000.0,,Combo mua 2 giảm 5%,https://www.lazada.vn/search?q=8937753312666,2026-07-01 04:44:35
91,TikTok Shop,143000.0,0.0,143000.0,,,https://www.tiktokshop.vn/search?q=8937753312666,2026-07-01 04:44:35
91,GrabMart,168000.0,0.0,168000.0,,,https://www.grabmart.vn/search?q=8937753312666,2026-07-01 04:44:35
91,Pharmacity,155000.0,0.0,155000.0,,,https://www.pharmacity.vn/search?q=8937753312666,2026-07-01 04:44:35
91,Shopee,129000.0,6000.0,123000.0,,Flash Sale,https://www.shopee.vn/search?q=8937753312666,2026-07-02 04:44:35
91,Lazada,147000.0,15000.0,132000.0,,Combo mua 2 giảm 5%,https://www.lazada.vn/search?q=8937753312666,2026-07-02 04:44:35
91,TikTok Shop,128000.0,19000.0,89000.0,Voucher Livestream 20k,,https://www.tiktokshop.vn/search?q=8937753312666,2026-07-02 04:44:35
91,GrabMart,173000.0,0.0,173000.0,,,https://www.grabmart.vn/search?q=8937753312666,2026-07-02 04:44:35
91,Pharmacity,154000.0,8000.0,146000.0,,,https://www.pharmacity.vn/search?q=8937753312666,2026-07-02 04:44:35
91,Shopee,140000.0,14000.0,126000.0,Freeship Extra,,https://www.shopee.vn/search?q=8937753312666,2026-07-03 04:44:35
91,Lazada,147000.0,7000.0,140000.0,Voucher tích lũy,Combo mua 2 giảm 5%,https://www.lazada.vn/search?q=8937753312666,2026-07-03 04:44:35
91,TikTok Shop,145000.0,22000.0,123000.0,,,https://www.tiktokshop.vn/search?q=8937753312666,2026-07-03 04:44:35
91,GrabMart,172000.0,0.0,172000.0,,,https://www.grabmart.vn/search?q=8937753312666,2026-07-03 04:44:35
91,Pharmacity,151000.0,0.0,151000.0,,,https://www.pharmacity.vn/search?q=8937753312666,2026-07-03 04:44:35
91,Shopee,140000.0,0.0,140000.0,Freeship Extra,Flash Sale,https://www.shopee.vn/search?q=8937753312666,2026-07-04 04:44:35
91,Lazada,133000.0,7000.0,126000.0,Voucher tích lũy,Combo mua 2 giảm 5%,https://www.lazada.vn/search?q=8937753312666,2026-07-04 04:44:35
91,TikTok Shop,141000.0,0.0,141000.0,,Flash Sale hàng hiệu,https://www.tiktokshop.vn/search?q=8937753312666,2026-07-04 04:44:35
91,GrabMart,154000.0,0.0,154000.0,,,https://www.grabmart.vn/search?q=8937753312666,2026-07-04 04:44:35
91,Pharmacity,154000.0,8000.0,146000.0,,,https://www.pharmacity.vn/search?q=8937753312666,2026-07-04 04:44:35
91,Shopee,138000.0,0.0,138000.0,Freeship Extra,,https://www.shopee.vn/search?q=8937753312666,2026-07-05 04:44:35
91,Lazada,143000.0,7000.0,136000.0,,,https://www.lazada.vn/search?q=8937753312666,2026-07-05 04:44:35
91,TikTok Shop,132000.0,13000.0,119000.0,,Flash Sale hàng hiệu,https://www.tiktokshop.vn/search?q=8937753312666,2026-07-05 04:44:35
91,GrabMart,174000.0,0.0,174000.0,,,https://www.grabmart.vn/search?q=8937753312666,2026-07-05 04:44:35
91,Pharmacity,148000.0,0.0,148000.0,,,https://www.pharmacity.vn/search?q=8937753312666,2026-07-05 04:44:35
91,Shopee,141000.0,14000.0,127000.0,Freeship Extra,,https://www.shopee.vn/search?q=8937753312666,2026-07-06 04:44:35
91,Lazada,137000.0,0.0,137000.0,,Combo mua 2 giảm 5%,https://www.lazada.vn/search?q=8937753312666,2026-07-06 04:44:35
91,TikTok Shop,147000.0,15000.0,132000.0,,Flash Sale hàng hiệu,https://www.tiktokshop.vn/search?q=8937753312666,2026-07-06 04:44:35
91,GrabMart,176000.0,0.0,176000.0,,,https://www.grabmart.vn/search?q=8937753312666,2026-07-06 04:44:35
91,Pharmacity,151000.0,0.0,151000.0,,,https://www.pharmacity.vn/search?q=8937753312666,2026-07-06 04:44:35
92,Shopee,475000.0,0.0,475000.0,Freeship Extra,Flash Sale,https://www.shopee.vn/search?q=8933567430008,2026-06-30 04:44:35
92,Lazada,438000.0,22000.0,416000.0,,Combo mua 2 giảm 5%,https://www.lazada.vn/search?q=8933567430008,2026-06-30 04:44:35
92,TikTok Shop,462000.0,69000.0,393000.0,,,https://www.tiktokshop.vn/search?q=8933567430008,2026-06-30 04:44:35
92,GrabMart,536000.0,0.0,536000.0,,,https://www.grabmart.vn/search?q=8933567430008,2026-06-30 04:44:35
92,Pharmacity,518000.0,26000.0,492000.0,,,https://www.pharmacity.vn/search?q=8933567430008,2026-06-30 04:44:35
92,Shopee,448000.0,45000.0,393000.0,Mã giảm 10k,,https://www.shopee.vn/search?q=8933567430008,2026-07-01 04:44:35
92,Lazada,450000.0,0.0,450000.0,,,https://www.lazada.vn/search?q=8933567430008,2026-07-01 04:44:35
92,TikTok Shop,438000.0,66000.0,372000.0,,,https://www.tiktokshop.vn/search?q=8933567430008,2026-07-01 04:44:35
92,GrabMart,572000.0,0.0,572000.0,,,https://www.grabmart.vn/search?q=8933567430008,2026-07-01 04:44:35
92,Pharmacity,495000.0,0.0,495000.0,,,https://www.pharmacity.vn/search?q=8933567430008,2026-07-01 04:44:35
92,Shopee,426000.0,21000.0,395000.0,Mã giảm 10k,,https://www.shopee.vn/search?q=8933567430008,2026-07-02 04:44:35
92,Lazada,452000.0,23000.0,429000.0,Voucher tích lũy,,https://www.lazada.vn/search?q=8933567430008,2026-07-02 04:44:35
92,TikTok Shop,486000.0,0.0,466000.0,Voucher Livestream 20k,Flash Sale hàng hiệu,https://www.tiktokshop.vn/search?q=8933567430008,2026-07-02 04:44:35
92,GrabMart,554000.0,0.0,554000.0,,,https://www.grabmart.vn/search?q=8933567430008,2026-07-02 04:44:35
92,Pharmacity,509000.0,0.0,509000.0,,,https://www.pharmacity.vn/search?q=8933567430008,2026-07-02 04:44:35
92,Shopee,440000.0,22000.0,408000.0,Mã giảm 10k,Flash Sale,https://www.shopee.vn/search?q=8933567430008,2026-07-03 04:44:35
92,Lazada,490000.0,0.0,490000.0,Voucher tích lũy,Combo mua 2 giảm 5%,https://www.lazada.vn/search?q=8933567430008,2026-07-03 04:44:35
92,TikTok Shop,481000.0,72000.0,389000.0,Voucher Livestream 20k,,https://www.tiktokshop.vn/search?q=8933567430008,2026-07-03 04:44:35
92,GrabMart,544000.0,0.0,544000.0,,,https://www.grabmart.vn/search?q=8933567430008,2026-07-03 04:44:35
92,Pharmacity,495000.0,0.0,495000.0,,,https://www.pharmacity.vn/search?q=8933567430008,2026-07-03 04:44:35
92,Shopee,424000.0,64000.0,360000.0,Freeship Extra,Flash Sale,https://www.shopee.vn/search?q=8933567430008,2026-07-04 04:44:35
92,Lazada,452000.0,0.0,452000.0,,,https://www.lazada.vn/search?q=8933567430008,2026-07-04 04:44:35
92,TikTok Shop,429000.0,64000.0,365000.0,,,https://www.tiktokshop.vn/search?q=8933567430008,2026-07-04 04:44:35
92,GrabMart,531000.0,0.0,531000.0,,,https://www.grabmart.vn/search?q=8933567430008,2026-07-04 04:44:35
92,Pharmacity,515000.0,0.0,515000.0,,,https://www.pharmacity.vn/search?q=8933567430008,2026-07-04 04:44:35
92,Shopee,423000.0,21000.0,402000.0,Freeship Extra,Flash Sale,https://www.shopee.vn/search?q=8933567430008,2026-07-05 04:44:35
92,Lazada,475000.0,24000.0,451000.0,,,https://www.lazada.vn/search?q=8933567430008,2026-07-05 04:44:35
92,TikTok Shop,445000.0,0.0,425000.0,Voucher Livestream 20k,Flash Sale hàng hiệu,https://www.tiktokshop.vn/search?q=8933567430008,2026-07-05 04:44:35
92,GrabMart,549000.0,0.0,549000.0,,,https://www.grabmart.vn/search?q=8933567430008,2026-07-05 04:44:35
92,Pharmacity,496000.0,0.0,496000.0,,,https://www.pharmacity.vn/search?q=8933567430008,2026-07-05 04:44:35
92,Shopee,425000.0,64000.0,351000.0,Mã giảm 10k,,https://www.shopee.vn/search?q=8933567430008,2026-07-06 04:44:35
92,Lazada,488000.0,24000.0,464000.0,Voucher tích lũy,,https://www.lazada.vn/search?q=8933567430008,2026-07-06 04:44:35
92,TikTok Shop,423000.0,42000.0,381000.0,,Flash Sale hàng hiệu,https://www.tiktokshop.vn/search?q=8933567430008,2026-07-06 04:44:35
92,GrabMart,544000.0,0.0,544000.0,,,https://www.grabmart.vn/search?q=8933567430008,2026-07-06 04:44:35
92,Pharmacity,509000.0,0.0,509000.0,,,https://www.pharmacity.vn/search?q=8933567430008,2026-07-06 04:44:35
93,Shopee,147000.0,22000.0,125000.0,Freeship Extra,Flash Sale,https://www.shopee.vn/search?q=8935493059667,2026-06-30 04:44:35
93,Lazada,147000.0,15000.0,132000.0,Voucher tích lũy,Combo mua 2 giảm 5%,https://www.lazada.vn/search?q=8935493059667,2026-06-30 04:44:35
93,TikTok Shop,136000.0,20000.0,96000.0,Voucher Livestream 20k,,https://www.tiktokshop.vn/search?q=8935493059667,2026-06-30 04:44:35
93,GrabMart,175000.0,0.0,175000.0,,,https://www.grabmart.vn/search?q=8935493059667,2026-06-30 04:44:35
93,Pharmacity,152000.0,0.0,152000.0,,,https://www.pharmacity.vn/search?q=8935493059667,2026-06-30 04:44:35
93,Shopee,130000.0,0.0,120000.0,Mã giảm 10k,Flash Sale,https://www.shopee.vn/search?q=8935493059667,2026-07-01 04:44:35
93,Lazada,133000.0,0.0,133000.0,Voucher tích lũy,Combo mua 2 giảm 5%,https://www.lazada.vn/search?q=8935493059667,2026-07-01 04:44:35
93,TikTok Shop,136000.0,0.0,116000.0,Voucher Livestream 20k,Flash Sale hàng hiệu,https://www.tiktokshop.vn/search?q=8935493059667,2026-07-01 04:44:35
93,GrabMart,158000.0,0.0,158000.0,,,https://www.grabmart.vn/search?q=8935493059667,2026-07-01 04:44:35
93,Pharmacity,150000.0,0.0,150000.0,,,https://www.pharmacity.vn/search?q=8935493059667,2026-07-01 04:44:35
93,Shopee,130000.0,13000.0,107000.0,Mã giảm 10k,,https://www.shopee.vn/search?q=8935493059667,2026-07-02 04:44:35
93,Lazada,140000.0,0.0,140000.0,Voucher tích lũy,,https://www.lazada.vn/search?q=8935493059667,2026-07-02 04:44:35
93,TikTok Shop,134000.0,13000.0,101000.0,Voucher Livestream 20k,,https://www.tiktokshop.vn/search?q=8935493059667,2026-07-02 04:44:35
93,GrabMart,161000.0,0.0,161000.0,,,https://www.grabmart.vn/search?q=8935493059667,2026-07-02 04:44:35
93,Pharmacity,153000.0,0.0,153000.0,,,https://www.pharmacity.vn/search?q=8935493059667,2026-07-02 04:44:35
93,Shopee,134000.0,13000.0,121000.0,,Flash Sale,https://www.shopee.vn/search?q=8935493059667,2026-07-03 04:44:35
93,Lazada,135000.0,7000.0,128000.0,Voucher tích lũy,Combo mua 2 giảm 5%,https://www.lazada.vn/search?q=8935493059667,2026-07-03 04:44:35
93,TikTok Shop,126000.0,19000.0,107000.0,,,https://www.tiktokshop.vn/search?q=8935493059667,2026-07-03 04:44:35
93,GrabMart,173000.0,0.0,173000.0,,,https://www.grabmart.vn/search?q=8935493059667,2026-07-03 04:44:35
93,Pharmacity,154000.0,0.0,154000.0,,,https://www.pharmacity.vn/search?q=8935493059667,2026-07-03 04:44:35
93,Shopee,130000.0,0.0,130000.0,,Flash Sale,https://www.shopee.vn/search?q=8935493059667,2026-07-04 04:44:35
93,Lazada,142000.0,0.0,142000.0,,,https://www.lazada.vn/search?q=8935493059667,2026-07-04 04:44:35
93,TikTok Shop,146000.0,15000.0,111000.0,Voucher Livestream 20k,,https://www.tiktokshop.vn/search?q=8935493059667,2026-07-04 04:44:35
93,GrabMart,168000.0,0.0,168000.0,,,https://www.grabmart.vn/search?q=8935493059667,2026-07-04 04:44:35
93,Pharmacity,156000.0,8000.0,148000.0,,,https://www.pharmacity.vn/search?q=8935493059667,2026-07-04 04:44:35
93,Shopee,140000.0,0.0,140000.0,Freeship Extra,,https://www.shopee.vn/search?q=8935493059667,2026-07-05 04:44:35
93,Lazada,138000.0,0.0,138000.0,Voucher tích lũy,,https://www.lazada.vn/search?q=8935493059667,2026-07-05 04:44:35
93,TikTok Shop,135000.0,0.0,135000.0,,Flash Sale hàng hiệu,https://www.tiktokshop.vn/search?q=8935493059667,2026-07-05 04:44:35
93,GrabMart,165000.0,0.0,165000.0,,,https://www.grabmart.vn/search?q=8935493059667,2026-07-05 04:44:35
93,Pharmacity,156000.0,8000.0,148000.0,,,https://www.pharmacity.vn/search?q=8935493059667,2026-07-05 04:44:35
93,Shopee,129000.0,19000.0,100000.0,Mã giảm 10k,,https://www.shopee.vn/search?q=8935493059667,2026-07-06 04:44:35
93,Lazada,132000.0,13000.0,119000.0,Voucher tích lũy,Combo mua 2 giảm 5%,https://www.lazada.vn/search?q=8935493059667,2026-07-06 04:44:35
93,TikTok Shop,146000.0,22000.0,104000.0,Voucher Livestream 20k,Flash Sale hàng hiệu,https://www.tiktokshop.vn/search?q=8935493059667,2026-07-06 04:44:35
93,GrabMart,175000.0,0.0,175000.0,,,https://www.grabmart.vn/search?q=8935493059667,2026-07-06 04:44:35
93,Pharmacity,150000.0,0.0,150000.0,,,https://www.pharmacity.vn/search?q=8935493059667,2026-07-06 04:44:35
94,Shopee,417000.0,63000.0,354000.0,Freeship Extra,,https://www.shopee.vn/search?q=8932901935889,2026-06-30 04:44:35
94,Lazada,399000.0,0.0,399000.0,Voucher tích lũy,,https://www.lazada.vn/search?q=8932901935889,2026-06-30 04:44:35
94,TikTok Shop,405000.0,0.0,385000.0,Voucher Livestream 20k,,https://www.tiktokshop.vn/search?q=8932901935889,2026-06-30 04:44:35
94,GrabMart,478000.0,0.0,478000.0,,,https://www.grabmart.vn/search?q=8932901935889,2026-06-30 04:44:35
94,Pharmacity,424000.0,0.0,424000.0,,,https://www.pharmacity.vn/search?q=8932901935889,2026-06-30 04:44:35
94,Shopee,394000.0,59000.0,325000.0,Mã giảm 10k,Flash Sale,https://www.shopee.vn/search?q=8932901935889,2026-07-01 04:44:35
94,Lazada,375000.0,38000.0,337000.0,Voucher tích lũy,,https://www.lazada.vn/search?q=8932901935889,2026-07-01 04:44:35
94,TikTok Shop,362000.0,36000.0,326000.0,,Flash Sale hàng hiệu,https://www.tiktokshop.vn/search?q=8932901935889,2026-07-01 04:44:35
94,GrabMart,442000.0,0.0,442000.0,,,https://www.grabmart.vn/search?q=8932901935889,2026-07-01 04:44:35
94,Pharmacity,437000.0,0.0,437000.0,,,https://www.pharmacity.vn/search?q=8932901935889,2026-07-01 04:44:35
94,Shopee,383000.0,57000.0,316000.0,Mã giảm 10k,,https://www.shopee.vn/search?q=8932901935889,2026-07-02 04:44:35
94,Lazada,383000.0,38000.0,345000.0,,Combo mua 2 giảm 5%,https://www.lazada.vn/search?q=8932901935889,2026-07-02 04:44:35
94,TikTok Shop,384000.0,58000.0,326000.0,,Flash Sale hàng hiệu,https://www.tiktokshop.vn/search?q=8932901935889,2026-07-02 04:44:35
94,GrabMart,474000.0,0.0,474000.0,,,https://www.grabmart.vn/search?q=8932901935889,2026-07-02 04:44:35
94,Pharmacity,415000.0,0.0,415000.0,,,https://www.pharmacity.vn/search?q=8932901935889,2026-07-02 04:44:35
94,Shopee,416000.0,21000.0,385000.0,Mã giảm 10k,,https://www.shopee.vn/search?q=8932901935889,2026-07-03 04:44:35
94,Lazada,396000.0,20000.0,376000.0,Voucher tích lũy,Combo mua 2 giảm 5%,https://www.lazada.vn/search?q=8932901935889,2026-07-03 04:44:35
94,TikTok Shop,348000.0,35000.0,293000.0,Voucher Livestream 20k,,https://www.tiktokshop.vn/search?q=8932901935889,2026-07-03 04:44:35
94,GrabMart,460000.0,0.0,460000.0,,,https://www.grabmart.vn/search?q=8932901935889,2026-07-03 04:44:35
94,Pharmacity,427000.0,0.0,427000.0,,,https://www.pharmacity.vn/search?q=8932901935889,2026-07-03 04:44:35
94,Shopee,414000.0,62000.0,352000.0,,,https://www.shopee.vn/search?q=8932901935889,2026-07-04 04:44:35
94,Lazada,372000.0,19000.0,353000.0,Voucher tích lũy,,https://www.lazada.vn/search?q=8932901935889,2026-07-04 04:44:35
94,TikTok Shop,349000.0,0.0,329000.0,Voucher Livestream 20k,,https://www.tiktokshop.vn/search?q=8932901935889,2026-07-04 04:44:35
94,GrabMart,468000.0,0.0,468000.0,,,https://www.grabmart.vn/search?q=8932901935889,2026-07-04 04:44:35
94,Pharmacity,437000.0,0.0,437000.0,,,https://www.pharmacity.vn/search?q=8932901935889,2026-07-04 04:44:35
94,Shopee,388000.0,58000.0,320000.0,Mã giảm 10k,Flash Sale,https://www.shopee.vn/search?q=8932901935889,2026-07-05 04:44:35
94,Lazada,372000.0,37000.0,335000.0,,Combo mua 2 giảm 5%,https://www.lazada.vn/search?q=8932901935889,2026-07-05 04:44:35
94,TikTok Shop,348000.0,35000.0,313000.0,,,https://www.tiktokshop.vn/search?q=8932901935889,2026-07-05 04:44:35
94,GrabMart,426000.0,0.0,426000.0,,,https://www.grabmart.vn/search?q=8932901935889,2026-07-05 04:44:35
94,Pharmacity,435000.0,22000.0,413000.0,,,https://www.pharmacity.vn/search?q=8932901935889,2026-07-05 04:44:35
94,Shopee,415000.0,62000.0,353000.0,Freeship Extra,Flash Sale,https://www.shopee.vn/search?q=8932901935889,2026-07-06 04:44:35
94,Lazada,380000.0,19000.0,361000.0,,,https://www.lazada.vn/search?q=8932901935889,2026-07-06 04:44:35
94,TikTok Shop,389000.0,58000.0,331000.0,,,https://www.tiktokshop.vn/search?q=8932901935889,2026-07-06 04:44:35
94,GrabMart,482000.0,0.0,482000.0,,,https://www.grabmart.vn/search?q=8932901935889,2026-07-06 04:44:35
94,Pharmacity,426000.0,21000.0,405000.0,,,https://www.pharmacity.vn/search?q=8932901935889,2026-07-06 04:44:35
95,Shopee,55000.0,8000.0,37000.0,Mã giảm 10k,,https://www.shopee.vn/search?q=8932894134757,2026-06-30 04:44:35
95,Lazada,61000.0,0.0,61000.0,,Combo mua 2 giảm 5%,https://www.lazada.vn/search?q=8932894134757,2026-06-30 04:44:35
95,TikTok Shop,56000.0,8000.0,28000.0,Voucher Livestream 20k,,https://www.tiktokshop.vn/search?q=8932894134757,2026-06-30 04:44:35
95,GrabMart,66000.0,0.0,66000.0,,,https://www.grabmart.vn/search?q=8932894134757,2026-06-30 04:44:35
95,Pharmacity,61000.0,3000.0,58000.0,,,https://www.pharmacity.vn/search?q=8932894134757,2026-06-30 04:44:35
95,Shopee,55000.0,8000.0,47000.0,,,https://www.shopee.vn/search?q=8932894134757,2026-07-01 04:44:35
95,Lazada,56000.0,3000.0,53000.0,,,https://www.lazada.vn/search?q=8932894134757,2026-07-01 04:44:35
95,TikTok Shop,57000.0,0.0,57000.0,,,https://www.tiktokshop.vn/search?q=8932894134757,2026-07-01 04:44:35
95,GrabMart,68000.0,0.0,68000.0,,,https://www.grabmart.vn/search?q=8932894134757,2026-07-01 04:44:35
95,Pharmacity,63000.0,0.0,63000.0,,,https://www.pharmacity.vn/search?q=8932894134757,2026-07-01 04:44:35
95,Shopee,53000.0,0.0,53000.0,Freeship Extra,,https://www.shopee.vn/search?q=8932894134757,2026-07-02 04:44:35
95,Lazada,54000.0,0.0,54000.0,Voucher tích lũy,,https://www.lazada.vn/search?q=8932894134757,2026-07-02 04:44:35
95,TikTok Shop,53000.0,8000.0,25000.0,Voucher Livestream 20k,Flash Sale hàng hiệu,https://www.tiktokshop.vn/search?q=8932894134757,2026-07-02 04:44:35
95,GrabMart,68000.0,0.0,68000.0,,,https://www.grabmart.vn/search?q=8932894134757,2026-07-02 04:44:35
95,Pharmacity,64000.0,3000.0,61000.0,,,https://www.pharmacity.vn/search?q=8932894134757,2026-07-02 04:44:35
95,Shopee,62000.0,0.0,52000.0,Mã giảm 10k,Flash Sale,https://www.shopee.vn/search?q=8932894134757,2026-07-03 04:44:35
95,Lazada,58000.0,0.0,58000.0,,Combo mua 2 giảm 5%,https://www.lazada.vn/search?q=8932894134757,2026-07-03 04:44:35
95,TikTok Shop,58000.0,0.0,38000.0,Voucher Livestream 20k,,https://www.tiktokshop.vn/search?q=8932894134757,2026-07-03 04:44:35
95,GrabMart,70000.0,0.0,70000.0,,,https://www.grabmart.vn/search?q=8932894134757,2026-07-03 04:44:35
95,Pharmacity,61000.0,0.0,61000.0,,,https://www.pharmacity.vn/search?q=8932894134757,2026-07-03 04:44:35
95,Shopee,56000.0,6000.0,40000.0,Mã giảm 10k,Flash Sale,https://www.shopee.vn/search?q=8932894134757,2026-07-04 04:44:35
95,Lazada,59000.0,6000.0,53000.0,,Combo mua 2 giảm 5%,https://www.lazada.vn/search?q=8932894134757,2026-07-04 04:44:35
95,TikTok Shop,59000.0,0.0,39000.0,Voucher Livestream 20k,,https://www.tiktokshop.vn/search?q=8932894134757,2026-07-04 04:44:35
95,GrabMart,72000.0,0.0,72000.0,,,https://www.grabmart.vn/search?q=8932894134757,2026-07-04 04:44:35
95,Pharmacity,64000.0,3000.0,61000.0,,,https://www.pharmacity.vn/search?q=8932894134757,2026-07-04 04:44:35
95,Shopee,54000.0,0.0,54000.0,Freeship Extra,,https://www.shopee.vn/search?q=8932894134757,2026-07-05 04:44:35
95,Lazada,56000.0,6000.0,50000.0,Voucher tích lũy,,https://www.lazada.vn/search?q=8932894134757,2026-07-05 04:44:35
95,TikTok Shop,57000.0,6000.0,31000.0,Voucher Livestream 20k,,https://www.tiktokshop.vn/search?q=8932894134757,2026-07-05 04:44:35
95,GrabMart,67000.0,0.0,67000.0,,,https://www.grabmart.vn/search?q=8932894134757,2026-07-05 04:44:35
95,Pharmacity,61000.0,3000.0,58000.0,,,https://www.pharmacity.vn/search?q=8932894134757,2026-07-05 04:44:35
95,Shopee,55000.0,3000.0,52000.0,Freeship Extra,,https://www.shopee.vn/search?q=8932894134757,2026-07-06 04:44:35
95,Lazada,61000.0,6000.0,55000.0,,,https://www.lazada.vn/search?q=8932894134757,2026-07-06 04:44:35
95,TikTok Shop,55000.0,6000.0,49000.0,,,https://www.tiktokshop.vn/search?q=8932894134757,2026-07-06 04:44:35
95,GrabMart,63000.0,0.0,63000.0,,,https://www.grabmart.vn/search?q=8932894134757,2026-07-06 04:44:35
95,Pharmacity,64000.0,3000.0,61000.0,,,https://www.pharmacity.vn/search?q=8932894134757,2026-07-06 04:44:35
96,Shopee,212000.0,11000.0,201000.0,,Flash Sale,https://www.shopee.vn/search?q=8932434776959,2026-06-30 04:44:35
96,Lazada,220000.0,11000.0,209000.0,Voucher tích lũy,,https://www.lazada.vn/search?q=8932434776959,2026-06-30 04:44:35
96,TikTok Shop,219000.0,0.0,219000.0,,Flash Sale hàng hiệu,https://www.tiktokshop.vn/search?q=8932434776959,2026-06-30 04:44:35
96,GrabMart,277000.0,0.0,277000.0,,,https://www.grabmart.vn/search?q=8932434776959,2026-06-30 04:44:35
96,Pharmacity,244000.0,12000.0,232000.0,,,https://www.pharmacity.vn/search?q=8932434776959,2026-06-30 04:44:35
96,Shopee,228000.0,11000.0,207000.0,Mã giảm 10k,Flash Sale,https://www.shopee.vn/search?q=8932434776959,2026-07-01 04:44:35
96,Lazada,226000.0,23000.0,203000.0,,,https://www.lazada.vn/search?q=8932434776959,2026-07-01 04:44:35
96,TikTok Shop,205000.0,31000.0,174000.0,,Flash Sale hàng hiệu,https://www.tiktokshop.vn/search?q=8932434776959,2026-07-01 04:44:35
96,GrabMart,242000.0,0.0,242000.0,,,https://www.grabmart.vn/search?q=8932434776959,2026-07-01 04:44:35
96,Pharmacity,245000.0,12000.0,233000.0,,,https://www.pharmacity.vn/search?q=8932434776959,2026-07-01 04:44:35
96,Shopee,227000.0,34000.0,183000.0,Mã giảm 10k,Flash Sale,https://www.shopee.vn/search?q=8932434776959,2026-07-02 04:44:35
96,Lazada,220000.0,11000.0,209000.0,,Combo mua 2 giảm 5%,https://www.lazada.vn/search?q=8932434776959,2026-07-02 04:44:35
96,TikTok Shop,212000.0,0.0,192000.0,Voucher Livestream 20k,,https://www.tiktokshop.vn/search?q=8932434776959,2026-07-02 04:44:35
96,GrabMart,252000.0,0.0,252000.0,,,https://www.grabmart.vn/search?q=8932434776959,2026-07-02 04:44:35
96,Pharmacity,239000.0,0.0,239000.0,,,https://www.pharmacity.vn/search?q=8932434776959,2026-07-02 04:44:35
96,Shopee,222000.0,0.0,222000.0,Freeship Extra,Flash Sale,https://www.shopee.vn/search?q=8932434776959,2026-07-03 04:44:35
96,Lazada,212000.0,21000.0,191000.0,,,https://www.lazada.vn/search?q=8932434776959,2026-07-03 04:44:35
96,TikTok Shop,225000.0,0.0,205000.0,Voucher Livestream 20k,Flash Sale hàng hiệu,https://www.tiktokshop.vn/search?q=8932434776959,2026-07-03 04:44:35
96,GrabMart,269000.0,0.0,269000.0,,,https://www.grabmart.vn/search?q=8932434776959,2026-07-03 04:44:35
96,Pharmacity,242000.0,0.0,242000.0,,,https://www.pharmacity.vn/search?q=8932434776959,2026-07-03 04:44:35
96,Shopee,221000.0,22000.0,199000.0,Freeship Extra,,https://www.shopee.vn/search?q=8932434776959,2026-07-04 04:44:35
96,Lazada,237000.0,24000.0,213000.0,Voucher tích lũy,,https://www.lazada.vn/search?q=8932434776959,2026-07-04 04:44:35
96,TikTok Shop,205000.0,0.0,185000.0,Voucher Livestream 20k,Flash Sale hàng hiệu,https://www.tiktokshop.vn/search?q=8932434776959,2026-07-04 04:44:35
96,GrabMart,256000.0,0.0,256000.0,,,https://www.grabmart.vn/search?q=8932434776959,2026-07-04 04:44:35
96,Pharmacity,242000.0,0.0,242000.0,,,https://www.pharmacity.vn/search?q=8932434776959,2026-07-04 04:44:35
96,Shopee,237000.0,0.0,237000.0,,,https://www.shopee.vn/search?q=8932434776959,2026-07-05 04:44:35
96,Lazada,223000.0,11000.0,212000.0,,,https://www.lazada.vn/search?q=8932434776959,2026-07-05 04:44:35
96,TikTok Shop,205000.0,0.0,205000.0,,,https://www.tiktokshop.vn/search?q=8932434776959,2026-07-05 04:44:35
96,GrabMart,241000.0,0.0,241000.0,,,https://www.grabmart.vn/search?q=8932434776959,2026-07-05 04:44:35
96,Pharmacity,245000.0,12000.0,233000.0,,,https://www.pharmacity.vn/search?q=8932434776959,2026-07-05 04:44:35
96,Shopee,226000.0,11000.0,215000.0,Freeship Extra,Flash Sale,https://www.shopee.vn/search?q=8932434776959,2026-07-06 04:44:35
96,Lazada,233000.0,0.0,233000.0,,Combo mua 2 giảm 5%,https://www.lazada.vn/search?q=8932434776959,2026-07-06 04:44:35
96,TikTok Shop,194000.0,29000.0,165000.0,,,https://www.tiktokshop.vn/search?q=8932434776959,2026-07-06 04:44:35
96,GrabMart,268000.0,0.0,268000.0,,,https://www.grabmart.vn/search?q=8932434776959,2026-07-06 04:44:35
96,Pharmacity,246000.0,0.0,246000.0,,,https://www.pharmacity.vn/search?q=8932434776959,2026-07-06 04:44:35
97,Shopee,71000.0,4000.0,57000.0,Mã giảm 10k,Flash Sale,https://www.shopee.vn/search?q=8930447314977,2026-06-30 04:44:35
97,Lazada,73000.0,7000.0,66000.0,,Combo mua 2 giảm 5%,https://www.lazada.vn/search?q=8930447314977,2026-06-30 04:44:35
97,TikTok Shop,63000.0,6000.0,37000.0,Voucher Livestream 20k,Flash Sale hàng hiệu,https://www.tiktokshop.vn/search?q=8930447314977,2026-06-30 04:44:35
97,GrabMart,88000.0,0.0,88000.0,,,https://www.grabmart.vn/search?q=8930447314977,2026-06-30 04:44:35
97,Pharmacity,80000.0,4000.0,76000.0,,,https://www.pharmacity.vn/search?q=8930447314977,2026-06-30 04:44:35
97,Shopee,68000.0,0.0,58000.0,Mã giảm 10k,,https://www.shopee.vn/search?q=8930447314977,2026-07-01 04:44:35
97,Lazada,72000.0,4000.0,68000.0,,Combo mua 2 giảm 5%,https://www.lazada.vn/search?q=8930447314977,2026-07-01 04:44:35
97,TikTok Shop,67000.0,10000.0,57000.0,,,https://www.tiktokshop.vn/search?q=8930447314977,2026-07-01 04:44:35
97,GrabMart,85000.0,0.0,85000.0,,,https://www.grabmart.vn/search?q=8930447314977,2026-07-01 04:44:35
97,Pharmacity,77000.0,4000.0,73000.0,,,https://www.pharmacity.vn/search?q=8930447314977,2026-07-01 04:44:35
97,Shopee,73000.0,0.0,73000.0,,Flash Sale,https://www.shopee.vn/search?q=8930447314977,2026-07-02 04:44:35
97,Lazada,74000.0,4000.0,70000.0,,,https://www.lazada.vn/search?q=8930447314977,2026-07-02 04:44:35
97,TikTok Shop,73000.0,7000.0,46000.0,Voucher Livestream 20k,Flash Sale hàng hiệu,https://www.tiktokshop.vn/search?q=8930447314977,2026-07-02 04:44:35
97,GrabMart,88000.0,0.0,88000.0,,,https://www.grabmart.vn/search?q=8930447314977,2026-07-02 04:44:35
97,Pharmacity,80000.0,0.0,80000.0,,,https://www.pharmacity.vn/search?q=8930447314977,2026-07-02 04:44:35
97,Shopee,70000.0,10000.0,60000.0,,Flash Sale,https://www.shopee.vn/search?q=8930447314977,2026-07-03 04:44:35
97,Lazada,74000.0,7000.0,67000.0,Voucher tích lũy,Combo mua 2 giảm 5%,https://www.lazada.vn/search?q=8930447314977,2026-07-03 04:44:35
97,TikTok Shop,67000.0,10000.0,57000.0,,Flash Sale hàng hiệu,https://www.tiktokshop.vn/search?q=8930447314977,2026-07-03 04:44:35
97,GrabMart,84000.0,0.0,84000.0,,,https://www.grabmart.vn/search?q=8930447314977,2026-07-03 04:44:35
97,Pharmacity,79000.0,0.0,79000.0,,,https://www.pharmacity.vn/search?q=8930447314977,2026-07-03 04:44:35
97,Shopee,77000.0,12000.0,65000.0,Freeship Extra,,https://www.shopee.vn/search?q=8930447314977,2026-07-04 04:44:35
97,Lazada,72000.0,0.0,72000.0,,,https://www.lazada.vn/search?q=8930447314977,2026-07-04 04:44:35
97,TikTok Shop,65000.0,6000.0,59000.0,,,https://www.tiktokshop.vn/search?q=8930447314977,2026-07-04 04:44:35
97,GrabMart,89000.0,0.0,89000.0,,,https://www.grabmart.vn/search?q=8930447314977,2026-07-04 04:44:35
97,Pharmacity,79000.0,4000.0,75000.0,,,https://www.pharmacity.vn/search?q=8930447314977,2026-07-04 04:44:35
97,Shopee,67000.0,10000.0,47000.0,Mã giảm 10k,,https://www.shopee.vn/search?q=8930447314977,2026-07-05 04:44:35
97,Lazada,71000.0,4000.0,67000.0,Voucher tích lũy,Combo mua 2 giảm 5%,https://www.lazada.vn/search?q=8930447314977,2026-07-05 04:44:35
97,TikTok Shop,70000.0,10000.0,40000.0,Voucher Livestream 20k,,https://www.tiktokshop.vn/search?q=8930447314977,2026-07-05 04:44:35
97,GrabMart,80000.0,0.0,80000.0,,,https://www.grabmart.vn/search?q=8930447314977,2026-07-05 04:44:35
97,Pharmacity,79000.0,0.0,79000.0,,,https://www.pharmacity.vn/search?q=8930447314977,2026-07-05 04:44:35
97,Shopee,76000.0,8000.0,68000.0,Freeship Extra,Flash Sale,https://www.shopee.vn/search?q=8930447314977,2026-07-06 04:44:35
97,Lazada,72000.0,0.0,72000.0,Voucher tích lũy,,https://www.lazada.vn/search?q=8930447314977,2026-07-06 04:44:35
97,TikTok Shop,65000.0,10000.0,35000.0,Voucher Livestream 20k,,https://www.tiktokshop.vn/search?q=8930447314977,2026-07-06 04:44:35
97,GrabMart,82000.0,0.0,82000.0,,,https://www.grabmart.vn/search?q=8930447314977,2026-07-06 04:44:35
97,Pharmacity,77000.0,4000.0,73000.0,,,https://www.pharmacity.vn/search?q=8930447314977,2026-07-06 04:44:35
98,Shopee,274000.0,14000.0,250000.0,Mã giảm 10k,,https://www.shopee.vn/search?q=8933318751093,2026-06-30 04:44:35
98,Lazada,317000.0,16000.0,301000.0,Voucher tích lũy,Combo mua 2 giảm 5%,https://www.lazada.vn/search?q=8933318751093,2026-06-30 04:44:35
98,TikTok Shop,291000.0,29000.0,242000.0,Voucher Livestream 20k,Flash Sale hàng hiệu,https://www.tiktokshop.vn/search?q=8933318751093,2026-06-30 04:44:35
98,GrabMart,371000.0,0.0,371000.0,,,https://www.grabmart.vn/search?q=8933318751093,2026-06-30 04:44:35
98,Pharmacity,326000.0,0.0,326000.0,,,https://www.pharmacity.vn/search?q=8933318751093,2026-06-30 04:44:35
98,Shopee,275000.0,14000.0,261000.0,,,https://www.shopee.vn/search?q=8933318751093,2026-07-01 04:44:35
98,Lazada,291000.0,15000.0,276000.0,,,https://www.lazada.vn/search?q=8933318751093,2026-07-01 04:44:35
98,TikTok Shop,302000.0,45000.0,237000.0,Voucher Livestream 20k,Flash Sale hàng hiệu,https://www.tiktokshop.vn/search?q=8933318751093,2026-07-01 04:44:35
98,GrabMart,353000.0,0.0,353000.0,,,https://www.grabmart.vn/search?q=8933318751093,2026-07-01 04:44:35
98,Pharmacity,332000.0,17000.0,315000.0,,,https://www.pharmacity.vn/search?q=8933318751093,2026-07-01 04:44:35
98,Shopee,321000.0,48000.0,273000.0,,,https://www.shopee.vn/search?q=8933318751093,2026-07-02 04:44:35
98,Lazada,280000.0,0.0,280000.0,,,https://www.lazada.vn/search?q=8933318751093,2026-07-02 04:44:35
98,TikTok Shop,309000.0,46000.0,263000.0,,,https://www.tiktokshop.vn/search?q=8933318751093,2026-07-02 04:44:35
98,GrabMart,331000.0,0.0,331000.0,,,https://www.grabmart.vn/search?q=8933318751093,2026-07-02 04:44:35
98,Pharmacity,333000.0,17000.0,316000.0,,,https://www.pharmacity.vn/search?q=8933318751093,2026-07-02 04:44:35
98,Shopee,275000.0,0.0,275000.0,,Flash Sale,https://www.shopee.vn/search?q=8933318751093,2026-07-03 04:44:35
98,Lazada,297000.0,15000.0,282000.0,Voucher tích lũy,Combo mua 2 giảm 5%,https://www.lazada.vn/search?q=8933318751093,2026-07-03 04:44:35
98,TikTok Shop,287000.0,0.0,287000.0,,Flash Sale hàng hiệu,https://www.tiktokshop.vn/search?q=8933318751093,2026-07-03 04:44:35
98,GrabMart,342000.0,0.0,342000.0,,,https://www.grabmart.vn/search?q=8933318751093,2026-07-03 04:44:35
98,Pharmacity,322000.0,16000.0,306000.0,,,https://www.pharmacity.vn/search?q=8933318751093,2026-07-03 04:44:35
98,Shopee,289000.0,29000.0,260000.0,Freeship Extra,,https://www.shopee.vn/search?q=8933318751093,2026-07-04 04:44:35
98,Lazada,315000.0,0.0,315000.0,,Combo mua 2 giảm 5%,https://www.lazada.vn/search?q=8933318751093,2026-07-04 04:44:35
98,TikTok Shop,298000.0,30000.0,248000.0,Voucher Livestream 20k,Flash Sale hàng hiệu,https://www.tiktokshop.vn/search?q=8933318751093,2026-07-04 04:44:35
98,GrabMart,359000.0,0.0,359000.0,,,https://www.grabmart.vn/search?q=8933318751093,2026-07-04 04:44:35
98,Pharmacity,319000.0,0.0,319000.0,,,https://www.pharmacity.vn/search?q=8933318751093,2026-07-04 04:44:35
98,Shopee,300000.0,45000.0,255000.0,Freeship Extra,Flash Sale,https://www.shopee.vn/search?q=8933318751093,2026-07-05 04:44:35
98,Lazada,287000.0,14000.0,273000.0,Voucher tích lũy,Combo mua 2 giảm 5%,https://www.lazada.vn/search?q=8933318751093,2026-07-05 04:44:35
98,TikTok Shop,299000.0,0.0,299000.0,,Flash Sale hàng hiệu,https://www.tiktokshop.vn/search?q=8933318751093,2026-07-05 04:44:35
98,GrabMart,342000.0,0.0,342000.0,,,https://www.grabmart.vn/search?q=8933318751093,2026-07-05 04:44:35
98,Pharmacity,334000.0,0.0,334000.0,,,https://www.pharmacity.vn/search?q=8933318751093,2026-07-05 04:44:35
98,Shopee,281000.0,28000.0,253000.0,Freeship Extra,,https://www.shopee.vn/search?q=8933318751093,2026-07-06 04:44:35
98,Lazada,281000.0,14000.0,267000.0,Voucher tích lũy,,https://www.lazada.vn/search?q=8933318751093,2026-07-06 04:44:35
98,TikTok Shop,308000.0,31000.0,277000.0,,Flash Sale hàng hiệu,https://www.tiktokshop.vn/search?q=8933318751093,2026-07-06 04:44:35
98,GrabMart,324000.0,0.0,324000.0,,,https://www.grabmart.vn/search?q=8933318751093,2026-07-06 04:44:35
98,Pharmacity,319000.0,16000.0,303000.0,,,https://www.pharmacity.vn/search?q=8933318751093,2026-07-06 04:44:35
99,Shopee,553000.0,0.0,553000.0,,Flash Sale,https://www.shopee.vn/search?q=8934409079775,2026-06-30 04:44:35
99,Lazada,503000.0,50000.0,453000.0,,,https://www.lazada.vn/search?q=8934409079775,2026-06-30 04:44:35
99,TikTok Shop,547000.0,0.0,547000.0,,Flash Sale hàng hiệu,https://www.tiktokshop.vn/search?q=8934409079775,2026-06-30 04:44:35
99,GrabMart,654000.0,0.0,654000.0,,,https://www.grabmart.vn/search?q=8934409079775,2026-06-30 04:44:35
99,Pharmacity,564000.0,28000.0,536000.0,,,https://www.pharmacity.vn/search?q=8934409079775,2026-06-30 04:44:35
99,Shopee,542000.0,0.0,532000.0,Mã giảm 10k,,https://www.shopee.vn/search?q=8934409079775,2026-07-01 04:44:35
99,Lazada,560000.0,28000.0,532000.0,,,https://www.lazada.vn/search?q=8934409079775,2026-07-01 04:44:35
99,TikTok Shop,497000.0,75000.0,402000.0,Voucher Livestream 20k,,https://www.tiktokshop.vn/search?q=8934409079775,2026-07-01 04:44:35
99,GrabMart,661000.0,0.0,661000.0,,,https://www.grabmart.vn/search?q=8934409079775,2026-07-01 04:44:35
99,Pharmacity,583000.0,29000.0,554000.0,,,https://www.pharmacity.vn/search?q=8934409079775,2026-07-01 04:44:35
99,Shopee,531000.0,80000.0,441000.0,Mã giảm 10k,,https://www.shopee.vn/search?q=8934409079775,2026-07-02 04:44:35
99,Lazada,505000.0,50000.0,455000.0,,Combo mua 2 giảm 5%,https://www.lazada.vn/search?q=8934409079775,2026-07-02 04:44:35
99,TikTok Shop,473000.0,47000.0,426000.0,,Flash Sale hàng hiệu,https://www.tiktokshop.vn/search?q=8934409079775,2026-07-02 04:44:35
99,GrabMart,633000.0,0.0,633000.0,,,https://www.grabmart.vn/search?q=8934409079775,2026-07-02 04:44:35
99,Pharmacity,587000.0,29000.0,558000.0,,,https://www.pharmacity.vn/search?q=8934409079775,2026-07-02 04:44:35
99,Shopee,499000.0,0.0,489000.0,Mã giảm 10k,Flash Sale,https://www.shopee.vn/search?q=8934409079775,2026-07-03 04:44:35
99,Lazada,540000.0,0.0,540000.0,Voucher tích lũy,Combo mua 2 giảm 5%,https://www.lazada.vn/search?q=8934409079775,2026-07-03 04:44:35
99,TikTok Shop,519000.0,78000.0,441000.0,,Flash Sale hàng hiệu,https://www.tiktokshop.vn/search?q=8934409079775,2026-07-03 04:44:35
99,GrabMart,584000.0,0.0,584000.0,,,https://www.grabmart.vn/search?q=8934409079775,2026-07-03 04:44:35
99,Pharmacity,596000.0,0.0,596000.0,,,https://www.pharmacity.vn/search?q=8934409079775,2026-07-03 04:44:35
99,Shopee,551000.0,28000.0,513000.0,Mã giảm 10k,,https://www.shopee.vn/search?q=8934409079775,2026-07-04 04:44:35
99,Lazada,554000.0,0.0,554000.0,,Combo mua 2 giảm 5%,https://www.lazada.vn/search?q=8934409079775,2026-07-04 04:44:35
99,TikTok Shop,508000.0,76000.0,432000.0,,Flash Sale hàng hiệu,https://www.tiktokshop.vn/search?q=8934409079775,2026-07-04 04:44:35
99,GrabMart,654000.0,0.0,654000.0,,,https://www.grabmart.vn/search?q=8934409079775,2026-07-04 04:44:35
99,Pharmacity,585000.0,0.0,585000.0,,,https://www.pharmacity.vn/search?q=8934409079775,2026-07-04 04:44:35
99,Shopee,553000.0,28000.0,515000.0,Mã giảm 10k,,https://www.shopee.vn/search?q=8934409079775,2026-07-05 04:44:35
99,Lazada,527000.0,26000.0,501000.0,,Combo mua 2 giảm 5%,https://www.lazada.vn/search?q=8934409079775,2026-07-05 04:44:35
99,TikTok Shop,479000.0,48000.0,411000.0,Voucher Livestream 20k,,https://www.tiktokshop.vn/search?q=8934409079775,2026-07-05 04:44:35
99,GrabMart,654000.0,0.0,654000.0,,,https://www.grabmart.vn/search?q=8934409079775,2026-07-05 04:44:35
99,Pharmacity,570000.0,0.0,570000.0,,,https://www.pharmacity.vn/search?q=8934409079775,2026-07-05 04:44:35
99,Shopee,500000.0,50000.0,440000.0,Mã giảm 10k,Flash Sale,https://www.shopee.vn/search?q=8934409079775,2026-07-06 04:44:35
99,Lazada,519000.0,26000.0,493000.0,Voucher tích lũy,Combo mua 2 giảm 5%,https://www.lazada.vn/search?q=8934409079775,2026-07-06 04:44:35
99,TikTok Shop,498000.0,75000.0,403000.0,Voucher Livestream 20k,,https://www.tiktokshop.vn/search?q=8934409079775,2026-07-06 04:44:35
99,GrabMart,580000.0,0.0,580000.0,,,https://www.grabmart.vn/search?q=8934409079775,2026-07-06 04:44:35
99,Pharmacity,593000.0,30000.0,563000.0,,,https://www.pharmacity.vn/search?q=8934409079775,2026-07-06 04:44:35
100,Shopee,196000.0,29000.0,157000.0,Mã giảm 10k,,https://www.shopee.vn/search?q=8936543588410,2026-06-30 04:44:35
100,Lazada,218000.0,22000.0,196000.0,,Combo mua 2 giảm 5%,https://www.lazada.vn/search?q=8936543588410,2026-06-30 04:44:35
100,TikTok Shop,185000.0,28000.0,137000.0,Voucher Livestream 20k,Flash Sale hàng hiệu,https://www.tiktokshop.vn/search?q=8936543588410,2026-06-30 04:44:35
100,GrabMart,243000.0,0.0,243000.0,,,https://www.grabmart.vn/search?q=8936543588410,2026-06-30 04:44:35
100,Pharmacity,226000.0,0.0,226000.0,,,https://www.pharmacity.vn/search?q=8936543588410,2026-06-30 04:44:35
100,Shopee,198000.0,0.0,198000.0,Freeship Extra,Flash Sale,https://www.shopee.vn/search?q=8936543588410,2026-07-01 04:44:35
100,Lazada,217000.0,0.0,217000.0,,Combo mua 2 giảm 5%,https://www.lazada.vn/search?q=8936543588410,2026-07-01 04:44:35
100,TikTok Shop,197000.0,20000.0,177000.0,,,https://www.tiktokshop.vn/search?q=8936543588410,2026-07-01 04:44:35
100,GrabMart,256000.0,0.0,256000.0,,,https://www.grabmart.vn/search?q=8936543588410,2026-07-01 04:44:35
100,Pharmacity,221000.0,11000.0,210000.0,,,https://www.pharmacity.vn/search?q=8936543588410,2026-07-01 04:44:35
100,Shopee,206000.0,0.0,196000.0,Mã giảm 10k,Flash Sale,https://www.shopee.vn/search?q=8936543588410,2026-07-02 04:44:35
100,Lazada,210000.0,21000.0,189000.0,Voucher tích lũy,Combo mua 2 giảm 5%,https://www.lazada.vn/search?q=8936543588410,2026-07-02 04:44:35
100,TikTok Shop,197000.0,0.0,177000.0,Voucher Livestream 20k,Flash Sale hàng hiệu,https://www.tiktokshop.vn/search?q=8936543588410,2026-07-02 04:44:35
100,GrabMart,244000.0,0.0,244000.0,,,https://www.grabmart.vn/search?q=8936543588410,2026-07-02 04:44:35
100,Pharmacity,224000.0,11000.0,213000.0,,,https://www.pharmacity.vn/search?q=8936543588410,2026-07-02 04:44:35
100,Shopee,198000.0,10000.0,188000.0,Freeship Extra,,https://www.shopee.vn/search?q=8936543588410,2026-07-03 04:44:35
100,Lazada,205000.0,10000.0,195000.0,Voucher tích lũy,,https://www.lazada.vn/search?q=8936543588410,2026-07-03 04:44:35
100,TikTok Shop,186000.0,0.0,166000.0,Voucher Livestream 20k,,https://www.tiktokshop.vn/search?q=8936543588410,2026-07-03 04:44:35
100,GrabMart,257000.0,0.0,257000.0,,,https://www.grabmart.vn/search?q=8936543588410,2026-07-03 04:44:35
100,Pharmacity,225000.0,0.0,225000.0,,,https://www.pharmacity.vn/search?q=8936543588410,2026-07-03 04:44:35
100,Shopee,191000.0,19000.0,172000.0,,,https://www.shopee.vn/search?q=8936543588410,2026-07-04 04:44:35
100,Lazada,202000.0,0.0,202000.0,Voucher tích lũy,Combo mua 2 giảm 5%,https://www.lazada.vn/search?q=8936543588410,2026-07-04 04:44:35
100,TikTok Shop,194000.0,19000.0,175000.0,,,https://www.tiktokshop.vn/search?q=8936543588410,2026-07-04 04:44:35
100,GrabMart,230000.0,0.0,230000.0,,,https://www.grabmart.vn/search?q=8936543588410,2026-07-04 04:44:35
100,Pharmacity,219000.0,11000.0,208000.0,,,https://www.pharmacity.vn/search?q=8936543588410,2026-07-04 04:44:35
100,Shopee,190000.0,10000.0,180000.0,,Flash Sale,https://www.shopee.vn/search?q=8936543588410,2026-07-05 04:44:35
100,Lazada,196000.0,0.0,196000.0,,Combo mua 2 giảm 5%,https://www.lazada.vn/search?q=8936543588410,2026-07-05 04:44:35
100,TikTok Shop,180000.0,0.0,160000.0,Voucher Livestream 20k,,https://www.tiktokshop.vn/search?q=8936543588410,2026-07-05 04:44:35
100,GrabMart,240000.0,0.0,240000.0,,,https://www.grabmart.vn/search?q=8936543588410,2026-07-05 04:44:35
100,Pharmacity,227000.0,0.0,227000.0,,,https://www.pharmacity.vn/search?q=8936543588410,2026-07-05 04:44:35
100,Shopee,220000.0,33000.0,177000.0,Mã giảm 10k,,https://www.shopee.vn/search?q=8936543588410,2026-07-06 04:44:35
100,Lazada,214000.0,0.0,214000.0,Voucher tích lũy,,https://www.lazada.vn/search?q=8936543588410,2026-07-06 04:44:35
100,TikTok Shop,191000.0,0.0,171000.0,Voucher Livestream 20k,Flash Sale hàng hiệu,https://www.tiktokshop.vn/search?q=8936543588410,2026-07-06 04:44:35
100,GrabMart,255000.0,0.0,255000.0,,,https://www.grabmart.vn/search?q=8936543588410,2026-07-06 04:44:35
100,Pharmacity,229000.0,11000.0,218000.0,,,https://www.pharmacity.vn/search?q=8936543588410,2026-07-06 04:44:35
101,Shopee,562000.0,84000.0,478000.0,,,https://www.shopee.vn/search?q=8937903923551,2026-06-30 04:44:35
101,Lazada,531000.0,0.0,531000.0,,,https://www.lazada.vn/search?q=8937903923551,2026-06-30 04:44:35
101,TikTok Shop,514000.0,0.0,494000.0,Voucher Livestream 20k,Flash Sale hàng hiệu,https://www.tiktokshop.vn/search?q=8937903923551,2026-06-30 04:44:35
101,GrabMart,663000.0,0.0,663000.0,,,https://www.grabmart.vn/search?q=8937903923551,2026-06-30 04:44:35
101,Pharmacity,600000.0,30000.0,570000.0,,,https://www.pharmacity.vn/search?q=8937903923551,2026-06-30 04:44:35
101,Shopee,533000.0,80000.0,453000.0,,Flash Sale,https://www.shopee.vn/search?q=8937903923551,2026-07-01 04:44:35
101,Lazada,591000.0,30000.0,561000.0,,,https://www.lazada.vn/search?q=8937903923551,2026-07-01 04:44:35
101,TikTok Shop,523000.0,78000.0,445000.0,,Flash Sale hàng hiệu,https://www.tiktokshop.vn/search?q=8937903923551,2026-07-01 04:44:35
101,GrabMart,678000.0,0.0,678000.0,,,https://www.grabmart.vn/search?q=8937903923551,2026-07-01 04:44:35
101,Pharmacity,596000.0,0.0,596000.0,,,https://www.pharmacity.vn/search?q=8937903923551,2026-07-01 04:44:35
101,Shopee,567000.0,85000.0,482000.0,,,https://www.shopee.vn/search?q=8937903923551,2026-07-02 04:44:35
101,Lazada,544000.0,54000.0,490000.0,Voucher tích lũy,Combo mua 2 giảm 5%,https://www.lazada.vn/search?q=8937903923551,2026-07-02 04:44:35
101,TikTok Shop,486000.0,73000.0,393000.0,Voucher Livestream 20k,Flash Sale hàng hiệu,https://www.tiktokshop.vn/search?q=8937903923551,2026-07-02 04:44:35
101,GrabMart,675000.0,0.0,675000.0,,,https://www.grabmart.vn/search?q=8937903923551,2026-07-02 04:44:35
101,Pharmacity,595000.0,30000.0,565000.0,,,https://www.pharmacity.vn/search?q=8937903923551,2026-07-02 04:44:35
101,Shopee,575000.0,0.0,575000.0,Freeship Extra,Flash Sale,https://www.shopee.vn/search?q=8937903923551,2026-07-03 04:44:35
101,Lazada,558000.0,28000.0,530000.0,Voucher tích lũy,Combo mua 2 giảm 5%,https://www.lazada.vn/search?q=8937903923551,2026-07-03 04:44:35
101,TikTok Shop,496000.0,0.0,476000.0,Voucher Livestream 20k,Flash Sale hàng hiệu,https://www.tiktokshop.vn/search?q=8937903923551,2026-07-03 04:44:35
101,GrabMart,684000.0,0.0,684000.0,,,https://www.grabmart.vn/search?q=8937903923551,2026-07-03 04:44:35
101,Pharmacity,585000.0,0.0,585000.0,,,https://www.pharmacity.vn/search?q=8937903923551,2026-07-03 04:44:35
101,Shopee,536000.0,54000.0,482000.0,,Flash Sale,https://www.shopee.vn/search?q=8937903923551,2026-07-04 04:44:35
101,Lazada,553000.0,28000.0,525000.0,Voucher tích lũy,,https://www.lazada.vn/search?q=8937903923551,2026-07-04 04:44:35
101,TikTok Shop,497000.0,50000.0,427000.0,Voucher Livestream 20k,Flash Sale hàng hiệu,https://www.tiktokshop.vn/search?q=8937903923551,2026-07-04 04:44:35
101,GrabMart,605000.0,0.0,605000.0,,,https://www.grabmart.vn/search?q=8937903923551,2026-07-04 04:44:35
101,Pharmacity,607000.0,30000.0,577000.0,,,https://www.pharmacity.vn/search?q=8937903923551,2026-07-04 04:44:35
101,Shopee,527000.0,53000.0,474000.0,Freeship Extra,Flash Sale,https://www.shopee.vn/search?q=8937903923551,2026-07-05 04:44:35
101,Lazada,577000.0,0.0,577000.0,Voucher tích lũy,,https://www.lazada.vn/search?q=8937903923551,2026-07-05 04:44:35
101,TikTok Shop,513000.0,51000.0,462000.0,,Flash Sale hàng hiệu,https://www.tiktokshop.vn/search?q=8937903923551,2026-07-05 04:44:35
101,GrabMart,631000.0,0.0,631000.0,,,https://www.grabmart.vn/search?q=8937903923551,2026-07-05 04:44:35
101,Pharmacity,609000.0,0.0,609000.0,,,https://www.pharmacity.vn/search?q=8937903923551,2026-07-05 04:44:35
101,Shopee,538000.0,0.0,538000.0,Freeship Extra,Flash Sale,https://www.shopee.vn/search?q=8937903923551,2026-07-06 04:44:35
101,Lazada,539000.0,0.0,539000.0,,,https://www.lazada.vn/search?q=8937903923551,2026-07-06 04:44:35
101,TikTok Shop,555000.0,83000.0,452000.0,Voucher Livestream 20k,Flash Sale hàng hiệu,https://www.tiktokshop.vn/search?q=8937903923551,2026-07-06 04:44:35
101,GrabMart,686000.0,0.0,686000.0,,,https://www.grabmart.vn/search?q=8937903923551,2026-07-06 04:44:35
101,Pharmacity,596000.0,30000.0,566000.0,,,https://www.pharmacity.vn/search?q=8937903923551,2026-07-06 04:44:35
102,Shopee,198000.0,20000.0,168000.0,Mã giảm 10k,Flash Sale,https://www.shopee.vn/search?q=8930155029163,2026-06-30 04:44:35
102,Lazada,193000.0,19000.0,174000.0,Voucher tích lũy,,https://www.lazada.vn/search?q=8930155029163,2026-06-30 04:44:35
102,TikTok Shop,209000.0,21000.0,188000.0,,,https://www.tiktokshop.vn/search?q=8930155029163,2026-06-30 04:44:35
102,GrabMart,242000.0,0.0,242000.0,,,https://www.grabmart.vn/search?q=8930155029163,2026-06-30 04:44:35
102,Pharmacity,231000.0,0.0,231000.0,,,https://www.pharmacity.vn/search?q=8930155029163,2026-06-30 04:44:35
102,Shopee,211000.0,0.0,201000.0,Mã giảm 10k,Flash Sale,https://www.shopee.vn/search?q=8930155029163,2026-07-01 04:44:35
102,Lazada,198000.0,10000.0,188000.0,Voucher tích lũy,,https://www.lazada.vn/search?q=8930155029163,2026-07-01 04:44:35
102,TikTok Shop,189000.0,28000.0,161000.0,,Flash Sale hàng hiệu,https://www.tiktokshop.vn/search?q=8930155029163,2026-07-01 04:44:35
102,GrabMart,254000.0,0.0,254000.0,,,https://www.grabmart.vn/search?q=8930155029163,2026-07-01 04:44:35
102,Pharmacity,226000.0,11000.0,215000.0,,,https://www.pharmacity.vn/search?q=8930155029163,2026-07-01 04:44:35
102,Shopee,186000.0,9000.0,177000.0,,Flash Sale,https://www.shopee.vn/search?q=8930155029163,2026-07-02 04:44:35
102,Lazada,210000.0,10000.0,200000.0,Voucher tích lũy,Combo mua 2 giảm 5%,https://www.lazada.vn/search?q=8930155029163,2026-07-02 04:44:35
102,TikTok Shop,201000.0,30000.0,151000.0,Voucher Livestream 20k,,https://www.tiktokshop.vn/search?q=8930155029163,2026-07-02 04:44:35
102,GrabMart,230000.0,0.0,230000.0,,,https://www.grabmart.vn/search?q=8930155029163,2026-07-02 04:44:35
102,Pharmacity,215000.0,11000.0,204000.0,,,https://www.pharmacity.vn/search?q=8930155029163,2026-07-02 04:44:35
102,Shopee,194000.0,19000.0,175000.0,Freeship Extra,Flash Sale,https://www.shopee.vn/search?q=8930155029163,2026-07-03 04:44:35
102,Lazada,208000.0,21000.0,187000.0,Voucher tích lũy,Combo mua 2 giảm 5%,https://www.lazada.vn/search?q=8930155029163,2026-07-03 04:44:35
102,TikTok Shop,196000.0,29000.0,167000.0,,Flash Sale hàng hiệu,https://www.tiktokshop.vn/search?q=8930155029163,2026-07-03 04:44:35
102,GrabMart,234000.0,0.0,234000.0,,,https://www.grabmart.vn/search?q=8930155029163,2026-07-03 04:44:35
102,Pharmacity,220000.0,11000.0,209000.0,,,https://www.pharmacity.vn/search?q=8930155029163,2026-07-03 04:44:35
102,Shopee,191000.0,29000.0,162000.0,,,https://www.shopee.vn/search?q=8930155029163,2026-07-04 04:44:35
102,Lazada,211000.0,11000.0,200000.0,Voucher tích lũy,,https://www.lazada.vn/search?q=8930155029163,2026-07-04 04:44:35
102,TikTok Shop,203000.0,30000.0,173000.0,,Flash Sale hàng hiệu,https://www.tiktokshop.vn/search?q=8930155029163,2026-07-04 04:44:35
102,GrabMart,242000.0,0.0,242000.0,,,https://www.grabmart.vn/search?q=8930155029163,2026-07-04 04:44:35
102,Pharmacity,220000.0,0.0,220000.0,,,https://www.pharmacity.vn/search?q=8930155029163,2026-07-04 04:44:35
102,Shopee,213000.0,21000.0,182000.0,Mã giảm 10k,Flash Sale,https://www.shopee.vn/search?q=8930155029163,2026-07-05 04:44:35
102,Lazada,213000.0,11000.0,202000.0,Voucher tích lũy,,https://www.lazada.vn/search?q=8930155029163,2026-07-05 04:44:35
102,TikTok Shop,185000.0,28000.0,157000.0,,Flash Sale hàng hiệu,https://www.tiktokshop.vn/search?q=8930155029163,2026-07-05 04:44:35
102,GrabMart,242000.0,0.0,242000.0,,,https://www.grabmart.vn/search?q=8930155029163,2026-07-05 04:44:35
102,Pharmacity,222000.0,0.0,222000.0,,,https://www.pharmacity.vn/search?q=8930155029163,2026-07-05 04:44:35
102,Shopee,213000.0,21000.0,192000.0,Freeship Extra,Flash Sale,https://www.shopee.vn/search?q=8930155029163,2026-07-06 04:44:35
102,Lazada,219000.0,11000.0,208000.0,,Combo mua 2 giảm 5%,https://www.lazada.vn/search?q=8930155029163,2026-07-06 04:44:35
102,TikTok Shop,201000.0,0.0,201000.0,,Flash Sale hàng hiệu,https://www.tiktokshop.vn/search?q=8930155029163,2026-07-06 04:44:35
102,GrabMart,230000.0,0.0,230000.0,,,https://www.grabmart.vn/search?q=8930155029163,2026-07-06 04:44:35
102,Pharmacity,231000.0,12000.0,219000.0,,,https://www.pharmacity.vn/search?q=8930155029163,2026-07-06 04:44:35
103,Shopee,159000.0,24000.0,135000.0,,Flash Sale,https://www.shopee.vn/search?q=8938653694555,2026-06-30 04:44:35
103,Lazada,161000.0,8000.0,153000.0,Voucher tích lũy,Combo mua 2 giảm 5%,https://www.lazada.vn/search?q=8938653694555,2026-06-30 04:44:35
103,TikTok Shop,144000.0,0.0,124000.0,Voucher Livestream 20k,Flash Sale hàng hiệu,https://www.tiktokshop.vn/search?q=8938653694555,2026-06-30 04:44:35
103,GrabMart,173000.0,0.0,173000.0,,,https://www.grabmart.vn/search?q=8938653694555,2026-06-30 04:44:35
103,Pharmacity,178000.0,9000.0,169000.0,,,https://www.pharmacity.vn/search?q=8938653694555,2026-06-30 04:44:35
103,Shopee,164000.0,0.0,154000.0,Mã giảm 10k,Flash Sale,https://www.shopee.vn/search?q=8938653694555,2026-07-01 04:44:35
103,Lazada,171000.0,9000.0,162000.0,,,https://www.lazada.vn/search?q=8938653694555,2026-07-01 04:44:35
103,TikTok Shop,157000.0,0.0,157000.0,,Flash Sale hàng hiệu,https://www.tiktokshop.vn/search?q=8938653694555,2026-07-01 04:44:35
103,GrabMart,200000.0,0.0,200000.0,,,https://www.grabmart.vn/search?q=8938653694555,2026-07-01 04:44:35
103,Pharmacity,172000.0,0.0,172000.0,,,https://www.pharmacity.vn/search?q=8938653694555,2026-07-01 04:44:35
103,Shopee,150000.0,22000.0,128000.0,Freeship Extra,,https://www.shopee.vn/search?q=8938653694555,2026-07-02 04:44:35
103,Lazada,170000.0,0.0,170000.0,Voucher tích lũy,,https://www.lazada.vn/search?q=8938653694555,2026-07-02 04:44:35
103,TikTok Shop,164000.0,0.0,144000.0,Voucher Livestream 20k,Flash Sale hàng hiệu,https://www.tiktokshop.vn/search?q=8938653694555,2026-07-02 04:44:35
103,GrabMart,193000.0,0.0,193000.0,,,https://www.grabmart.vn/search?q=8938653694555,2026-07-02 04:44:35
103,Pharmacity,171000.0,9000.0,162000.0,,,https://www.pharmacity.vn/search?q=8938653694555,2026-07-02 04:44:35
103,Shopee,171000.0,9000.0,152000.0,Mã giảm 10k,,https://www.shopee.vn/search?q=8938653694555,2026-07-03 04:44:35
103,Lazada,157000.0,0.0,157000.0,,Combo mua 2 giảm 5%,https://www.lazada.vn/search?q=8938653694555,2026-07-03 04:44:35
103,TikTok Shop,153000.0,23000.0,110000.0,Voucher Livestream 20k,,https://www.tiktokshop.vn/search?q=8938653694555,2026-07-03 04:44:35
103,GrabMart,196000.0,0.0,196000.0,,,https://www.grabmart.vn/search?q=8938653694555,2026-07-03 04:44:35
103,Pharmacity,180000.0,0.0,180000.0,,,https://www.pharmacity.vn/search?q=8938653694555,2026-07-03 04:44:35
103,Shopee,168000.0,17000.0,151000.0,,,https://www.shopee.vn/search?q=8938653694555,2026-07-04 04:44:35
103,Lazada,160000.0,0.0,160000.0,,,https://www.lazada.vn/search?q=8938653694555,2026-07-04 04:44:35
103,TikTok Shop,159000.0,16000.0,123000.0,Voucher Livestream 20k,Flash Sale hàng hiệu,https://www.tiktokshop.vn/search?q=8938653694555,2026-07-04 04:44:35
103,GrabMart,175000.0,0.0,175000.0,,,https://www.grabmart.vn/search?q=8938653694555,2026-07-04 04:44:35
103,Pharmacity,173000.0,9000.0,164000.0,,,https://www.pharmacity.vn/search?q=8938653694555,2026-07-04 04:44:35
103,Shopee,170000.0,0.0,170000.0,Freeship Extra,,https://www.shopee.vn/search?q=8938653694555,2026-07-05 04:44:35
103,Lazada,160000.0,16000.0,144000.0,,Combo mua 2 giảm 5%,https://www.lazada.vn/search?q=8938653694555,2026-07-05 04:44:35
103,TikTok Shop,163000.0,24000.0,139000.0,,Flash Sale hàng hiệu,https://www.tiktokshop.vn/search?q=8938653694555,2026-07-05 04:44:35
103,GrabMart,184000.0,0.0,184000.0,,,https://www.grabmart.vn/search?q=8938653694555,2026-07-05 04:44:35
103,Pharmacity,179000.0,9000.0,170000.0,,,https://www.pharmacity.vn/search?q=8938653694555,2026-07-05 04:44:35
103,Shopee,157000.0,0.0,157000.0,,,https://www.shopee.vn/search?q=8938653694555,2026-07-06 04:44:35
103,Lazada,168000.0,17000.0,151000.0,,,https://www.lazada.vn/search?q=8938653694555,2026-07-06 04:44:35
103,TikTok Shop,150000.0,22000.0,108000.0,Voucher Livestream 20k,,https://www.tiktokshop.vn/search?q=8938653694555,2026-07-06 04:44:35
103,GrabMart,199000.0,0.0,199000.0,,,https://www.grabmart.vn/search?q=8938653694555,2026-07-06 04:44:35
103,Pharmacity,178000.0,0.0,178000.0,,,https://www.pharmacity.vn/search?q=8938653694555,2026-07-06 04:44:35
104,Shopee,173000.0,0.0,173000.0,,,https://www.shopee.vn/search?q=8931773454757,2026-06-30 04:44:35
104,Lazada,173000.0,0.0,173000.0,,Combo mua 2 giảm 5%,https://www.lazada.vn/search?q=8931773454757,2026-06-30 04:44:35
104,TikTok Shop,167000.0,25000.0,122000.0,Voucher Livestream 20k,Flash Sale hàng hiệu,https://www.tiktokshop.vn/search?q=8931773454757,2026-06-30 04:44:35
104,GrabMart,215000.0,0.0,215000.0,,,https://www.grabmart.vn/search?q=8931773454757,2026-06-30 04:44:35
104,Pharmacity,183000.0,9000.0,174000.0,,,https://www.pharmacity.vn/search?q=8931773454757,2026-06-30 04:44:35
104,Shopee,170000.0,26000.0,144000.0,Freeship Extra,Flash Sale,https://www.shopee.vn/search?q=8931773454757,2026-07-01 04:44:35
104,Lazada,165000.0,16000.0,149000.0,,,https://www.lazada.vn/search?q=8931773454757,2026-07-01 04:44:35
104,TikTok Shop,169000.0,17000.0,132000.0,Voucher Livestream 20k,,https://www.tiktokshop.vn/search?q=8931773454757,2026-07-01 04:44:35
104,GrabMart,187000.0,0.0,187000.0,,,https://www.grabmart.vn/search?q=8931773454757,2026-07-01 04:44:35
104,Pharmacity,183000.0,9000.0,174000.0,,,https://www.pharmacity.vn/search?q=8931773454757,2026-07-01 04:44:35
104,Shopee,161000.0,0.0,151000.0,Mã giảm 10k,Flash Sale,https://www.shopee.vn/search?q=8931773454757,2026-07-02 04:44:35
104,Lazada,178000.0,18000.0,160000.0,Voucher tích lũy,Combo mua 2 giảm 5%,https://www.lazada.vn/search?q=8931773454757,2026-07-02 04:44:35
104,TikTok Shop,169000.0,0.0,149000.0,Voucher Livestream 20k,,https://www.tiktokshop.vn/search?q=8931773454757,2026-07-02 04:44:35
104,GrabMart,204000.0,0.0,204000.0,,,https://www.grabmart.vn/search?q=8931773454757,2026-07-02 04:44:35
104,Pharmacity,187000.0,9000.0,178000.0,,,https://www.pharmacity.vn/search?q=8931773454757,2026-07-02 04:44:35
104,Shopee,167000.0,25000.0,142000.0,Freeship Extra,,https://www.shopee.vn/search?q=8931773454757,2026-07-03 04:44:35
104,Lazada,181000.0,9000.0,172000.0,,Combo mua 2 giảm 5%,https://www.lazada.vn/search?q=8931773454757,2026-07-03 04:44:35
104,TikTok Shop,177000.0,0.0,177000.0,,Flash Sale hàng hiệu,https://www.tiktokshop.vn/search?q=8931773454757,2026-07-03 04:44:35
104,GrabMart,193000.0,0.0,193000.0,,,https://www.grabmart.vn/search?q=8931773454757,2026-07-03 04:44:35
104,Pharmacity,183000.0,0.0,183000.0,,,https://www.pharmacity.vn/search?q=8931773454757,2026-07-03 04:44:35
104,Shopee,164000.0,0.0,164000.0,Freeship Extra,,https://www.shopee.vn/search?q=8931773454757,2026-07-04 04:44:35
104,Lazada,170000.0,8000.0,162000.0,,,https://www.lazada.vn/search?q=8931773454757,2026-07-04 04:44:35
104,TikTok Shop,173000.0,17000.0,156000.0,,Flash Sale hàng hiệu,https://www.tiktokshop.vn/search?q=8931773454757,2026-07-04 04:44:35
104,GrabMart,205000.0,0.0,205000.0,,,https://www.grabmart.vn/search?q=8931773454757,2026-07-04 04:44:35
104,Pharmacity,193000.0,0.0,193000.0,,,https://www.pharmacity.vn/search?q=8931773454757,2026-07-04 04:44:35
104,Shopee,164000.0,0.0,164000.0,,Flash Sale,https://www.shopee.vn/search?q=8931773454757,2026-07-05 04:44:35
104,Lazada,174000.0,0.0,174000.0,,Combo mua 2 giảm 5%,https://www.lazada.vn/search?q=8931773454757,2026-07-05 04:44:35
104,TikTok Shop,174000.0,0.0,174000.0,,,https://www.tiktokshop.vn/search?q=8931773454757,2026-07-05 04:44:35
104,GrabMart,207000.0,0.0,207000.0,,,https://www.grabmart.vn/search?q=8931773454757,2026-07-05 04:44:35
104,Pharmacity,186000.0,0.0,186000.0,,,https://www.pharmacity.vn/search?q=8931773454757,2026-07-05 04:44:35
104,Shopee,185000.0,18000.0,167000.0,Freeship Extra,Flash Sale,https://www.shopee.vn/search?q=8931773454757,2026-07-06 04:44:35
104,Lazada,164000.0,0.0,164000.0,,,https://www.lazada.vn/search?q=8931773454757,2026-07-06 04:44:35
104,TikTok Shop,166000.0,0.0,166000.0,,,https://www.tiktokshop.vn/search?q=8931773454757,2026-07-06 04:44:35
104,GrabMart,193000.0,0.0,193000.0,,,https://www.grabmart.vn/search?q=8931773454757,2026-07-06 04:44:35
104,Pharmacity,191000.0,10000.0,181000.0,,,https://www.pharmacity.vn/search?q=8931773454757,2026-07-06 04:44:35
105,Shopee,26000.0,1000.0,25000.0,Freeship Extra,Flash Sale,https://www.shopee.vn/search?q=8930513717176,2026-06-30 04:44:35
105,Lazada,25000.0,0.0,25000.0,Voucher tích lũy,,https://www.lazada.vn/search?q=8930513717176,2026-06-30 04:44:35
105,TikTok Shop,26000.0,3000.0,23000.0,,Flash Sale hàng hiệu,https://www.tiktokshop.vn/search?q=8930513717176,2026-06-30 04:44:35
105,GrabMart,32000.0,0.0,32000.0,,,https://www.grabmart.vn/search?q=8930513717176,2026-06-30 04:44:35
105,Pharmacity,27000.0,1000.0,26000.0,,,https://www.pharmacity.vn/search?q=8930513717176,2026-06-30 04:44:35
105,Shopee,26000.0,4000.0,22000.0,Freeship Extra,,https://www.shopee.vn/search?q=8930513717176,2026-07-01 04:44:35
105,Lazada,25000.0,1000.0,24000.0,Voucher tích lũy,Combo mua 2 giảm 5%,https://www.lazada.vn/search?q=8930513717176,2026-07-01 04:44:35
105,TikTok Shop,24000.0,4000.0,20000.0,,Flash Sale hàng hiệu,https://www.tiktokshop.vn/search?q=8930513717176,2026-07-01 04:44:35
105,GrabMart,29000.0,0.0,29000.0,,,https://www.grabmart.vn/search?q=8930513717176,2026-07-01 04:44:35
105,Pharmacity,28000.0,1000.0,27000.0,,,https://www.pharmacity.vn/search?q=8930513717176,2026-07-01 04:44:35
105,Shopee,26000.0,0.0,26000.0,,Flash Sale,https://www.shopee.vn/search?q=8930513717176,2026-07-02 04:44:35
105,Lazada,24000.0,2000.0,22000.0,Voucher tích lũy,Combo mua 2 giảm 5%,https://www.lazada.vn/search?q=8930513717176,2026-07-02 04:44:35
105,TikTok Shop,23000.0,0.0,3000.0,Voucher Livestream 20k,Flash Sale hàng hiệu,https://www.tiktokshop.vn/search?q=8930513717176,2026-07-02 04:44:35
105,GrabMart,28000.0,0.0,28000.0,,,https://www.grabmart.vn/search?q=8930513717176,2026-07-02 04:44:35
105,Pharmacity,29000.0,1000.0,28000.0,,,https://www.pharmacity.vn/search?q=8930513717176,2026-07-02 04:44:35
105,Shopee,26000.0,1000.0,25000.0,,,https://www.shopee.vn/search?q=8930513717176,2026-07-03 04:44:35
105,Lazada,27000.0,0.0,27000.0,Voucher tích lũy,Combo mua 2 giảm 5%,https://www.lazada.vn/search?q=8930513717176,2026-07-03 04:44:35
105,TikTok Shop,24000.0,4000.0,1000,Voucher Livestream 20k,,https://www.tiktokshop.vn/search?q=8930513717176,2026-07-03 04:44:35
105,GrabMart,31000.0,0.0,31000.0,,,https://www.grabmart.vn/search?q=8930513717176,2026-07-03 04:44:35
105,Pharmacity,29000.0,0.0,29000.0,,,https://www.pharmacity.vn/search?q=8930513717176,2026-07-03 04:44:35
105,Shopee,26000.0,1000.0,15000.0,Mã giảm 10k,,https://www.shopee.vn/search?q=8930513717176,2026-07-04 04:44:35
105,Lazada,25000.0,1000.0,24000.0,,,https://www.lazada.vn/search?q=8930513717176,2026-07-04 04:44:35
105,TikTok Shop,25000.0,0.0,5000.0,Voucher Livestream 20k,Flash Sale hàng hiệu,https://www.tiktokshop.vn/search?q=8930513717176,2026-07-04 04:44:35
105,GrabMart,31000.0,0.0,31000.0,,,https://www.grabmart.vn/search?q=8930513717176,2026-07-04 04:44:35
105,Pharmacity,28000.0,1000.0,27000.0,,,https://www.pharmacity.vn/search?q=8930513717176,2026-07-04 04:44:35
105,Shopee,24000.0,2000.0,12000.0,Mã giảm 10k,Flash Sale,https://www.shopee.vn/search?q=8930513717176,2026-07-05 04:44:35
105,Lazada,25000.0,1000.0,24000.0,Voucher tích lũy,Combo mua 2 giảm 5%,https://www.lazada.vn/search?q=8930513717176,2026-07-05 04:44:35
105,TikTok Shop,26000.0,3000.0,3000.0,Voucher Livestream 20k,Flash Sale hàng hiệu,https://www.tiktokshop.vn/search?q=8930513717176,2026-07-05 04:44:35
105,GrabMart,30000.0,0.0,30000.0,,,https://www.grabmart.vn/search?q=8930513717176,2026-07-05 04:44:35
105,Pharmacity,28000.0,1000.0,27000.0,,,https://www.pharmacity.vn/search?q=8930513717176,2026-07-05 04:44:35
105,Shopee,23000.0,3000.0,20000.0,,Flash Sale,https://www.shopee.vn/search?q=8930513717176,2026-07-06 04:44:35
105,Lazada,25000.0,0.0,25000.0,Voucher tích lũy,Combo mua 2 giảm 5%,https://www.lazada.vn/search?q=8930513717176,2026-07-06 04:44:35
105,TikTok Shop,22000.0,3000.0,19000.0,,,https://www.tiktokshop.vn/search?q=8930513717176,2026-07-06 04:44:35
105,GrabMart,31000.0,0.0,31000.0,,,https://www.grabmart.vn/search?q=8930513717176,2026-07-06 04:44:35
105,Pharmacity,27000.0,1000.0,26000.0,,,https://www.pharmacity.vn/search?q=8930513717176,2026-07-06 04:44:35
106,Shopee,494000.0,25000.0,459000.0,Mã giảm 10k,Flash Sale,https://www.shopee.vn/search?q=8936588339879,2026-06-30 04:44:35
106,Lazada,571000.0,57000.0,514000.0,Voucher tích lũy,,https://www.lazada.vn/search?q=8936588339879,2026-06-30 04:44:35
106,TikTok Shop,543000.0,54000.0,469000.0,Voucher Livestream 20k,,https://www.tiktokshop.vn/search?q=8936588339879,2026-06-30 04:44:35
106,GrabMart,607000.0,0.0,607000.0,,,https://www.grabmart.vn/search?q=8936588339879,2026-06-30 04:44:35
106,Pharmacity,588000.0,29000.0,559000.0,,,https://www.pharmacity.vn/search?q=8936588339879,2026-06-30 04:44:35
106,Shopee,493000.0,0.0,493000.0,Freeship Extra,Flash Sale,https://www.shopee.vn/search?q=8936588339879,2026-07-01 04:44:35
106,Lazada,524000.0,26000.0,498000.0,Voucher tích lũy,Combo mua 2 giảm 5%,https://www.lazada.vn/search?q=8936588339879,2026-07-01 04:44:35
106,TikTok Shop,480000.0,0.0,480000.0,,Flash Sale hàng hiệu,https://www.tiktokshop.vn/search?q=8936588339879,2026-07-01 04:44:35
106,GrabMart,673000.0,0.0,673000.0,,,https://www.grabmart.vn/search?q=8936588339879,2026-07-01 04:44:35
106,Pharmacity,594000.0,0.0,594000.0,,,https://www.pharmacity.vn/search?q=8936588339879,2026-07-01 04:44:35
106,Shopee,569000.0,57000.0,512000.0,Freeship Extra,,https://www.shopee.vn/search?q=8936588339879,2026-07-02 04:44:35
106,Lazada,544000.0,27000.0,517000.0,,Combo mua 2 giảm 5%,https://www.lazada.vn/search?q=8936588339879,2026-07-02 04:44:35
106,TikTok Shop,523000.0,78000.0,425000.0,Voucher Livestream 20k,Flash Sale hàng hiệu,https://www.tiktokshop.vn/search?q=8936588339879,2026-07-02 04:44:35
106,GrabMart,646000.0,0.0,646000.0,,,https://www.grabmart.vn/search?q=8936588339879,2026-07-02 04:44:35
106,Pharmacity,569000.0,0.0,569000.0,,,https://www.pharmacity.vn/search?q=8936588339879,2026-07-02 04:44:35
106,Shopee,569000.0,57000.0,502000.0,Mã giảm 10k,Flash Sale,https://www.shopee.vn/search?q=8936588339879,2026-07-03 04:44:35
106,Lazada,557000.0,0.0,557000.0,,Combo mua 2 giảm 5%,https://www.lazada.vn/search?q=8936588339879,2026-07-03 04:44:35
106,TikTok Shop,514000.0,51000.0,443000.0,Voucher Livestream 20k,Flash Sale hàng hiệu,https://www.tiktokshop.vn/search?q=8936588339879,2026-07-03 04:44:35
106,GrabMart,600000.0,0.0,600000.0,,,https://www.grabmart.vn/search?q=8936588339879,2026-07-03 04:44:35
106,Pharmacity,603000.0,30000.0,573000.0,,,https://www.pharmacity.vn/search?q=8936588339879,2026-07-03 04:44:35
106,Shopee,511000.0,0.0,511000.0,,,https://www.shopee.vn/search?q=8936588339879,2026-07-04 04:44:35
106,Lazada,550000.0,28000.0,522000.0,Voucher tích lũy,Combo mua 2 giảm 5%,https://www.lazada.vn/search?q=8936588339879,2026-07-04 04:44:35
106,TikTok Shop,545000.0,82000.0,463000.0,,Flash Sale hàng hiệu,https://www.tiktokshop.vn/search?q=8936588339879,2026-07-04 04:44:35
106,GrabMart,583000.0,0.0,583000.0,,,https://www.grabmart.vn/search?q=8936588339879,2026-07-04 04:44:35
106,Pharmacity,581000.0,0.0,581000.0,,,https://www.pharmacity.vn/search?q=8936588339879,2026-07-04 04:44:35
106,Shopee,577000.0,58000.0,519000.0,Freeship Extra,Flash Sale,https://www.shopee.vn/search?q=8936588339879,2026-07-05 04:44:35
106,Lazada,525000.0,26000.0,499000.0,,,https://www.lazada.vn/search?q=8936588339879,2026-07-05 04:44:35
106,TikTok Shop,523000.0,78000.0,445000.0,,,https://www.tiktokshop.vn/search?q=8936588339879,2026-07-05 04:44:35
106,GrabMart,656000.0,0.0,656000.0,,,https://www.grabmart.vn/search?q=8936588339879,2026-07-05 04:44:35
106,Pharmacity,598000.0,0.0,598000.0,,,https://www.pharmacity.vn/search?q=8936588339879,2026-07-05 04:44:35
106,Shopee,541000.0,81000.0,460000.0,Freeship Extra,,https://www.shopee.vn/search?q=8936588339879,2026-07-06 04:44:35
106,Lazada,558000.0,56000.0,502000.0,Voucher tích lũy,Combo mua 2 giảm 5%,https://www.lazada.vn/search?q=8936588339879,2026-07-06 04:44:35
106,TikTok Shop,513000.0,77000.0,436000.0,,Flash Sale hàng hiệu,https://www.tiktokshop.vn/search?q=8936588339879,2026-07-06 04:44:35
106,GrabMart,588000.0,0.0,588000.0,,,https://www.grabmart.vn/search?q=8936588339879,2026-07-06 04:44:35
106,Pharmacity,590000.0,30000.0,560000.0,,,https://www.pharmacity.vn/search?q=8936588339879,2026-07-06 04:44:35
107,Shopee,361000.0,18000.0,333000.0,Mã giảm 10k,,https://www.shopee.vn/search?q=8936069409602,2026-06-30 04:44:35
107,Lazada,380000.0,19000.0,361000.0,Voucher tích lũy,,https://www.lazada.vn/search?q=8936069409602,2026-06-30 04:44:35
107,TikTok Shop,378000.0,57000.0,301000.0,Voucher Livestream 20k,,https://www.tiktokshop.vn/search?q=8936069409602,2026-06-30 04:44:35
107,GrabMart,417000.0,0.0,417000.0,,,https://www.grabmart.vn/search?q=8936069409602,2026-06-30 04:44:35
107,Pharmacity,397000.0,20000.0,377000.0,,,https://www.pharmacity.vn/search?q=8936069409602,2026-06-30 04:44:35
107,Shopee,351000.0,0.0,351000.0,Freeship Extra,,https://www.shopee.vn/search?q=8936069409602,2026-07-01 04:44:35
107,Lazada,390000.0,39000.0,351000.0,Voucher tích lũy,,https://www.lazada.vn/search?q=8936069409602,2026-07-01 04:44:35
107,TikTok Shop,349000.0,35000.0,314000.0,,,https://www.tiktokshop.vn/search?q=8936069409602,2026-07-01 04:44:35
107,GrabMart,418000.0,0.0,418000.0,,,https://www.grabmart.vn/search?q=8936069409602,2026-07-01 04:44:35
107,Pharmacity,397000.0,20000.0,377000.0,,,https://www.pharmacity.vn/search?q=8936069409602,2026-07-01 04:44:35
107,Shopee,355000.0,18000.0,327000.0,Mã giảm 10k,,https://www.shopee.vn/search?q=8936069409602,2026-07-02 04:44:35
107,Lazada,358000.0,18000.0,340000.0,,Combo mua 2 giảm 5%,https://www.lazada.vn/search?q=8936069409602,2026-07-02 04:44:35
107,TikTok Shop,329000.0,49000.0,280000.0,,Flash Sale hàng hiệu,https://www.tiktokshop.vn/search?q=8936069409602,2026-07-02 04:44:35
107,GrabMart,408000.0,0.0,408000.0,,,https://www.grabmart.vn/search?q=8936069409602,2026-07-02 04:44:35
107,Pharmacity,405000.0,0.0,405000.0,,,https://www.pharmacity.vn/search?q=8936069409602,2026-07-02 04:44:35
107,Shopee,353000.0,53000.0,300000.0,Freeship Extra,,https://www.shopee.vn/search?q=8936069409602,2026-07-03 04:44:35
107,Lazada,356000.0,0.0,356000.0,,,https://www.lazada.vn/search?q=8936069409602,2026-07-03 04:44:35
107,TikTok Shop,377000.0,0.0,357000.0,Voucher Livestream 20k,Flash Sale hàng hiệu,https://www.tiktokshop.vn/search?q=8936069409602,2026-07-03 04:44:35
107,GrabMart,454000.0,0.0,454000.0,,,https://www.grabmart.vn/search?q=8936069409602,2026-07-03 04:44:35
107,Pharmacity,402000.0,0.0,402000.0,,,https://www.pharmacity.vn/search?q=8936069409602,2026-07-03 04:44:35
107,Shopee,353000.0,0.0,353000.0,Freeship Extra,Flash Sale,https://www.shopee.vn/search?q=8936069409602,2026-07-04 04:44:35
107,Lazada,375000.0,38000.0,337000.0,,Combo mua 2 giảm 5%,https://www.lazada.vn/search?q=8936069409602,2026-07-04 04:44:35
107,TikTok Shop,328000.0,33000.0,275000.0,Voucher Livestream 20k,Flash Sale hàng hiệu,https://www.tiktokshop.vn/search?q=8936069409602,2026-07-04 04:44:35
107,GrabMart,468000.0,0.0,468000.0,,,https://www.grabmart.vn/search?q=8936069409602,2026-07-04 04:44:35
107,Pharmacity,396000.0,20000.0,376000.0,,,https://www.pharmacity.vn/search?q=8936069409602,2026-07-04 04:44:35
107,Shopee,401000.0,0.0,391000.0,Mã giảm 10k,Flash Sale,https://www.shopee.vn/search?q=8936069409602,2026-07-05 04:44:35
107,Lazada,363000.0,36000.0,327000.0,,Combo mua 2 giảm 5%,https://www.lazada.vn/search?q=8936069409602,2026-07-05 04:44:35
107,TikTok Shop,385000.0,0.0,365000.0,Voucher Livestream 20k,Flash Sale hàng hiệu,https://www.tiktokshop.vn/search?q=8936069409602,2026-07-05 04:44:35
107,GrabMart,408000.0,0.0,408000.0,,,https://www.grabmart.vn/search?q=8936069409602,2026-07-05 04:44:35
107,Pharmacity,417000.0,0.0,417000.0,,,https://www.pharmacity.vn/search?q=8936069409602,2026-07-05 04:44:35
107,Shopee,376000.0,19000.0,357000.0,Freeship Extra,,https://www.shopee.vn/search?q=8936069409602,2026-07-06 04:44:35
107,Lazada,359000.0,18000.0,341000.0,,,https://www.lazada.vn/search?q=8936069409602,2026-07-06 04:44:35
107,TikTok Shop,366000.0,0.0,346000.0,Voucher Livestream 20k,Flash Sale hàng hiệu,https://www.tiktokshop.vn/search?q=8936069409602,2026-07-06 04:44:35
107,GrabMart,445000.0,0.0,445000.0,,,https://www.grabmart.vn/search?q=8936069409602,2026-07-06 04:44:35
107,Pharmacity,416000.0,21000.0,395000.0,,,https://www.pharmacity.vn/search?q=8936069409602,2026-07-06 04:44:35
108,Shopee,248000.0,25000.0,223000.0,Freeship Extra,Flash Sale,https://www.shopee.vn/search?q=8932512073468,2026-06-30 04:44:35
108,Lazada,219000.0,0.0,219000.0,Voucher tích lũy,,https://www.lazada.vn/search?q=8932512073468,2026-06-30 04:44:35
108,TikTok Shop,239000.0,0.0,239000.0,,Flash Sale hàng hiệu,https://www.tiktokshop.vn/search?q=8932512073468,2026-06-30 04:44:35
108,GrabMart,253000.0,0.0,253000.0,,,https://www.grabmart.vn/search?q=8932512073468,2026-06-30 04:44:35
108,Pharmacity,251000.0,0.0,251000.0,,,https://www.pharmacity.vn/search?q=8932512073468,2026-06-30 04:44:35
108,Shopee,217000.0,0.0,207000.0,Mã giảm 10k,,https://www.shopee.vn/search?q=8932512073468,2026-07-01 04:44:35
108,Lazada,221000.0,0.0,221000.0,,Combo mua 2 giảm 5%,https://www.lazada.vn/search?q=8932512073468,2026-07-01 04:44:35
108,TikTok Shop,222000.0,22000.0,180000.0,Voucher Livestream 20k,,https://www.tiktokshop.vn/search?q=8932512073468,2026-07-01 04:44:35
108,GrabMart,286000.0,0.0,286000.0,,,https://www.grabmart.vn/search?q=8932512073468,2026-07-01 04:44:35
108,Pharmacity,258000.0,0.0,258000.0,,,https://www.pharmacity.vn/search?q=8932512073468,2026-07-01 04:44:35
108,Shopee,223000.0,33000.0,180000.0,Mã giảm 10k,,https://www.shopee.vn/search?q=8932512073468,2026-07-02 04:44:35
108,Lazada,228000.0,23000.0,205000.0,Voucher tích lũy,,https://www.lazada.vn/search?q=8932512073468,2026-07-02 04:44:35
108,TikTok Shop,223000.0,33000.0,190000.0,,,https://www.tiktokshop.vn/search?q=8932512073468,2026-07-02 04:44:35
108,GrabMart,260000.0,0.0,260000.0,,,https://www.grabmart.vn/search?q=8932512073468,2026-07-02 04:44:35
108,Pharmacity,246000.0,0.0,246000.0,,,https://www.pharmacity.vn/search?q=8932512073468,2026-07-02 04:44:35
108,Shopee,220000.0,0.0,220000.0,Freeship Extra,,https://www.shopee.vn/search?q=8932512073468,2026-07-03 04:44:35
108,Lazada,240000.0,12000.0,228000.0,,,https://www.lazada.vn/search?q=8932512073468,2026-07-03 04:44:35
108,TikTok Shop,212000.0,0.0,192000.0,Voucher Livestream 20k,Flash Sale hàng hiệu,https://www.tiktokshop.vn/search?q=8932512073468,2026-07-03 04:44:35
108,GrabMart,280000.0,0.0,280000.0,,,https://www.grabmart.vn/search?q=8932512073468,2026-07-03 04:44:35
108,Pharmacity,252000.0,13000.0,239000.0,,,https://www.pharmacity.vn/search?q=8932512073468,2026-07-03 04:44:35
108,Shopee,242000.0,12000.0,220000.0,Mã giảm 10k,Flash Sale,https://www.shopee.vn/search?q=8932512073468,2026-07-04 04:44:35
108,Lazada,230000.0,0.0,230000.0,,Combo mua 2 giảm 5%,https://www.lazada.vn/search?q=8932512073468,2026-07-04 04:44:35
108,TikTok Shop,229000.0,0.0,229000.0,,,https://www.tiktokshop.vn/search?q=8932512073468,2026-07-04 04:44:35
108,GrabMart,257000.0,0.0,257000.0,,,https://www.grabmart.vn/search?q=8932512073468,2026-07-04 04:44:35
108,Pharmacity,244000.0,0.0,244000.0,,,https://www.pharmacity.vn/search?q=8932512073468,2026-07-04 04:44:35
108,Shopee,217000.0,22000.0,195000.0,,Flash Sale,https://www.shopee.vn/search?q=8932512073468,2026-07-05 04:44:35
108,Lazada,233000.0,12000.0,221000.0,,Combo mua 2 giảm 5%,https://www.lazada.vn/search?q=8932512073468,2026-07-05 04:44:35
108,TikTok Shop,222000.0,0.0,202000.0,Voucher Livestream 20k,Flash Sale hàng hiệu,https://www.tiktokshop.vn/search?q=8932512073468,2026-07-05 04:44:35
108,GrabMart,274000.0,0.0,274000.0,,,https://www.grabmart.vn/search?q=8932512073468,2026-07-05 04:44:35
108,Pharmacity,246000.0,12000.0,234000.0,,,https://www.pharmacity.vn/search?q=8932512073468,2026-07-05 04:44:35
108,Shopee,237000.0,24000.0,203000.0,Mã giảm 10k,,https://www.shopee.vn/search?q=8932512073468,2026-07-06 04:44:35
108,Lazada,226000.0,11000.0,215000.0,Voucher tích lũy,,https://www.lazada.vn/search?q=8932512073468,2026-07-06 04:44:35
108,TikTok Shop,230000.0,23000.0,187000.0,Voucher Livestream 20k,,https://www.tiktokshop.vn/search?q=8932512073468,2026-07-06 04:44:35
108,GrabMart,283000.0,0.0,283000.0,,,https://www.grabmart.vn/search?q=8932512073468,2026-07-06 04:44:35
108,Pharmacity,251000.0,0.0,251000.0,,,https://www.pharmacity.vn/search?q=8932512073468,2026-07-06 04:44:35
109,Shopee,482000.0,24000.0,448000.0,Mã giảm 10k,,https://www.shopee.vn/search?q=8931184254762,2026-06-30 04:44:35
109,Lazada,430000.0,43000.0,387000.0,,,https://www.lazada.vn/search?q=8931184254762,2026-06-30 04:44:35
109,TikTok Shop,408000.0,61000.0,327000.0,Voucher Livestream 20k,,https://www.tiktokshop.vn/search?q=8931184254762,2026-06-30 04:44:35
109,GrabMart,529000.0,0.0,529000.0,,,https://www.grabmart.vn/search?q=8931184254762,2026-06-30 04:44:35
109,Pharmacity,489000.0,0.0,489000.0,,,https://www.pharmacity.vn/search?q=8931184254762,2026-06-30 04:44:35
109,Shopee,469000.0,47000.0,422000.0,Freeship Extra,,https://www.shopee.vn/search?q=8931184254762,2026-07-01 04:44:35
109,Lazada,462000.0,46000.0,416000.0,,Combo mua 2 giảm 5%,https://www.lazada.vn/search?q=8931184254762,2026-07-01 04:44:35
109,TikTok Shop,404000.0,61000.0,343000.0,,,https://www.tiktokshop.vn/search?q=8931184254762,2026-07-01 04:44:35
109,GrabMart,551000.0,0.0,551000.0,,,https://www.grabmart.vn/search?q=8931184254762,2026-07-01 04:44:35
109,Pharmacity,496000.0,0.0,496000.0,,,https://www.pharmacity.vn/search?q=8931184254762,2026-07-01 04:44:35
109,Shopee,449000.0,67000.0,382000.0,,Flash Sale,https://www.shopee.vn/search?q=8931184254762,2026-07-02 04:44:35
109,Lazada,424000.0,21000.0,403000.0,Voucher tích lũy,Combo mua 2 giảm 5%,https://www.lazada.vn/search?q=8931184254762,2026-07-02 04:44:35
109,TikTok Shop,463000.0,46000.0,397000.0,Voucher Livestream 20k,Flash Sale hàng hiệu,https://www.tiktokshop.vn/search?q=8931184254762,2026-07-02 04:44:35
109,GrabMart,510000.0,0.0,510000.0,,,https://www.grabmart.vn/search?q=8931184254762,2026-07-02 04:44:35
109,Pharmacity,495000.0,25000.0,470000.0,,,https://www.pharmacity.vn/search?q=8931184254762,2026-07-02 04:44:35
109,Shopee,407000.0,41000.0,366000.0,Freeship Extra,Flash Sale,https://www.shopee.vn/search?q=8931184254762,2026-07-03 04:44:35
109,Lazada,434000.0,43000.0,391000.0,,,https://www.lazada.vn/search?q=8931184254762,2026-07-03 04:44:35
109,TikTok Shop,451000.0,0.0,451000.0,,Flash Sale hàng hiệu,https://www.tiktokshop.vn/search?q=8931184254762,2026-07-03 04:44:35
109,GrabMart,550000.0,0.0,550000.0,,,https://www.grabmart.vn/search?q=8931184254762,2026-07-03 04:44:35
109,Pharmacity,497000.0,0.0,497000.0,,,https://www.pharmacity.vn/search?q=8931184254762,2026-07-03 04:44:35
109,Shopee,437000.0,22000.0,415000.0,Freeship Extra,Flash Sale,https://www.shopee.vn/search?q=8931184254762,2026-07-04 04:44:35
109,Lazada,444000.0,0.0,444000.0,,Combo mua 2 giảm 5%,https://www.lazada.vn/search?q=8931184254762,2026-07-04 04:44:35
109,TikTok Shop,398000.0,40000.0,358000.0,,Flash Sale hàng hiệu,https://www.tiktokshop.vn/search?q=8931184254762,2026-07-04 04:44:35
109,GrabMart,495000.0,0.0,495000.0,,,https://www.grabmart.vn/search?q=8931184254762,2026-07-04 04:44:35
109,Pharmacity,496000.0,0.0,496000.0,,,https://www.pharmacity.vn/search?q=8931184254762,2026-07-04 04:44:35
109,Shopee,423000.0,21000.0,402000.0,Freeship Extra,Flash Sale,https://www.shopee.vn/search?q=8931184254762,2026-07-05 04:44:35
109,Lazada,466000.0,0.0,466000.0,,Combo mua 2 giảm 5%,https://www.lazada.vn/search?q=8931184254762,2026-07-05 04:44:35
109,TikTok Shop,433000.0,65000.0,348000.0,Voucher Livestream 20k,,https://www.tiktokshop.vn/search?q=8931184254762,2026-07-05 04:44:35
109,GrabMart,537000.0,0.0,537000.0,,,https://www.grabmart.vn/search?q=8931184254762,2026-07-05 04:44:35
109,Pharmacity,481000.0,0.0,481000.0,,,https://www.pharmacity.vn/search?q=8931184254762,2026-07-05 04:44:35
109,Shopee,449000.0,67000.0,382000.0,,,https://www.shopee.vn/search?q=8931184254762,2026-07-06 04:44:35
109,Lazada,473000.0,47000.0,426000.0,Voucher tích lũy,Combo mua 2 giảm 5%,https://www.lazada.vn/search?q=8931184254762,2026-07-06 04:44:35
109,TikTok Shop,466000.0,0.0,446000.0,Voucher Livestream 20k,Flash Sale hàng hiệu,https://www.tiktokshop.vn/search?q=8931184254762,2026-07-06 04:44:35
109,GrabMart,494000.0,0.0,494000.0,,,https://www.grabmart.vn/search?q=8931184254762,2026-07-06 04:44:35
109,Pharmacity,486000.0,0.0,486000.0,,,https://www.pharmacity.vn/search?q=8931184254762,2026-07-06 04:44:35
110,Shopee,174000.0,17000.0,157000.0,Freeship Extra,Flash Sale,https://www.shopee.vn/search?q=8931199537669,2026-06-30 04:44:35
110,Lazada,174000.0,17000.0,157000.0,Voucher tích lũy,Combo mua 2 giảm 5%,https://www.lazada.vn/search?q=8931199537669,2026-06-30 04:44:35
110,TikTok Shop,163000.0,16000.0,127000.0,Voucher Livestream 20k,,https://www.tiktokshop.vn/search?q=8931199537669,2026-06-30 04:44:35
110,GrabMart,179000.0,0.0,179000.0,,,https://www.grabmart.vn/search?q=8931199537669,2026-06-30 04:44:35
110,Pharmacity,182000.0,9000.0,173000.0,,,https://www.pharmacity.vn/search?q=8931199537669,2026-06-30 04:44:35
110,Shopee,156000.0,23000.0,133000.0,,Flash Sale,https://www.shopee.vn/search?q=8931199537669,2026-07-01 04:44:35
110,Lazada,169000.0,0.0,169000.0,Voucher tích lũy,Combo mua 2 giảm 5%,https://www.lazada.vn/search?q=8931199537669,2026-07-01 04:44:35
110,TikTok Shop,161000.0,24000.0,117000.0,Voucher Livestream 20k,,https://www.tiktokshop.vn/search?q=8931199537669,2026-07-01 04:44:35
110,GrabMart,196000.0,0.0,196000.0,,,https://www.grabmart.vn/search?q=8931199537669,2026-07-01 04:44:35
110,Pharmacity,180000.0,0.0,180000.0,,,https://www.pharmacity.vn/search?q=8931199537669,2026-07-01 04:44:35
110,Shopee,166000.0,0.0,166000.0,,Flash Sale,https://www.shopee.vn/search?q=8931199537669,2026-07-02 04:44:35
110,Lazada,167000.0,17000.0,150000.0,Voucher tích lũy,Combo mua 2 giảm 5%,https://www.lazada.vn/search?q=8931199537669,2026-07-02 04:44:35
110,TikTok Shop,165000.0,0.0,145000.0,Voucher Livestream 20k,Flash Sale hàng hiệu,https://www.tiktokshop.vn/search?q=8931199537669,2026-07-02 04:44:35
110,GrabMart,203000.0,0.0,203000.0,,,https://www.grabmart.vn/search?q=8931199537669,2026-07-02 04:44:35
110,Pharmacity,180000.0,0.0,180000.0,,,https://www.pharmacity.vn/search?q=8931199537669,2026-07-02 04:44:35
110,Shopee,176000.0,26000.0,150000.0,Freeship Extra,,https://www.shopee.vn/search?q=8931199537669,2026-07-03 04:44:35
110,Lazada,159000.0,0.0,159000.0,,Combo mua 2 giảm 5%,https://www.lazada.vn/search?q=8931199537669,2026-07-03 04:44:35
110,TikTok Shop,147000.0,15000.0,132000.0,,Flash Sale hàng hiệu,https://www.tiktokshop.vn/search?q=8931199537669,2026-07-03 04:44:35
110,GrabMart,203000.0,0.0,203000.0,,,https://www.grabmart.vn/search?q=8931199537669,2026-07-03 04:44:35
110,Pharmacity,176000.0,9000.0,167000.0,,,https://www.pharmacity.vn/search?q=8931199537669,2026-07-03 04:44:35
110,Shopee,160000.0,8000.0,142000.0,Mã giảm 10k,Flash Sale,https://www.shopee.vn/search?q=8931199537669,2026-07-04 04:44:35
110,Lazada,172000.0,9000.0,163000.0,Voucher tích lũy,Combo mua 2 giảm 5%,https://www.lazada.vn/search?q=8931199537669,2026-07-04 04:44:35
110,TikTok Shop,166000.0,0.0,166000.0,,Flash Sale hàng hiệu,https://www.tiktokshop.vn/search?q=8931199537669,2026-07-04 04:44:35
110,GrabMart,200000.0,0.0,200000.0,,,https://www.grabmart.vn/search?q=8931199537669,2026-07-04 04:44:35
110,Pharmacity,182000.0,0.0,182000.0,,,https://www.pharmacity.vn/search?q=8931199537669,2026-07-04 04:44:35
110,Shopee,174000.0,0.0,164000.0,Mã giảm 10k,Flash Sale,https://www.shopee.vn/search?q=8931199537669,2026-07-05 04:44:35
110,Lazada,168000.0,17000.0,151000.0,,Combo mua 2 giảm 5%,https://www.lazada.vn/search?q=8931199537669,2026-07-05 04:44:35
110,TikTok Shop,168000.0,0.0,168000.0,,Flash Sale hàng hiệu,https://www.tiktokshop.vn/search?q=8931199537669,2026-07-05 04:44:35
110,GrabMart,187000.0,0.0,187000.0,,,https://www.grabmart.vn/search?q=8931199537669,2026-07-05 04:44:35
110,Pharmacity,179000.0,0.0,179000.0,,,https://www.pharmacity.vn/search?q=8931199537669,2026-07-05 04:44:35
110,Shopee,171000.0,9000.0,152000.0,Mã giảm 10k,Flash Sale,https://www.shopee.vn/search?q=8931199537669,2026-07-06 04:44:35
110,Lazada,162000.0,8000.0,154000.0,Voucher tích lũy,,https://www.lazada.vn/search?q=8931199537669,2026-07-06 04:44:35
110,TikTok Shop,172000.0,17000.0,155000.0,,,https://www.tiktokshop.vn/search?q=8931199537669,2026-07-06 04:44:35
110,GrabMart,184000.0,0.0,184000.0,,,https://www.grabmart.vn/search?q=8931199537669,2026-07-06 04:44:35
110,Pharmacity,177000.0,9000.0,168000.0,,,https://www.pharmacity.vn/search?q=8931199537669,2026-07-06 04:44:35
111,Shopee,206000.0,31000.0,175000.0,,Flash Sale,https://www.shopee.vn/search?q=8931311964250,2026-06-30 04:44:35
111,Lazada,215000.0,0.0,215000.0,Voucher tích lũy,,https://www.lazada.vn/search?q=8931311964250,2026-06-30 04:44:35
111,TikTok Shop,200000.0,0.0,200000.0,,,https://www.tiktokshop.vn/search?q=8931311964250,2026-06-30 04:44:35
111,GrabMart,252000.0,0.0,252000.0,,,https://www.grabmart.vn/search?q=8931311964250,2026-06-30 04:44:35
111,Pharmacity,225000.0,11000.0,214000.0,,,https://www.pharmacity.vn/search?q=8931311964250,2026-06-30 04:44:35
111,Shopee,199000.0,10000.0,189000.0,,,https://www.shopee.vn/search?q=8931311964250,2026-07-01 04:44:35
111,Lazada,210000.0,0.0,210000.0,,,https://www.lazada.vn/search?q=8931311964250,2026-07-01 04:44:35
111,TikTok Shop,195000.0,0.0,175000.0,Voucher Livestream 20k,Flash Sale hàng hiệu,https://www.tiktokshop.vn/search?q=8931311964250,2026-07-01 04:44:35
111,GrabMart,243000.0,0.0,243000.0,,,https://www.grabmart.vn/search?q=8931311964250,2026-07-01 04:44:35
111,Pharmacity,230000.0,0.0,230000.0,,,https://www.pharmacity.vn/search?q=8931311964250,2026-07-01 04:44:35
111,Shopee,206000.0,31000.0,175000.0,Freeship Extra,Flash Sale,https://www.shopee.vn/search?q=8931311964250,2026-07-02 04:44:35
111,Lazada,218000.0,22000.0,196000.0,Voucher tích lũy,Combo mua 2 giảm 5%,https://www.lazada.vn/search?q=8931311964250,2026-07-02 04:44:35
111,TikTok Shop,200000.0,20000.0,180000.0,,Flash Sale hàng hiệu,https://www.tiktokshop.vn/search?q=8931311964250,2026-07-02 04:44:35
111,GrabMart,248000.0,0.0,248000.0,,,https://www.grabmart.vn/search?q=8931311964250,2026-07-02 04:44:35
111,Pharmacity,222000.0,0.0,222000.0,,,https://www.pharmacity.vn/search?q=8931311964250,2026-07-02 04:44:35
111,Shopee,203000.0,10000.0,193000.0,Freeship Extra,,https://www.shopee.vn/search?q=8931311964250,2026-07-03 04:44:35
111,Lazada,200000.0,20000.0,180000.0,Voucher tích lũy,Combo mua 2 giảm 5%,https://www.lazada.vn/search?q=8931311964250,2026-07-03 04:44:35
111,TikTok Shop,188000.0,28000.0,160000.0,,Flash Sale hàng hiệu,https://www.tiktokshop.vn/search?q=8931311964250,2026-07-03 04:44:35
111,GrabMart,254000.0,0.0,254000.0,,,https://www.grabmart.vn/search?q=8931311964250,2026-07-03 04:44:35
111,Pharmacity,231000.0,0.0,231000.0,,,https://www.pharmacity.vn/search?q=8931311964250,2026-07-03 04:44:35
111,Shopee,208000.0,0.0,198000.0,Mã giảm 10k,Flash Sale,https://www.shopee.vn/search?q=8931311964250,2026-07-04 04:44:35
111,Lazada,212000.0,11000.0,201000.0,,,https://www.lazada.vn/search?q=8931311964250,2026-07-04 04:44:35
111,TikTok Shop,185000.0,18000.0,167000.0,,Flash Sale hàng hiệu,https://www.tiktokshop.vn/search?q=8931311964250,2026-07-04 04:44:35
111,GrabMart,245000.0,0.0,245000.0,,,https://www.grabmart.vn/search?q=8931311964250,2026-07-04 04:44:35
111,Pharmacity,232000.0,0.0,232000.0,,,https://www.pharmacity.vn/search?q=8931311964250,2026-07-04 04:44:35
111,Shopee,216000.0,0.0,216000.0,Freeship Extra,Flash Sale,https://www.shopee.vn/search?q=8931311964250,2026-07-05 04:44:35
111,Lazada,214000.0,21000.0,193000.0,,Combo mua 2 giảm 5%,https://www.lazada.vn/search?q=8931311964250,2026-07-05 04:44:35
111,TikTok Shop,200000.0,0.0,180000.0,Voucher Livestream 20k,,https://www.tiktokshop.vn/search?q=8931311964250,2026-07-05 04:44:35
111,GrabMart,252000.0,0.0,252000.0,,,https://www.grabmart.vn/search?q=8931311964250,2026-07-05 04:44:35
111,Pharmacity,226000.0,11000.0,215000.0,,,https://www.pharmacity.vn/search?q=8931311964250,2026-07-05 04:44:35
111,Shopee,203000.0,30000.0,173000.0,,Flash Sale,https://www.shopee.vn/search?q=8931311964250,2026-07-06 04:44:35
111,Lazada,222000.0,22000.0,200000.0,,Combo mua 2 giảm 5%,https://www.lazada.vn/search?q=8931311964250,2026-07-06 04:44:35
111,TikTok Shop,206000.0,0.0,206000.0,,Flash Sale hàng hiệu,https://www.tiktokshop.vn/search?q=8931311964250,2026-07-06 04:44:35
111,GrabMart,255000.0,0.0,255000.0,,,https://www.grabmart.vn/search?q=8931311964250,2026-07-06 04:44:35
111,Pharmacity,233000.0,0.0,233000.0,,,https://www.pharmacity.vn/search?q=8931311964250,2026-07-06 04:44:35
112,Shopee,273000.0,27000.0,246000.0,,,https://www.shopee.vn/search?q=8937151169664,2026-06-30 04:44:35
112,Lazada,287000.0,0.0,287000.0,Voucher tích lũy,Combo mua 2 giảm 5%,https://www.lazada.vn/search?q=8937151169664,2026-06-30 04:44:35
112,TikTok Shop,282000.0,0.0,262000.0,Voucher Livestream 20k,Flash Sale hàng hiệu,https://www.tiktokshop.vn/search?q=8937151169664,2026-06-30 04:44:35
112,GrabMart,327000.0,0.0,327000.0,,,https://www.grabmart.vn/search?q=8937151169664,2026-06-30 04:44:35
112,Pharmacity,315000.0,0.0,315000.0,,,https://www.pharmacity.vn/search?q=8937151169664,2026-06-30 04:44:35
112,Shopee,283000.0,0.0,283000.0,Freeship Extra,Flash Sale,https://www.shopee.vn/search?q=8937151169664,2026-07-01 04:44:35
112,Lazada,276000.0,28000.0,248000.0,,,https://www.lazada.vn/search?q=8937151169664,2026-07-01 04:44:35
112,TikTok Shop,291000.0,0.0,291000.0,,,https://www.tiktokshop.vn/search?q=8937151169664,2026-07-01 04:44:35
112,GrabMart,366000.0,0.0,366000.0,,,https://www.grabmart.vn/search?q=8937151169664,2026-07-01 04:44:35
112,Pharmacity,319000.0,0.0,319000.0,,,https://www.pharmacity.vn/search?q=8937151169664,2026-07-01 04:44:35
112,Shopee,282000.0,28000.0,254000.0,,Flash Sale,https://www.shopee.vn/search?q=8937151169664,2026-07-02 04:44:35
112,Lazada,308000.0,0.0,308000.0,,Combo mua 2 giảm 5%,https://www.lazada.vn/search?q=8937151169664,2026-07-02 04:44:35
112,TikTok Shop,265000.0,0.0,245000.0,Voucher Livestream 20k,,https://www.tiktokshop.vn/search?q=8937151169664,2026-07-02 04:44:35
112,GrabMart,361000.0,0.0,361000.0,,,https://www.grabmart.vn/search?q=8937151169664,2026-07-02 04:44:35
112,Pharmacity,328000.0,16000.0,312000.0,,,https://www.pharmacity.vn/search?q=8937151169664,2026-07-02 04:44:35
112,Shopee,295000.0,44000.0,251000.0,Freeship Extra,,https://www.shopee.vn/search?q=8937151169664,2026-07-03 04:44:35
112,Lazada,295000.0,15000.0,280000.0,,,https://www.lazada.vn/search?q=8937151169664,2026-07-03 04:44:35
112,TikTok Shop,304000.0,0.0,284000.0,Voucher Livestream 20k,Flash Sale hàng hiệu,https://www.tiktokshop.vn/search?q=8937151169664,2026-07-03 04:44:35
112,GrabMart,322000.0,0.0,322000.0,,,https://www.grabmart.vn/search?q=8937151169664,2026-07-03 04:44:35
112,Pharmacity,322000.0,0.0,322000.0,,,https://www.pharmacity.vn/search?q=8937151169664,2026-07-03 04:44:35
112,Shopee,312000.0,47000.0,265000.0,,,https://www.shopee.vn/search?q=8937151169664,2026-07-04 04:44:35
112,Lazada,313000.0,16000.0,297000.0,Voucher tích lũy,Combo mua 2 giảm 5%,https://www.lazada.vn/search?q=8937151169664,2026-07-04 04:44:35
112,TikTok Shop,296000.0,0.0,296000.0,,Flash Sale hàng hiệu,https://www.tiktokshop.vn/search?q=8937151169664,2026-07-04 04:44:35
112,GrabMart,329000.0,0.0,329000.0,,,https://www.grabmart.vn/search?q=8937151169664,2026-07-04 04:44:35
112,Pharmacity,310000.0,16000.0,294000.0,,,https://www.pharmacity.vn/search?q=8937151169664,2026-07-04 04:44:35
112,Shopee,275000.0,41000.0,234000.0,,Flash Sale,https://www.shopee.vn/search?q=8937151169664,2026-07-05 04:44:35
112,Lazada,277000.0,14000.0,263000.0,,,https://www.lazada.vn/search?q=8937151169664,2026-07-05 04:44:35
112,TikTok Shop,290000.0,29000.0,241000.0,Voucher Livestream 20k,,https://www.tiktokshop.vn/search?q=8937151169664,2026-07-05 04:44:35
112,GrabMart,331000.0,0.0,331000.0,,,https://www.grabmart.vn/search?q=8937151169664,2026-07-05 04:44:35
112,Pharmacity,310000.0,0.0,310000.0,,,https://www.pharmacity.vn/search?q=8937151169664,2026-07-05 04:44:35
112,Shopee,281000.0,42000.0,229000.0,Mã giảm 10k,Flash Sale,https://www.shopee.vn/search?q=8937151169664,2026-07-06 04:44:35
112,Lazada,290000.0,14000.0,276000.0,,Combo mua 2 giảm 5%,https://www.lazada.vn/search?q=8937151169664,2026-07-06 04:44:35
112,TikTok Shop,261000.0,39000.0,202000.0,Voucher Livestream 20k,Flash Sale hàng hiệu,https://www.tiktokshop.vn/search?q=8937151169664,2026-07-06 04:44:35
112,GrabMart,332000.0,0.0,332000.0,,,https://www.grabmart.vn/search?q=8937151169664,2026-07-06 04:44:35
112,Pharmacity,329000.0,16000.0,313000.0,,,https://www.pharmacity.vn/search?q=8937151169664,2026-07-06 04:44:35
113,Shopee,162000.0,24000.0,138000.0,,Flash Sale,https://www.shopee.vn/search?q=8931499825084,2026-06-30 04:44:35
113,Lazada,161000.0,0.0,161000.0,Voucher tích lũy,,https://www.lazada.vn/search?q=8931499825084,2026-06-30 04:44:35
113,TikTok Shop,145000.0,22000.0,123000.0,,,https://www.tiktokshop.vn/search?q=8931499825084,2026-06-30 04:44:35
113,GrabMart,166000.0,0.0,166000.0,,,https://www.grabmart.vn/search?q=8931499825084,2026-06-30 04:44:35
113,Pharmacity,169000.0,0.0,169000.0,,,https://www.pharmacity.vn/search?q=8931499825084,2026-06-30 04:44:35
113,Shopee,156000.0,0.0,156000.0,Freeship Extra,,https://www.shopee.vn/search?q=8931499825084,2026-07-01 04:44:35
113,Lazada,152000.0,15000.0,137000.0,,,https://www.lazada.vn/search?q=8931499825084,2026-07-01 04:44:35
113,TikTok Shop,156000.0,0.0,156000.0,,Flash Sale hàng hiệu,https://www.tiktokshop.vn/search?q=8931499825084,2026-07-01 04:44:35
113,GrabMart,163000.0,0.0,163000.0,,,https://www.grabmart.vn/search?q=8931499825084,2026-07-01 04:44:35
113,Pharmacity,161000.0,8000.0,153000.0,,,https://www.pharmacity.vn/search?q=8931499825084,2026-07-01 04:44:35
113,Shopee,163000.0,24000.0,139000.0,,Flash Sale,https://www.shopee.vn/search?q=8931499825084,2026-07-02 04:44:35
113,Lazada,160000.0,8000.0,152000.0,,,https://www.lazada.vn/search?q=8931499825084,2026-07-02 04:44:35
113,TikTok Shop,136000.0,0.0,116000.0,Voucher Livestream 20k,Flash Sale hàng hiệu,https://www.tiktokshop.vn/search?q=8931499825084,2026-07-02 04:44:35
113,GrabMart,181000.0,0.0,181000.0,,,https://www.grabmart.vn/search?q=8931499825084,2026-07-02 04:44:35
113,Pharmacity,167000.0,8000.0,159000.0,,,https://www.pharmacity.vn/search?q=8931499825084,2026-07-02 04:44:35
113,Shopee,142000.0,14000.0,118000.0,Mã giảm 10k,,https://www.shopee.vn/search?q=8931499825084,2026-07-03 04:44:35
113,Lazada,150000.0,8000.0,142000.0,Voucher tích lũy,Combo mua 2 giảm 5%,https://www.lazada.vn/search?q=8931499825084,2026-07-03 04:44:35
113,TikTok Shop,154000.0,0.0,134000.0,Voucher Livestream 20k,Flash Sale hàng hiệu,https://www.tiktokshop.vn/search?q=8931499825084,2026-07-03 04:44:35
113,GrabMart,179000.0,0.0,179000.0,,,https://www.grabmart.vn/search?q=8931499825084,2026-07-03 04:44:35
113,Pharmacity,166000.0,8000.0,158000.0,,,https://www.pharmacity.vn/search?q=8931499825084,2026-07-03 04:44:35
113,Shopee,138000.0,21000.0,117000.0,,,https://www.shopee.vn/search?q=8931499825084,2026-07-04 04:44:35
113,Lazada,143000.0,0.0,143000.0,,,https://www.lazada.vn/search?q=8931499825084,2026-07-04 04:44:35
113,TikTok Shop,156000.0,16000.0,140000.0,,,https://www.tiktokshop.vn/search?q=8931499825084,2026-07-04 04:44:35
113,GrabMart,178000.0,0.0,178000.0,,,https://www.grabmart.vn/search?q=8931499825084,2026-07-04 04:44:35
113,Pharmacity,160000.0,8000.0,152000.0,,,https://www.pharmacity.vn/search?q=8931499825084,2026-07-04 04:44:35
113,Shopee,162000.0,24000.0,128000.0,Mã giảm 10k,Flash Sale,https://www.shopee.vn/search?q=8931499825084,2026-07-05 04:44:35
113,Lazada,148000.0,15000.0,133000.0,Voucher tích lũy,,https://www.lazada.vn/search?q=8931499825084,2026-07-05 04:44:35
113,TikTok Shop,152000.0,15000.0,137000.0,,,https://www.tiktokshop.vn/search?q=8931499825084,2026-07-05 04:44:35
113,GrabMart,178000.0,0.0,178000.0,,,https://www.grabmart.vn/search?q=8931499825084,2026-07-05 04:44:35
113,Pharmacity,164000.0,0.0,164000.0,,,https://www.pharmacity.vn/search?q=8931499825084,2026-07-05 04:44:35
113,Shopee,151000.0,0.0,141000.0,Mã giảm 10k,Flash Sale,https://www.shopee.vn/search?q=8931499825084,2026-07-06 04:44:35
113,Lazada,144000.0,0.0,144000.0,,Combo mua 2 giảm 5%,https://www.lazada.vn/search?q=8931499825084,2026-07-06 04:44:35
113,TikTok Shop,137000.0,21000.0,116000.0,,,https://www.tiktokshop.vn/search?q=8931499825084,2026-07-06 04:44:35
113,GrabMart,175000.0,0.0,175000.0,,,https://www.grabmart.vn/search?q=8931499825084,2026-07-06 04:44:35
113,Pharmacity,163000.0,0.0,163000.0,,,https://www.pharmacity.vn/search?q=8931499825084,2026-07-06 04:44:35
114,Shopee,455000.0,23000.0,432000.0,Freeship Extra,,https://www.shopee.vn/search?q=8938335090255,2026-06-30 04:44:35
114,Lazada,465000.0,0.0,465000.0,Voucher tích lũy,,https://www.lazada.vn/search?q=8938335090255,2026-06-30 04:44:35
114,TikTok Shop,429000.0,64000.0,365000.0,,Flash Sale hàng hiệu,https://www.tiktokshop.vn/search?q=8938335090255,2026-06-30 04:44:35
114,GrabMart,562000.0,0.0,562000.0,,,https://www.grabmart.vn/search?q=8938335090255,2026-06-30 04:44:35
114,Pharmacity,508000.0,25000.0,483000.0,,,https://www.pharmacity.vn/search?q=8938335090255,2026-06-30 04:44:35
114,Shopee,431000.0,22000.0,409000.0,Freeship Extra,Flash Sale,https://www.shopee.vn/search?q=8938335090255,2026-07-01 04:44:35
114,Lazada,475000.0,0.0,475000.0,Voucher tích lũy,,https://www.lazada.vn/search?q=8938335090255,2026-07-01 04:44:35
114,TikTok Shop,420000.0,0.0,400000.0,Voucher Livestream 20k,,https://www.tiktokshop.vn/search?q=8938335090255,2026-07-01 04:44:35
114,GrabMart,559000.0,0.0,559000.0,,,https://www.grabmart.vn/search?q=8938335090255,2026-07-01 04:44:35
114,Pharmacity,499000.0,25000.0,474000.0,,,https://www.pharmacity.vn/search?q=8938335090255,2026-07-01 04:44:35
114,Shopee,456000.0,23000.0,433000.0,,,https://www.shopee.vn/search?q=8938335090255,2026-07-02 04:44:35
114,Lazada,442000.0,0.0,442000.0,,Combo mua 2 giảm 5%,https://www.lazada.vn/search?q=8938335090255,2026-07-02 04:44:35
114,TikTok Shop,473000.0,0.0,473000.0,,,https://www.tiktokshop.vn/search?q=8938335090255,2026-07-02 04:44:35
114,GrabMart,554000.0,0.0,554000.0,,,https://www.grabmart.vn/search?q=8938335090255,2026-07-02 04:44:35
114,Pharmacity,495000.0,25000.0,470000.0,,,https://www.pharmacity.vn/search?q=8938335090255,2026-07-02 04:44:35
114,Shopee,503000.0,75000.0,418000.0,Mã giảm 10k,Flash Sale,https://www.shopee.vn/search?q=8938335090255,2026-07-03 04:44:35
114,Lazada,469000.0,47000.0,422000.0,,Combo mua 2 giảm 5%,https://www.lazada.vn/search?q=8938335090255,2026-07-03 04:44:35
114,TikTok Shop,461000.0,46000.0,395000.0,Voucher Livestream 20k,Flash Sale hàng hiệu,https://www.tiktokshop.vn/search?q=8938335090255,2026-07-03 04:44:35
114,GrabMart,583000.0,0.0,583000.0,,,https://www.grabmart.vn/search?q=8938335090255,2026-07-03 04:44:35
114,Pharmacity,498000.0,25000.0,473000.0,,,https://www.pharmacity.vn/search?q=8938335090255,2026-07-03 04:44:35
114,Shopee,444000.0,44000.0,400000.0,Freeship Extra,,https://www.shopee.vn/search?q=8938335090255,2026-07-04 04:44:35
114,Lazada,500000.0,25000.0,475000.0,Voucher tích lũy,,https://www.lazada.vn/search?q=8938335090255,2026-07-04 04:44:35
114,TikTok Shop,441000.0,0.0,421000.0,Voucher Livestream 20k,Flash Sale hàng hiệu,https://www.tiktokshop.vn/search?q=8938335090255,2026-07-04 04:44:35
114,GrabMart,520000.0,0.0,520000.0,,,https://www.grabmart.vn/search?q=8938335090255,2026-07-04 04:44:35
114,Pharmacity,509000.0,0.0,509000.0,,,https://www.pharmacity.vn/search?q=8938335090255,2026-07-04 04:44:35
114,Shopee,507000.0,25000.0,482000.0,Freeship Extra,Flash Sale,https://www.shopee.vn/search?q=8938335090255,2026-07-05 04:44:35
114,Lazada,454000.0,23000.0,431000.0,Voucher tích lũy,Combo mua 2 giảm 5%,https://www.lazada.vn/search?q=8938335090255,2026-07-05 04:44:35
114,TikTok Shop,448000.0,45000.0,383000.0,Voucher Livestream 20k,Flash Sale hàng hiệu,https://www.tiktokshop.vn/search?q=8938335090255,2026-07-05 04:44:35
114,GrabMart,546000.0,0.0,546000.0,,,https://www.grabmart.vn/search?q=8938335090255,2026-07-05 04:44:35
114,Pharmacity,505000.0,25000.0,480000.0,,,https://www.pharmacity.vn/search?q=8938335090255,2026-07-05 04:44:35
114,Shopee,437000.0,22000.0,415000.0,,,https://www.shopee.vn/search?q=8938335090255,2026-07-06 04:44:35
114,Lazada,485000.0,48000.0,437000.0,,Combo mua 2 giảm 5%,https://www.lazada.vn/search?q=8938335090255,2026-07-06 04:44:35
114,TikTok Shop,484000.0,73000.0,391000.0,Voucher Livestream 20k,Flash Sale hàng hiệu,https://www.tiktokshop.vn/search?q=8938335090255,2026-07-06 04:44:35
114,GrabMart,561000.0,0.0,561000.0,,,https://www.grabmart.vn/search?q=8938335090255,2026-07-06 04:44:35
114,Pharmacity,500000.0,0.0,500000.0,,,https://www.pharmacity.vn/search?q=8938335090255,2026-07-06 04:44:35
115,Shopee,24000.0,4000.0,20000.0,,Flash Sale,https://www.shopee.vn/search?q=8937496033583,2026-06-30 04:44:35
115,Lazada,22000.0,0.0,22000.0,Voucher tích lũy,,https://www.lazada.vn/search?q=8937496033583,2026-06-30 04:44:35
115,TikTok Shop,21000.0,3000.0,18000.0,,Flash Sale hàng hiệu,https://www.tiktokshop.vn/search?q=8937496033583,2026-06-30 04:44:35
115,GrabMart,27000.0,0.0,27000.0,,,https://www.grabmart.vn/search?q=8937496033583,2026-06-30 04:44:35
115,Pharmacity,25000.0,0.0,25000.0,,,https://www.pharmacity.vn/search?q=8937496033583,2026-06-30 04:44:35
115,Shopee,22000.0,3000.0,19000.0,,,https://www.shopee.vn/search?q=8937496033583,2026-07-01 04:44:35
115,Lazada,24000.0,1000.0,23000.0,Voucher tích lũy,,https://www.lazada.vn/search?q=8937496033583,2026-07-01 04:44:35
115,TikTok Shop,23000.0,0.0,23000.0,,,https://www.tiktokshop.vn/search?q=8937496033583,2026-07-01 04:44:35
115,GrabMart,25000.0,0.0,25000.0,,,https://www.grabmart.vn/search?q=8937496033583,2026-07-01 04:44:35
115,Pharmacity,26000.0,0.0,26000.0,,,https://www.pharmacity.vn/search?q=8937496033583,2026-07-01 04:44:35
115,Shopee,22000.0,0.0,12000.0,Mã giảm 10k,Flash Sale,https://www.shopee.vn/search?q=8937496033583,2026-07-02 04:44:35
115,Lazada,22000.0,0.0,22000.0,,Combo mua 2 giảm 5%,https://www.lazada.vn/search?q=8937496033583,2026-07-02 04:44:35
115,TikTok Shop,23000.0,2000.0,1000,Voucher Livestream 20k,Flash Sale hàng hiệu,https://www.tiktokshop.vn/search?q=8937496033583,2026-07-02 04:44:35
115,GrabMart,27000.0,0.0,27000.0,,,https://www.grabmart.vn/search?q=8937496033583,2026-07-02 04:44:35
115,Pharmacity,25000.0,1000.0,24000.0,,,https://www.pharmacity.vn/search?q=8937496033583,2026-07-02 04:44:35
115,Shopee,22000.0,1000.0,21000.0,,,https://www.shopee.vn/search?q=8937496033583,2026-07-03 04:44:35
115,Lazada,23000.0,2000.0,21000.0,Voucher tích lũy,,https://www.lazada.vn/search?q=8937496033583,2026-07-03 04:44:35
115,TikTok Shop,22000.0,3000.0,1000,Voucher Livestream 20k,Flash Sale hàng hiệu,https://www.tiktokshop.vn/search?q=8937496033583,2026-07-03 04:44:35
115,GrabMart,28000.0,0.0,28000.0,,,https://www.grabmart.vn/search?q=8937496033583,2026-07-03 04:44:35
115,Pharmacity,26000.0,0.0,26000.0,,,https://www.pharmacity.vn/search?q=8937496033583,2026-07-03 04:44:35
115,Shopee,23000.0,1000.0,12000.0,Mã giảm 10k,,https://www.shopee.vn/search?q=8937496033583,2026-07-04 04:44:35
115,Lazada,24000.0,0.0,24000.0,Voucher tích lũy,Combo mua 2 giảm 5%,https://www.lazada.vn/search?q=8937496033583,2026-07-04 04:44:35
115,TikTok Shop,22000.0,0.0,22000.0,,Flash Sale hàng hiệu,https://www.tiktokshop.vn/search?q=8937496033583,2026-07-04 04:44:35
115,GrabMart,28000.0,0.0,28000.0,,,https://www.grabmart.vn/search?q=8937496033583,2026-07-04 04:44:35
115,Pharmacity,25000.0,0.0,25000.0,,,https://www.pharmacity.vn/search?q=8937496033583,2026-07-04 04:44:35
115,Shopee,23000.0,0.0,13000.0,Mã giảm 10k,Flash Sale,https://www.shopee.vn/search?q=8937496033583,2026-07-05 04:44:35
115,Lazada,24000.0,0.0,24000.0,Voucher tích lũy,,https://www.lazada.vn/search?q=8937496033583,2026-07-05 04:44:35
115,TikTok Shop,21000.0,3000.0,1000,Voucher Livestream 20k,Flash Sale hàng hiệu,https://www.tiktokshop.vn/search?q=8937496033583,2026-07-05 04:44:35
115,GrabMart,28000.0,0.0,28000.0,,,https://www.grabmart.vn/search?q=8937496033583,2026-07-05 04:44:35
115,Pharmacity,24000.0,0.0,24000.0,,,https://www.pharmacity.vn/search?q=8937496033583,2026-07-05 04:44:35
115,Shopee,25000.0,2000.0,13000.0,Mã giảm 10k,,https://www.shopee.vn/search?q=8937496033583,2026-07-06 04:44:35
115,Lazada,23000.0,1000.0,22000.0,,Combo mua 2 giảm 5%,https://www.lazada.vn/search?q=8937496033583,2026-07-06 04:44:35
115,TikTok Shop,24000.0,2000.0,2000.0,Voucher Livestream 20k,,https://www.tiktokshop.vn/search?q=8937496033583,2026-07-06 04:44:35
115,GrabMart,27000.0,0.0,27000.0,,,https://www.grabmart.vn/search?q=8937496033583,2026-07-06 04:44:35
115,Pharmacity,26000.0,0.0,26000.0,,,https://www.pharmacity.vn/search?q=8937496033583,2026-07-06 04:44:35
116,Shopee,438000.0,0.0,438000.0,,,https://www.shopee.vn/search?q=8933447650472,2026-06-30 04:44:35
116,Lazada,470000.0,0.0,470000.0,Voucher tích lũy,Combo mua 2 giảm 5%,https://www.lazada.vn/search?q=8933447650472,2026-06-30 04:44:35
116,TikTok Shop,413000.0,41000.0,352000.0,Voucher Livestream 20k,Flash Sale hàng hiệu,https://www.tiktokshop.vn/search?q=8933447650472,2026-06-30 04:44:35
116,GrabMart,494000.0,0.0,494000.0,,,https://www.grabmart.vn/search?q=8933447650472,2026-06-30 04:44:35
116,Pharmacity,499000.0,25000.0,474000.0,,,https://www.pharmacity.vn/search?q=8933447650472,2026-06-30 04:44:35
116,Shopee,438000.0,66000.0,362000.0,Mã giảm 10k,Flash Sale,https://www.shopee.vn/search?q=8933447650472,2026-07-01 04:44:35
116,Lazada,434000.0,22000.0,412000.0,Voucher tích lũy,,https://www.lazada.vn/search?q=8933447650472,2026-07-01 04:44:35
116,TikTok Shop,436000.0,44000.0,392000.0,,Flash Sale hàng hiệu,https://www.tiktokshop.vn/search?q=8933447650472,2026-07-01 04:44:35
116,GrabMart,564000.0,0.0,564000.0,,,https://www.grabmart.vn/search?q=8933447650472,2026-07-01 04:44:35
116,Pharmacity,479000.0,24000.0,455000.0,,,https://www.pharmacity.vn/search?q=8933447650472,2026-07-01 04:44:35
116,Shopee,480000.0,0.0,480000.0,,,https://www.shopee.vn/search?q=8933447650472,2026-07-02 04:44:35
116,Lazada,475000.0,0.0,475000.0,,,https://www.lazada.vn/search?q=8933447650472,2026-07-02 04:44:35
116,TikTok Shop,411000.0,0.0,411000.0,,,https://www.tiktokshop.vn/search?q=8933447650472,2026-07-02 04:44:35
116,GrabMart,553000.0,0.0,553000.0,,,https://www.grabmart.vn/search?q=8933447650472,2026-07-02 04:44:35
116,Pharmacity,506000.0,0.0,506000.0,,,https://www.pharmacity.vn/search?q=8933447650472,2026-07-02 04:44:35
116,Shopee,469000.0,47000.0,422000.0,Freeship Extra,,https://www.shopee.vn/search?q=8933447650472,2026-07-03 04:44:35
116,Lazada,436000.0,44000.0,392000.0,Voucher tích lũy,Combo mua 2 giảm 5%,https://www.lazada.vn/search?q=8933447650472,2026-07-03 04:44:35
116,TikTok Shop,459000.0,0.0,459000.0,,,https://www.tiktokshop.vn/search?q=8933447650472,2026-07-03 04:44:35
116,GrabMart,547000.0,0.0,547000.0,,,https://www.grabmart.vn/search?q=8933447650472,2026-07-03 04:44:35
116,Pharmacity,483000.0,0.0,483000.0,,,https://www.pharmacity.vn/search?q=8933447650472,2026-07-03 04:44:35
116,Shopee,426000.0,0.0,426000.0,,Flash Sale,https://www.shopee.vn/search?q=8933447650472,2026-07-04 04:44:35
116,Lazada,474000.0,0.0,474000.0,,,https://www.lazada.vn/search?q=8933447650472,2026-07-04 04:44:35
116,TikTok Shop,454000.0,45000.0,389000.0,Voucher Livestream 20k,,https://www.tiktokshop.vn/search?q=8933447650472,2026-07-04 04:44:35
116,GrabMart,529000.0,0.0,529000.0,,,https://www.grabmart.vn/search?q=8933447650472,2026-07-04 04:44:35
116,Pharmacity,483000.0,24000.0,459000.0,,,https://www.pharmacity.vn/search?q=8933447650472,2026-07-04 04:44:35
116,Shopee,460000.0,23000.0,427000.0,Mã giảm 10k,Flash Sale,https://www.shopee.vn/search?q=8933447650472,2026-07-05 04:44:35
116,Lazada,470000.0,47000.0,423000.0,,Combo mua 2 giảm 5%,https://www.lazada.vn/search?q=8933447650472,2026-07-05 04:44:35
116,TikTok Shop,411000.0,0.0,411000.0,,,https://www.tiktokshop.vn/search?q=8933447650472,2026-07-05 04:44:35
116,GrabMart,568000.0,0.0,568000.0,,,https://www.grabmart.vn/search?q=8933447650472,2026-07-05 04:44:35
116,Pharmacity,485000.0,0.0,485000.0,,,https://www.pharmacity.vn/search?q=8933447650472,2026-07-05 04:44:35
116,Shopee,467000.0,0.0,467000.0,,,https://www.shopee.vn/search?q=8933447650472,2026-07-06 04:44:35
116,Lazada,477000.0,0.0,477000.0,,Combo mua 2 giảm 5%,https://www.lazada.vn/search?q=8933447650472,2026-07-06 04:44:35
116,TikTok Shop,447000.0,67000.0,360000.0,Voucher Livestream 20k,Flash Sale hàng hiệu,https://www.tiktokshop.vn/search?q=8933447650472,2026-07-06 04:44:35
116,GrabMart,531000.0,0.0,531000.0,,,https://www.grabmart.vn/search?q=8933447650472,2026-07-06 04:44:35
116,Pharmacity,486000.0,24000.0,462000.0,,,https://www.pharmacity.vn/search?q=8933447650472,2026-07-06 04:44:35
117,Shopee,79000.0,12000.0,67000.0,,Flash Sale,https://www.shopee.vn/search?q=8938044210173,2026-06-30 04:44:35
117,Lazada,73000.0,7000.0,66000.0,,Combo mua 2 giảm 5%,https://www.lazada.vn/search?q=8938044210173,2026-06-30 04:44:35
117,TikTok Shop,76000.0,8000.0,68000.0,,Flash Sale hàng hiệu,https://www.tiktokshop.vn/search?q=8938044210173,2026-06-30 04:44:35
117,GrabMart,94000.0,0.0,94000.0,,,https://www.grabmart.vn/search?q=8938044210173,2026-06-30 04:44:35
117,Pharmacity,83000.0,4000.0,79000.0,,,https://www.pharmacity.vn/search?q=8938044210173,2026-06-30 04:44:35
117,Shopee,81000.0,12000.0,59000.0,Mã giảm 10k,Flash Sale,https://www.shopee.vn/search?q=8938044210173,2026-07-01 04:44:35
117,Lazada,76000.0,4000.0,72000.0,Voucher tích lũy,,https://www.lazada.vn/search?q=8938044210173,2026-07-01 04:44:35
117,TikTok Shop,71000.0,0.0,71000.0,,Flash Sale hàng hiệu,https://www.tiktokshop.vn/search?q=8938044210173,2026-07-01 04:44:35
117,GrabMart,90000.0,0.0,90000.0,,,https://www.grabmart.vn/search?q=8938044210173,2026-07-01 04:44:35
117,Pharmacity,87000.0,4000.0,83000.0,,,https://www.pharmacity.vn/search?q=8938044210173,2026-07-01 04:44:35
117,Shopee,83000.0,12000.0,61000.0,Mã giảm 10k,Flash Sale,https://www.shopee.vn/search?q=8938044210173,2026-07-02 04:44:35
117,Lazada,78000.0,0.0,78000.0,Voucher tích lũy,Combo mua 2 giảm 5%,https://www.lazada.vn/search?q=8938044210173,2026-07-02 04:44:35
117,TikTok Shop,81000.0,0.0,61000.0,Voucher Livestream 20k,Flash Sale hàng hiệu,https://www.tiktokshop.vn/search?q=8938044210173,2026-07-02 04:44:35
117,GrabMart,98000.0,0.0,98000.0,,,https://www.grabmart.vn/search?q=8938044210173,2026-07-02 04:44:35
117,Pharmacity,85000.0,4000.0,81000.0,,,https://www.pharmacity.vn/search?q=8938044210173,2026-07-02 04:44:35
117,Shopee,76000.0,11000.0,65000.0,Freeship Extra,,https://www.shopee.vn/search?q=8938044210173,2026-07-03 04:44:35
117,Lazada,75000.0,0.0,75000.0,,,https://www.lazada.vn/search?q=8938044210173,2026-07-03 04:44:35
117,TikTok Shop,68000.0,7000.0,61000.0,,Flash Sale hàng hiệu,https://www.tiktokshop.vn/search?q=8938044210173,2026-07-03 04:44:35
117,GrabMart,89000.0,0.0,89000.0,,,https://www.grabmart.vn/search?q=8938044210173,2026-07-03 04:44:35
117,Pharmacity,82000.0,4000.0,78000.0,,,https://www.pharmacity.vn/search?q=8938044210173,2026-07-03 04:44:35
117,Shopee,73000.0,7000.0,66000.0,,,https://www.shopee.vn/search?q=8938044210173,2026-07-04 04:44:35
117,Lazada,78000.0,8000.0,70000.0,Voucher tích lũy,Combo mua 2 giảm 5%,https://www.lazada.vn/search?q=8938044210173,2026-07-04 04:44:35
117,TikTok Shop,74000.0,0.0,54000.0,Voucher Livestream 20k,,https://www.tiktokshop.vn/search?q=8938044210173,2026-07-04 04:44:35
117,GrabMart,89000.0,0.0,89000.0,,,https://www.grabmart.vn/search?q=8938044210173,2026-07-04 04:44:35
117,Pharmacity,82000.0,4000.0,78000.0,,,https://www.pharmacity.vn/search?q=8938044210173,2026-07-04 04:44:35
117,Shopee,80000.0,8000.0,72000.0,,,https://www.shopee.vn/search?q=8938044210173,2026-07-05 04:44:35
117,Lazada,78000.0,4000.0,74000.0,,Combo mua 2 giảm 5%,https://www.lazada.vn/search?q=8938044210173,2026-07-05 04:44:35
117,TikTok Shop,75000.0,8000.0,67000.0,,Flash Sale hàng hiệu,https://www.tiktokshop.vn/search?q=8938044210173,2026-07-05 04:44:35
117,GrabMart,93000.0,0.0,93000.0,,,https://www.grabmart.vn/search?q=8938044210173,2026-07-05 04:44:35
117,Pharmacity,86000.0,4000.0,82000.0,,,https://www.pharmacity.vn/search?q=8938044210173,2026-07-05 04:44:35
117,Shopee,79000.0,4000.0,75000.0,Freeship Extra,Flash Sale,https://www.shopee.vn/search?q=8938044210173,2026-07-06 04:44:35
117,Lazada,77000.0,4000.0,73000.0,,Combo mua 2 giảm 5%,https://www.lazada.vn/search?q=8938044210173,2026-07-06 04:44:35
117,TikTok Shop,76000.0,8000.0,68000.0,,,https://www.tiktokshop.vn/search?q=8938044210173,2026-07-06 04:44:35
117,GrabMart,90000.0,0.0,90000.0,,,https://www.grabmart.vn/search?q=8938044210173,2026-07-06 04:44:35
117,Pharmacity,84000.0,0.0,84000.0,,,https://www.pharmacity.vn/search?q=8938044210173,2026-07-06 04:44:35
118,Shopee,278000.0,14000.0,264000.0,,Flash Sale,https://www.shopee.vn/search?q=8937485953250,2026-06-30 04:44:35
118,Lazada,274000.0,0.0,274000.0,Voucher tích lũy,,https://www.lazada.vn/search?q=8937485953250,2026-06-30 04:44:35
118,TikTok Shop,254000.0,0.0,234000.0,Voucher Livestream 20k,,https://www.tiktokshop.vn/search?q=8937485953250,2026-06-30 04:44:35
118,GrabMart,317000.0,0.0,317000.0,,,https://www.grabmart.vn/search?q=8937485953250,2026-06-30 04:44:35
118,Pharmacity,293000.0,15000.0,278000.0,,,https://www.pharmacity.vn/search?q=8937485953250,2026-06-30 04:44:35
118,Shopee,248000.0,37000.0,211000.0,,Flash Sale,https://www.shopee.vn/search?q=8937485953250,2026-07-01 04:44:35
118,Lazada,279000.0,14000.0,265000.0,,Combo mua 2 giảm 5%,https://www.lazada.vn/search?q=8937485953250,2026-07-01 04:44:35
118,TikTok Shop,248000.0,37000.0,211000.0,,Flash Sale hàng hiệu,https://www.tiktokshop.vn/search?q=8937485953250,2026-07-01 04:44:35
118,GrabMart,309000.0,0.0,309000.0,,,https://www.grabmart.vn/search?q=8937485953250,2026-07-01 04:44:35
118,Pharmacity,296000.0,0.0,296000.0,,,https://www.pharmacity.vn/search?q=8937485953250,2026-07-01 04:44:35
118,Shopee,282000.0,28000.0,244000.0,Mã giảm 10k,Flash Sale,https://www.shopee.vn/search?q=8937485953250,2026-07-02 04:44:35
118,Lazada,275000.0,28000.0,247000.0,,,https://www.lazada.vn/search?q=8937485953250,2026-07-02 04:44:35
118,TikTok Shop,281000.0,42000.0,239000.0,,Flash Sale hàng hiệu,https://www.tiktokshop.vn/search?q=8937485953250,2026-07-02 04:44:35
118,GrabMart,327000.0,0.0,327000.0,,,https://www.grabmart.vn/search?q=8937485953250,2026-07-02 04:44:35
118,Pharmacity,298000.0,0.0,298000.0,,,https://www.pharmacity.vn/search?q=8937485953250,2026-07-02 04:44:35
118,Shopee,270000.0,27000.0,243000.0,,Flash Sale,https://www.shopee.vn/search?q=8937485953250,2026-07-03 04:44:35
118,Lazada,269000.0,0.0,269000.0,Voucher tích lũy,Combo mua 2 giảm 5%,https://www.lazada.vn/search?q=8937485953250,2026-07-03 04:44:35
118,TikTok Shop,246000.0,25000.0,221000.0,,,https://www.tiktokshop.vn/search?q=8937485953250,2026-07-03 04:44:35
118,GrabMart,323000.0,0.0,323000.0,,,https://www.grabmart.vn/search?q=8937485953250,2026-07-03 04:44:35
118,Pharmacity,299000.0,0.0,299000.0,,,https://www.pharmacity.vn/search?q=8937485953250,2026-07-03 04:44:35
118,Shopee,262000.0,13000.0,239000.0,Mã giảm 10k,Flash Sale,https://www.shopee.vn/search?q=8937485953250,2026-07-04 04:44:35
118,Lazada,273000.0,27000.0,246000.0,Voucher tích lũy,Combo mua 2 giảm 5%,https://www.lazada.vn/search?q=8937485953250,2026-07-04 04:44:35
118,TikTok Shop,241000.0,24000.0,197000.0,Voucher Livestream 20k,Flash Sale hàng hiệu,https://www.tiktokshop.vn/search?q=8937485953250,2026-07-04 04:44:35
118,GrabMart,301000.0,0.0,301000.0,,,https://www.grabmart.vn/search?q=8937485953250,2026-07-04 04:44:35
118,Pharmacity,296000.0,15000.0,281000.0,,,https://www.pharmacity.vn/search?q=8937485953250,2026-07-04 04:44:35
118,Shopee,253000.0,13000.0,230000.0,Mã giảm 10k,,https://www.shopee.vn/search?q=8937485953250,2026-07-05 04:44:35
118,Lazada,258000.0,13000.0,245000.0,Voucher tích lũy,Combo mua 2 giảm 5%,https://www.lazada.vn/search?q=8937485953250,2026-07-05 04:44:35
118,TikTok Shop,243000.0,36000.0,187000.0,Voucher Livestream 20k,,https://www.tiktokshop.vn/search?q=8937485953250,2026-07-05 04:44:35
118,GrabMart,322000.0,0.0,322000.0,,,https://www.grabmart.vn/search?q=8937485953250,2026-07-05 04:44:35
118,Pharmacity,297000.0,15000.0,282000.0,,,https://www.pharmacity.vn/search?q=8937485953250,2026-07-05 04:44:35
118,Shopee,253000.0,0.0,253000.0,Freeship Extra,Flash Sale,https://www.shopee.vn/search?q=8937485953250,2026-07-06 04:44:35
118,Lazada,265000.0,26000.0,239000.0,,,https://www.lazada.vn/search?q=8937485953250,2026-07-06 04:44:35
118,TikTok Shop,270000.0,40000.0,230000.0,,Flash Sale hàng hiệu,https://www.tiktokshop.vn/search?q=8937485953250,2026-07-06 04:44:35
118,GrabMart,295000.0,0.0,295000.0,,,https://www.grabmart.vn/search?q=8937485953250,2026-07-06 04:44:35
118,Pharmacity,285000.0,0.0,285000.0,,,https://www.pharmacity.vn/search?q=8937485953250,2026-07-06 04:44:35
119,Shopee,0.0,0.0,0.0,Freeship Extra,Flash Sale,https://www.shopee.vn/search?q=8933155516510,2026-06-30 04:44:35
119,Lazada,0.0,0.0,0.0,,,https://www.lazada.vn/search?q=8933155516510,2026-06-30 04:44:35
119,TikTok Shop,0.0,0.0,1000,Voucher Livestream 20k,,https://www.tiktokshop.vn/search?q=8933155516510,2026-06-30 04:44:35
119,GrabMart,0.0,0.0,0.0,,,https://www.grabmart.vn/search?q=8933155516510,2026-06-30 04:44:35
119,Pharmacity,0.0,0.0,0.0,,,https://www.pharmacity.vn/search?q=8933155516510,2026-06-30 04:44:35
119,Shopee,0.0,0.0,1000,Mã giảm 10k,,https://www.shopee.vn/search?q=8933155516510,2026-07-01 04:44:35
119,Lazada,0.0,0.0,0.0,,,https://www.lazada.vn/search?q=8933155516510,2026-07-01 04:44:35
119,TikTok Shop,0.0,0.0,1000,Voucher Livestream 20k,Flash Sale hàng hiệu,https://www.tiktokshop.vn/search?q=8933155516510,2026-07-01 04:44:35
119,GrabMart,0.0,0.0,0.0,,,https://www.grabmart.vn/search?q=8933155516510,2026-07-01 04:44:35
119,Pharmacity,0.0,0.0,0.0,,,https://www.pharmacity.vn/search?q=8933155516510,2026-07-01 04:44:35
119,Shopee,0.0,0.0,0.0,Freeship Extra,,https://www.shopee.vn/search?q=8933155516510,2026-07-02 04:44:35
119,Lazada,0.0,0.0,0.0,,,https://www.lazada.vn/search?q=8933155516510,2026-07-02 04:44:35
119,TikTok Shop,0.0,0.0,0.0,,Flash Sale hàng hiệu,https://www.tiktokshop.vn/search?q=8933155516510,2026-07-02 04:44:35
119,GrabMart,0.0,0.0,0.0,,,https://www.grabmart.vn/search?q=8933155516510,2026-07-02 04:44:35
119,Pharmacity,0.0,0.0,0.0,,,https://www.pharmacity.vn/search?q=8933155516510,2026-07-02 04:44:35
119,Shopee,0.0,0.0,1000,Mã giảm 10k,,https://www.shopee.vn/search?q=8933155516510,2026-07-03 04:44:35
119,Lazada,0.0,0.0,0.0,Voucher tích lũy,Combo mua 2 giảm 5%,https://www.lazada.vn/search?q=8933155516510,2026-07-03 04:44:35
119,TikTok Shop,0.0,0.0,1000,Voucher Livestream 20k,,https://www.tiktokshop.vn/search?q=8933155516510,2026-07-03 04:44:35
119,GrabMart,0.0,0.0,0.0,,,https://www.grabmart.vn/search?q=8933155516510,2026-07-03 04:44:35
119,Pharmacity,0.0,0.0,0.0,,,https://www.pharmacity.vn/search?q=8933155516510,2026-07-03 04:44:35
119,Shopee,0.0,0.0,1000,Mã giảm 10k,Flash Sale,https://www.shopee.vn/search?q=8933155516510,2026-07-04 04:44:35
119,Lazada,0.0,0.0,0.0,Voucher tích lũy,,https://www.lazada.vn/search?q=8933155516510,2026-07-04 04:44:35
119,TikTok Shop,0.0,0.0,1000,Voucher Livestream 20k,,https://www.tiktokshop.vn/search?q=8933155516510,2026-07-04 04:44:35
119,GrabMart,0.0,0.0,0.0,,,https://www.grabmart.vn/search?q=8933155516510,2026-07-04 04:44:35
119,Pharmacity,0.0,0.0,0.0,,,https://www.pharmacity.vn/search?q=8933155516510,2026-07-04 04:44:35
119,Shopee,0.0,0.0,0.0,,Flash Sale,https://www.shopee.vn/search?q=8933155516510,2026-07-05 04:44:35
119,Lazada,0.0,0.0,0.0,,Combo mua 2 giảm 5%,https://www.lazada.vn/search?q=8933155516510,2026-07-05 04:44:35
119,TikTok Shop,0.0,0.0,0.0,,Flash Sale hàng hiệu,https://www.tiktokshop.vn/search?q=8933155516510,2026-07-05 04:44:35
119,GrabMart,0.0,0.0,0.0,,,https://www.grabmart.vn/search?q=8933155516510,2026-07-05 04:44:35
119,Pharmacity,0.0,0.0,0.0,,,https://www.pharmacity.vn/search?q=8933155516510,2026-07-05 04:44:35
119,Shopee,0.0,0.0,1000,Mã giảm 10k,,https://www.shopee.vn/search?q=8933155516510,2026-07-06 04:44:35
119,Lazada,0.0,0.0,0.0,Voucher tích lũy,Combo mua 2 giảm 5%,https://www.lazada.vn/search?q=8933155516510,2026-07-06 04:44:35
119,TikTok Shop,0.0,0.0,0.0,,Flash Sale hàng hiệu,https://www.tiktokshop.vn/search?q=8933155516510,2026-07-06 04:44:35
119,GrabMart,0.0,0.0,0.0,,,https://www.grabmart.vn/search?q=8933155516510,2026-07-06 04:44:35
119,Pharmacity,0.0,0.0,0.0,,,https://www.pharmacity.vn/search?q=8933155516510,2026-07-06 04:44:35
120,Shopee,450000.0,45000.0,405000.0,,,https://www.shopee.vn/search?q=8930900404764,2026-06-30 04:44:35
120,Lazada,520000.0,52000.0,468000.0,Voucher tích lũy,,https://www.lazada.vn/search?q=8930900404764,2026-06-30 04:44:35
120,TikTok Shop,449000.0,67000.0,382000.0,,Flash Sale hàng hiệu,https://www.tiktokshop.vn/search?q=8930900404764,2026-06-30 04:44:35
120,GrabMart,592000.0,0.0,592000.0,,,https://www.grabmart.vn/search?q=8930900404764,2026-06-30 04:44:35
120,Pharmacity,544000.0,27000.0,517000.0,,,https://www.pharmacity.vn/search?q=8930900404764,2026-06-30 04:44:35
120,Shopee,454000.0,68000.0,386000.0,,,https://www.shopee.vn/search?q=8930900404764,2026-07-01 04:44:35
120,Lazada,516000.0,52000.0,464000.0,,Combo mua 2 giảm 5%,https://www.lazada.vn/search?q=8930900404764,2026-07-01 04:44:35
120,TikTok Shop,440000.0,0.0,440000.0,,,https://www.tiktokshop.vn/search?q=8930900404764,2026-07-01 04:44:35
120,GrabMart,565000.0,0.0,565000.0,,,https://www.grabmart.vn/search?q=8930900404764,2026-07-01 04:44:35
120,Pharmacity,544000.0,27000.0,517000.0,,,https://www.pharmacity.vn/search?q=8930900404764,2026-07-01 04:44:35
120,Shopee,465000.0,70000.0,395000.0,,,https://www.shopee.vn/search?q=8930900404764,2026-07-02 04:44:35
120,Lazada,471000.0,24000.0,447000.0,Voucher tích lũy,,https://www.lazada.vn/search?q=8930900404764,2026-07-02 04:44:35
120,TikTok Shop,429000.0,43000.0,366000.0,Voucher Livestream 20k,Flash Sale hàng hiệu,https://www.tiktokshop.vn/search?q=8930900404764,2026-07-02 04:44:35
120,GrabMart,542000.0,0.0,542000.0,,,https://www.grabmart.vn/search?q=8930900404764,2026-07-02 04:44:35
120,Pharmacity,511000.0,0.0,511000.0,,,https://www.pharmacity.vn/search?q=8930900404764,2026-07-02 04:44:35
120,Shopee,497000.0,50000.0,447000.0,Freeship Extra,Flash Sale,https://www.shopee.vn/search?q=8930900404764,2026-07-03 04:44:35
120,Lazada,503000.0,0.0,503000.0,Voucher tích lũy,,https://www.lazada.vn/search?q=8930900404764,2026-07-03 04:44:35
120,TikTok Shop,483000.0,0.0,483000.0,,Flash Sale hàng hiệu,https://www.tiktokshop.vn/search?q=8930900404764,2026-07-03 04:44:35
120,GrabMart,596000.0,0.0,596000.0,,,https://www.grabmart.vn/search?q=8930900404764,2026-07-03 04:44:35
120,Pharmacity,548000.0,0.0,548000.0,,,https://www.pharmacity.vn/search?q=8930900404764,2026-07-03 04:44:35
120,Shopee,516000.0,77000.0,439000.0,Freeship Extra,Flash Sale,https://www.shopee.vn/search?q=8930900404764,2026-07-04 04:44:35
120,Lazada,508000.0,51000.0,457000.0,,Combo mua 2 giảm 5%,https://www.lazada.vn/search?q=8930900404764,2026-07-04 04:44:35
120,TikTok Shop,457000.0,69000.0,368000.0,Voucher Livestream 20k,Flash Sale hàng hiệu,https://www.tiktokshop.vn/search?q=8930900404764,2026-07-04 04:44:35
120,GrabMart,597000.0,0.0,597000.0,,,https://www.grabmart.vn/search?q=8930900404764,2026-07-04 04:44:35
120,Pharmacity,531000.0,27000.0,504000.0,,,https://www.pharmacity.vn/search?q=8930900404764,2026-07-04 04:44:35
120,Shopee,498000.0,50000.0,448000.0,Freeship Extra,,https://www.shopee.vn/search?q=8930900404764,2026-07-05 04:44:35
120,Lazada,478000.0,48000.0,430000.0,Voucher tích lũy,Combo mua 2 giảm 5%,https://www.lazada.vn/search?q=8930900404764,2026-07-05 04:44:35
120,TikTok Shop,440000.0,44000.0,376000.0,Voucher Livestream 20k,Flash Sale hàng hiệu,https://www.tiktokshop.vn/search?q=8930900404764,2026-07-05 04:44:35
120,GrabMart,610000.0,0.0,610000.0,,,https://www.grabmart.vn/search?q=8930900404764,2026-07-05 04:44:35
120,Pharmacity,539000.0,0.0,539000.0,,,https://www.pharmacity.vn/search?q=8930900404764,2026-07-05 04:44:35
120,Shopee,511000.0,77000.0,434000.0,Freeship Extra,Flash Sale,https://www.shopee.vn/search?q=8930900404764,2026-07-06 04:44:35
120,Lazada,481000.0,24000.0,457000.0,,Combo mua 2 giảm 5%,https://www.lazada.vn/search?q=8930900404764,2026-07-06 04:44:35
120,TikTok Shop,501000.0,50000.0,431000.0,Voucher Livestream 20k,Flash Sale hàng hiệu,https://www.tiktokshop.vn/search?q=8930900404764,2026-07-06 04:44:35
120,GrabMart,565000.0,0.0,565000.0,,,https://www.grabmart.vn/search?q=8930900404764,2026-07-06 04:44:35
120,Pharmacity,531000.0,0.0,531000.0,,,https://www.pharmacity.vn/search?q=8930900404764,2026-07-06 04:44:35
121,Shopee,229000.0,0.0,229000.0,Freeship Extra,,https://www.shopee.vn/search?q=8932958292362,2026-06-30 04:44:35
121,Lazada,219000.0,11000.0,208000.0,,,https://www.lazada.vn/search?q=8932958292362,2026-06-30 04:44:35
121,TikTok Shop,215000.0,22000.0,173000.0,Voucher Livestream 20k,,https://www.tiktokshop.vn/search?q=8932958292362,2026-06-30 04:44:35
121,GrabMart,246000.0,0.0,246000.0,,,https://www.grabmart.vn/search?q=8932958292362,2026-06-30 04:44:35
121,Pharmacity,240000.0,12000.0,228000.0,,,https://www.pharmacity.vn/search?q=8932958292362,2026-06-30 04:44:35
121,Shopee,217000.0,33000.0,184000.0,Freeship Extra,Flash Sale,https://www.shopee.vn/search?q=8932958292362,2026-07-01 04:44:35
121,Lazada,209000.0,10000.0,199000.0,Voucher tích lũy,,https://www.lazada.vn/search?q=8932958292362,2026-07-01 04:44:35
121,TikTok Shop,197000.0,30000.0,147000.0,Voucher Livestream 20k,,https://www.tiktokshop.vn/search?q=8932958292362,2026-07-01 04:44:35
121,GrabMart,265000.0,0.0,265000.0,,,https://www.grabmart.vn/search?q=8932958292362,2026-07-01 04:44:35
121,Pharmacity,241000.0,0.0,241000.0,,,https://www.pharmacity.vn/search?q=8932958292362,2026-07-01 04:44:35
121,Shopee,223000.0,0.0,213000.0,Mã giảm 10k,,https://www.shopee.vn/search?q=8932958292362,2026-07-02 04:44:35
121,Lazada,229000.0,23000.0,206000.0,Voucher tích lũy,,https://www.lazada.vn/search?q=8932958292362,2026-07-02 04:44:35
121,TikTok Shop,217000.0,22000.0,195000.0,,,https://www.tiktokshop.vn/search?q=8932958292362,2026-07-02 04:44:35
121,GrabMart,270000.0,0.0,270000.0,,,https://www.grabmart.vn/search?q=8932958292362,2026-07-02 04:44:35
121,Pharmacity,230000.0,0.0,230000.0,,,https://www.pharmacity.vn/search?q=8932958292362,2026-07-02 04:44:35
121,Shopee,197000.0,0.0,197000.0,,,https://www.shopee.vn/search?q=8932958292362,2026-07-03 04:44:35
121,Lazada,226000.0,23000.0,203000.0,,,https://www.lazada.vn/search?q=8932958292362,2026-07-03 04:44:35
121,TikTok Shop,198000.0,0.0,178000.0,Voucher Livestream 20k,Flash Sale hàng hiệu,https://www.tiktokshop.vn/search?q=8932958292362,2026-07-03 04:44:35
121,GrabMart,259000.0,0.0,259000.0,,,https://www.grabmart.vn/search?q=8932958292362,2026-07-03 04:44:35
121,Pharmacity,227000.0,11000.0,216000.0,,,https://www.pharmacity.vn/search?q=8932958292362,2026-07-03 04:44:35
121,Shopee,209000.0,21000.0,188000.0,,Flash Sale,https://www.shopee.vn/search?q=8932958292362,2026-07-04 04:44:35
121,Lazada,215000.0,22000.0,193000.0,Voucher tích lũy,,https://www.lazada.vn/search?q=8932958292362,2026-07-04 04:44:35
121,TikTok Shop,214000.0,0.0,194000.0,Voucher Livestream 20k,Flash Sale hàng hiệu,https://www.tiktokshop.vn/search?q=8932958292362,2026-07-04 04:44:35
121,GrabMart,247000.0,0.0,247000.0,,,https://www.grabmart.vn/search?q=8932958292362,2026-07-04 04:44:35
121,Pharmacity,231000.0,12000.0,219000.0,,,https://www.pharmacity.vn/search?q=8932958292362,2026-07-04 04:44:35
121,Shopee,228000.0,34000.0,194000.0,Freeship Extra,,https://www.shopee.vn/search?q=8932958292362,2026-07-05 04:44:35
121,Lazada,215000.0,22000.0,193000.0,Voucher tích lũy,Combo mua 2 giảm 5%,https://www.lazada.vn/search?q=8932958292362,2026-07-05 04:44:35
121,TikTok Shop,226000.0,23000.0,203000.0,,Flash Sale hàng hiệu,https://www.tiktokshop.vn/search?q=8932958292362,2026-07-05 04:44:35
121,GrabMart,262000.0,0.0,262000.0,,,https://www.grabmart.vn/search?q=8932958292362,2026-07-05 04:44:35
121,Pharmacity,228000.0,11000.0,217000.0,,,https://www.pharmacity.vn/search?q=8932958292362,2026-07-05 04:44:35
121,Shopee,216000.0,0.0,216000.0,,,https://www.shopee.vn/search?q=8932958292362,2026-07-06 04:44:35
121,Lazada,216000.0,22000.0,194000.0,Voucher tích lũy,,https://www.lazada.vn/search?q=8932958292362,2026-07-06 04:44:35
121,TikTok Shop,212000.0,21000.0,191000.0,,Flash Sale hàng hiệu,https://www.tiktokshop.vn/search?q=8932958292362,2026-07-06 04:44:35
121,GrabMart,245000.0,0.0,245000.0,,,https://www.grabmart.vn/search?q=8932958292362,2026-07-06 04:44:35
121,Pharmacity,239000.0,12000.0,227000.0,,,https://www.pharmacity.vn/search?q=8932958292362,2026-07-06 04:44:35
122,Shopee,208000.0,31000.0,177000.0,Freeship Extra,,https://www.shopee.vn/search?q=8930290871825,2026-06-30 04:44:35
122,Lazada,197000.0,0.0,197000.0,Voucher tích lũy,,https://www.lazada.vn/search?q=8930290871825,2026-06-30 04:44:35
122,TikTok Shop,209000.0,21000.0,188000.0,,,https://www.tiktokshop.vn/search?q=8930290871825,2026-06-30 04:44:35
122,GrabMart,229000.0,0.0,229000.0,,,https://www.grabmart.vn/search?q=8930290871825,2026-06-30 04:44:35
122,Pharmacity,217000.0,0.0,217000.0,,,https://www.pharmacity.vn/search?q=8930290871825,2026-06-30 04:44:35
122,Shopee,208000.0,0.0,208000.0,,Flash Sale,https://www.shopee.vn/search?q=8930290871825,2026-07-01 04:44:35
122,Lazada,203000.0,0.0,203000.0,Voucher tích lũy,,https://www.lazada.vn/search?q=8930290871825,2026-07-01 04:44:35
122,TikTok Shop,204000.0,0.0,184000.0,Voucher Livestream 20k,,https://www.tiktokshop.vn/search?q=8930290871825,2026-07-01 04:44:35
122,GrabMart,227000.0,0.0,227000.0,,,https://www.grabmart.vn/search?q=8930290871825,2026-07-01 04:44:35
122,Pharmacity,226000.0,11000.0,215000.0,,,https://www.pharmacity.vn/search?q=8930290871825,2026-07-01 04:44:35
122,Shopee,192000.0,29000.0,163000.0,Freeship Extra,,https://www.shopee.vn/search?q=8930290871825,2026-07-02 04:44:35
122,Lazada,193000.0,0.0,193000.0,,,https://www.lazada.vn/search?q=8930290871825,2026-07-02 04:44:35
122,TikTok Shop,192000.0,19000.0,153000.0,Voucher Livestream 20k,,https://www.tiktokshop.vn/search?q=8930290871825,2026-07-02 04:44:35
122,GrabMart,244000.0,0.0,244000.0,,,https://www.grabmart.vn/search?q=8930290871825,2026-07-02 04:44:35
122,Pharmacity,226000.0,11000.0,215000.0,,,https://www.pharmacity.vn/search?q=8930290871825,2026-07-02 04:44:35
122,Shopee,206000.0,0.0,196000.0,Mã giảm 10k,Flash Sale,https://www.shopee.vn/search?q=8930290871825,2026-07-03 04:44:35
122,Lazada,191000.0,10000.0,181000.0,Voucher tích lũy,,https://www.lazada.vn/search?q=8930290871825,2026-07-03 04:44:35
122,TikTok Shop,179000.0,18000.0,141000.0,Voucher Livestream 20k,Flash Sale hàng hiệu,https://www.tiktokshop.vn/search?q=8930290871825,2026-07-03 04:44:35
122,GrabMart,233000.0,0.0,233000.0,,,https://www.grabmart.vn/search?q=8930290871825,2026-07-03 04:44:35
122,Pharmacity,226000.0,0.0,226000.0,,,https://www.pharmacity.vn/search?q=8930290871825,2026-07-03 04:44:35
122,Shopee,188000.0,9000.0,179000.0,,,https://www.shopee.vn/search?q=8930290871825,2026-07-04 04:44:35
122,Lazada,208000.0,10000.0,198000.0,Voucher tích lũy,Combo mua 2 giảm 5%,https://www.lazada.vn/search?q=8930290871825,2026-07-04 04:44:35
122,TikTok Shop,194000.0,29000.0,165000.0,,Flash Sale hàng hiệu,https://www.tiktokshop.vn/search?q=8930290871825,2026-07-04 04:44:35
122,GrabMart,223000.0,0.0,223000.0,,,https://www.grabmart.vn/search?q=8930290871825,2026-07-04 04:44:35
122,Pharmacity,213000.0,0.0,213000.0,,,https://www.pharmacity.vn/search?q=8930290871825,2026-07-04 04:44:35
122,Shopee,189000.0,9000.0,180000.0,Freeship Extra,Flash Sale,https://www.shopee.vn/search?q=8930290871825,2026-07-05 04:44:35
122,Lazada,190000.0,0.0,190000.0,,,https://www.lazada.vn/search?q=8930290871825,2026-07-05 04:44:35
122,TikTok Shop,195000.0,20000.0,175000.0,,Flash Sale hàng hiệu,https://www.tiktokshop.vn/search?q=8930290871825,2026-07-05 04:44:35
122,GrabMart,250000.0,0.0,250000.0,,,https://www.grabmart.vn/search?q=8930290871825,2026-07-05 04:44:35
122,Pharmacity,214000.0,0.0,214000.0,,,https://www.pharmacity.vn/search?q=8930290871825,2026-07-05 04:44:35
122,Shopee,214000.0,11000.0,203000.0,,Flash Sale,https://www.shopee.vn/search?q=8930290871825,2026-07-06 04:44:35
122,Lazada,203000.0,0.0,203000.0,,,https://www.lazada.vn/search?q=8930290871825,2026-07-06 04:44:35
122,TikTok Shop,191000.0,29000.0,162000.0,,,https://www.tiktokshop.vn/search?q=8930290871825,2026-07-06 04:44:35
122,GrabMart,242000.0,0.0,242000.0,,,https://www.grabmart.vn/search?q=8930290871825,2026-07-06 04:44:35
122,Pharmacity,225000.0,0.0,225000.0,,,https://www.pharmacity.vn/search?q=8930290871825,2026-07-06 04:44:35
123,Shopee,584000.0,88000.0,496000.0,,,https://www.shopee.vn/search?q=8939236534602,2026-06-30 04:44:35
123,Lazada,567000.0,28000.0,539000.0,Voucher tích lũy,Combo mua 2 giảm 5%,https://www.lazada.vn/search?q=8939236534602,2026-06-30 04:44:35
123,TikTok Shop,541000.0,0.0,541000.0,,Flash Sale hàng hiệu,https://www.tiktokshop.vn/search?q=8939236534602,2026-06-30 04:44:35
123,GrabMart,656000.0,0.0,656000.0,,,https://www.grabmart.vn/search?q=8939236534602,2026-06-30 04:44:35
123,Pharmacity,612000.0,31000.0,581000.0,,,https://www.pharmacity.vn/search?q=8939236534602,2026-06-30 04:44:35
123,Shopee,563000.0,28000.0,535000.0,,Flash Sale,https://www.shopee.vn/search?q=8939236534602,2026-07-01 04:44:35
123,Lazada,555000.0,0.0,555000.0,Voucher tích lũy,,https://www.lazada.vn/search?q=8939236534602,2026-07-01 04:44:35
123,TikTok Shop,523000.0,78000.0,445000.0,,,https://www.tiktokshop.vn/search?q=8939236534602,2026-07-01 04:44:35
123,GrabMart,672000.0,0.0,672000.0,,,https://www.grabmart.vn/search?q=8939236534602,2026-07-01 04:44:35
123,Pharmacity,581000.0,29000.0,552000.0,,,https://www.pharmacity.vn/search?q=8939236534602,2026-07-01 04:44:35
123,Shopee,538000.0,81000.0,457000.0,Freeship Extra,Flash Sale,https://www.shopee.vn/search?q=8939236534602,2026-07-02 04:44:35
123,Lazada,541000.0,54000.0,487000.0,Voucher tích lũy,Combo mua 2 giảm 5%,https://www.lazada.vn/search?q=8939236534602,2026-07-02 04:44:35
123,TikTok Shop,565000.0,56000.0,489000.0,Voucher Livestream 20k,Flash Sale hàng hiệu,https://www.tiktokshop.vn/search?q=8939236534602,2026-07-02 04:44:35
123,GrabMart,670000.0,0.0,670000.0,,,https://www.grabmart.vn/search?q=8939236534602,2026-07-02 04:44:35
123,Pharmacity,614000.0,0.0,614000.0,,,https://www.pharmacity.vn/search?q=8939236534602,2026-07-02 04:44:35
123,Shopee,546000.0,0.0,546000.0,Freeship Extra,Flash Sale,https://www.shopee.vn/search?q=8939236534602,2026-07-03 04:44:35
123,Lazada,589000.0,59000.0,530000.0,,Combo mua 2 giảm 5%,https://www.lazada.vn/search?q=8939236534602,2026-07-03 04:44:35
123,TikTok Shop,543000.0,54000.0,469000.0,Voucher Livestream 20k,,https://www.tiktokshop.vn/search?q=8939236534602,2026-07-03 04:44:35
123,GrabMart,627000.0,0.0,627000.0,,,https://www.grabmart.vn/search?q=8939236534602,2026-07-03 04:44:35
123,Pharmacity,617000.0,0.0,617000.0,,,https://www.pharmacity.vn/search?q=8939236534602,2026-07-03 04:44:35
123,Shopee,555000.0,56000.0,489000.0,Mã giảm 10k,,https://www.shopee.vn/search?q=8939236534602,2026-07-04 04:44:35
123,Lazada,578000.0,58000.0,520000.0,Voucher tích lũy,Combo mua 2 giảm 5%,https://www.lazada.vn/search?q=8939236534602,2026-07-04 04:44:35
123,TikTok Shop,508000.0,51000.0,457000.0,,,https://www.tiktokshop.vn/search?q=8939236534602,2026-07-04 04:44:35
123,GrabMart,674000.0,0.0,674000.0,,,https://www.grabmart.vn/search?q=8939236534602,2026-07-04 04:44:35
123,Pharmacity,608000.0,0.0,608000.0,,,https://www.pharmacity.vn/search?q=8939236534602,2026-07-04 04:44:35
123,Shopee,567000.0,57000.0,510000.0,Freeship Extra,Flash Sale,https://www.shopee.vn/search?q=8939236534602,2026-07-05 04:44:35
123,Lazada,533000.0,27000.0,506000.0,,,https://www.lazada.vn/search?q=8939236534602,2026-07-05 04:44:35
123,TikTok Shop,552000.0,55000.0,497000.0,,,https://www.tiktokshop.vn/search?q=8939236534602,2026-07-05 04:44:35
123,GrabMart,655000.0,0.0,655000.0,,,https://www.grabmart.vn/search?q=8939236534602,2026-07-05 04:44:35
123,Pharmacity,606000.0,30000.0,576000.0,,,https://www.pharmacity.vn/search?q=8939236534602,2026-07-05 04:44:35
123,Shopee,518000.0,78000.0,430000.0,Mã giảm 10k,,https://www.shopee.vn/search?q=8939236534602,2026-07-06 04:44:35
123,Lazada,547000.0,55000.0,492000.0,Voucher tích lũy,Combo mua 2 giảm 5%,https://www.lazada.vn/search?q=8939236534602,2026-07-06 04:44:35
123,TikTok Shop,534000.0,0.0,514000.0,Voucher Livestream 20k,,https://www.tiktokshop.vn/search?q=8939236534602,2026-07-06 04:44:35
123,GrabMart,621000.0,0.0,621000.0,,,https://www.grabmart.vn/search?q=8939236534602,2026-07-06 04:44:35
123,Pharmacity,620000.0,31000.0,589000.0,,,https://www.pharmacity.vn/search?q=8939236534602,2026-07-06 04:44:35
124,Shopee,0.0,0.0,0.0,Freeship Extra,Flash Sale,https://www.shopee.vn/search?q=8934778948962,2026-06-30 04:44:35
124,Lazada,0.0,0.0,0.0,Voucher tích lũy,Combo mua 2 giảm 5%,https://www.lazada.vn/search?q=8934778948962,2026-06-30 04:44:35
124,TikTok Shop,0.0,0.0,0.0,,,https://www.tiktokshop.vn/search?q=8934778948962,2026-06-30 04:44:35
124,GrabMart,0.0,0.0,0.0,,,https://www.grabmart.vn/search?q=8934778948962,2026-06-30 04:44:35
124,Pharmacity,0.0,0.0,0.0,,,https://www.pharmacity.vn/search?q=8934778948962,2026-06-30 04:44:35
124,Shopee,0.0,0.0,1000,Mã giảm 10k,,https://www.shopee.vn/search?q=8934778948962,2026-07-01 04:44:35
124,Lazada,0.0,0.0,0.0,,,https://www.lazada.vn/search?q=8934778948962,2026-07-01 04:44:35
124,TikTok Shop,0.0,0.0,1000,Voucher Livestream 20k,,https://www.tiktokshop.vn/search?q=8934778948962,2026-07-01 04:44:35
124,GrabMart,0.0,0.0,0.0,,,https://www.grabmart.vn/search?q=8934778948962,2026-07-01 04:44:35
124,Pharmacity,0.0,0.0,0.0,,,https://www.pharmacity.vn/search?q=8934778948962,2026-07-01 04:44:35
124,Shopee,0.0,0.0,0.0,Freeship Extra,Flash Sale,https://www.shopee.vn/search?q=8934778948962,2026-07-02 04:44:35
124,Lazada,0.0,0.0,0.0,,,https://www.lazada.vn/search?q=8934778948962,2026-07-02 04:44:35
124,TikTok Shop,0.0,0.0,1000,Voucher Livestream 20k,Flash Sale hàng hiệu,https://www.tiktokshop.vn/search?q=8934778948962,2026-07-02 04:44:35
124,GrabMart,0.0,0.0,0.0,,,https://www.grabmart.vn/search?q=8934778948962,2026-07-02 04:44:35
124,Pharmacity,0.0,0.0,0.0,,,https://www.pharmacity.vn/search?q=8934778948962,2026-07-02 04:44:35
124,Shopee,0.0,0.0,1000,Mã giảm 10k,,https://www.shopee.vn/search?q=8934778948962,2026-07-03 04:44:35
124,Lazada,0.0,0.0,0.0,,,https://www.lazada.vn/search?q=8934778948962,2026-07-03 04:44:35
124,TikTok Shop,0.0,0.0,1000,Voucher Livestream 20k,Flash Sale hàng hiệu,https://www.tiktokshop.vn/search?q=8934778948962,2026-07-03 04:44:35
124,GrabMart,0.0,0.0,0.0,,,https://www.grabmart.vn/search?q=8934778948962,2026-07-03 04:44:35
124,Pharmacity,0.0,0.0,0.0,,,https://www.pharmacity.vn/search?q=8934778948962,2026-07-03 04:44:35
124,Shopee,0.0,0.0,0.0,Freeship Extra,,https://www.shopee.vn/search?q=8934778948962,2026-07-04 04:44:35
124,Lazada,0.0,0.0,0.0,Voucher tích lũy,,https://www.lazada.vn/search?q=8934778948962,2026-07-04 04:44:35
124,TikTok Shop,0.0,0.0,1000,Voucher Livestream 20k,Flash Sale hàng hiệu,https://www.tiktokshop.vn/search?q=8934778948962,2026-07-04 04:44:35
124,GrabMart,0.0,0.0,0.0,,,https://www.grabmart.vn/search?q=8934778948962,2026-07-04 04:44:35
124,Pharmacity,0.0,0.0,0.0,,,https://www.pharmacity.vn/search?q=8934778948962,2026-07-04 04:44:35
124,Shopee,0.0,0.0,0.0,,,https://www.shopee.vn/search?q=8934778948962,2026-07-05 04:44:35
124,Lazada,0.0,0.0,0.0,Voucher tích lũy,,https://www.lazada.vn/search?q=8934778948962,2026-07-05 04:44:35
124,TikTok Shop,0.0,0.0,1000,Voucher Livestream 20k,,https://www.tiktokshop.vn/search?q=8934778948962,2026-07-05 04:44:35
124,GrabMart,0.0,0.0,0.0,,,https://www.grabmart.vn/search?q=8934778948962,2026-07-05 04:44:35
124,Pharmacity,0.0,0.0,0.0,,,https://www.pharmacity.vn/search?q=8934778948962,2026-07-05 04:44:35
124,Shopee,0.0,0.0,1000,Mã giảm 10k,,https://www.shopee.vn/search?q=8934778948962,2026-07-06 04:44:35
124,Lazada,0.0,0.0,0.0,Voucher tích lũy,Combo mua 2 giảm 5%,https://www.lazada.vn/search?q=8934778948962,2026-07-06 04:44:35
124,TikTok Shop,0.0,0.0,0.0,,,https://www.tiktokshop.vn/search?q=8934778948962,2026-07-06 04:44:35
124,GrabMart,0.0,0.0,0.0,,,https://www.grabmart.vn/search?q=8934778948962,2026-07-06 04:44:35
124,Pharmacity,0.0,0.0,0.0,,,https://www.pharmacity.vn/search?q=8934778948962,2026-07-06 04:44:35
125,Shopee,649000.0,32000.0,617000.0,Freeship Extra,,https://www.shopee.vn/search?q=8935564343695,2026-06-30 04:44:35
125,Lazada,603000.0,0.0,603000.0,Voucher tích lũy,Combo mua 2 giảm 5%,https://www.lazada.vn/search?q=8935564343695,2026-06-30 04:44:35
125,TikTok Shop,566000.0,0.0,546000.0,Voucher Livestream 20k,Flash Sale hàng hiệu,https://www.tiktokshop.vn/search?q=8935564343695,2026-06-30 04:44:35
125,GrabMart,730000.0,0.0,730000.0,,,https://www.grabmart.vn/search?q=8935564343695,2026-06-30 04:44:35
125,Pharmacity,676000.0,0.0,676000.0,,,https://www.pharmacity.vn/search?q=8935564343695,2026-06-30 04:44:35
125,Shopee,594000.0,59000.0,535000.0,,Flash Sale,https://www.shopee.vn/search?q=8935564343695,2026-07-01 04:44:35
125,Lazada,597000.0,30000.0,567000.0,Voucher tích lũy,,https://www.lazada.vn/search?q=8935564343695,2026-07-01 04:44:35
125,TikTok Shop,546000.0,82000.0,464000.0,,,https://www.tiktokshop.vn/search?q=8935564343695,2026-07-01 04:44:35
125,GrabMart,757000.0,0.0,757000.0,,,https://www.grabmart.vn/search?q=8935564343695,2026-07-01 04:44:35
125,Pharmacity,650000.0,0.0,650000.0,,,https://www.pharmacity.vn/search?q=8935564343695,2026-07-01 04:44:35
125,Shopee,557000.0,28000.0,529000.0,,,https://www.shopee.vn/search?q=8935564343695,2026-07-02 04:44:35
125,Lazada,587000.0,59000.0,528000.0,Voucher tích lũy,Combo mua 2 giảm 5%,https://www.lazada.vn/search?q=8935564343695,2026-07-02 04:44:35
125,TikTok Shop,544000.0,0.0,524000.0,Voucher Livestream 20k,Flash Sale hàng hiệu,https://www.tiktokshop.vn/search?q=8935564343695,2026-07-02 04:44:35
125,GrabMart,745000.0,0.0,745000.0,,,https://www.grabmart.vn/search?q=8935564343695,2026-07-02 04:44:35
125,Pharmacity,642000.0,32000.0,610000.0,,,https://www.pharmacity.vn/search?q=8935564343695,2026-07-02 04:44:35
125,Shopee,581000.0,0.0,581000.0,,,https://www.shopee.vn/search?q=8935564343695,2026-07-03 04:44:35
125,Lazada,617000.0,62000.0,555000.0,,Combo mua 2 giảm 5%,https://www.lazada.vn/search?q=8935564343695,2026-07-03 04:44:35
125,TikTok Shop,586000.0,59000.0,527000.0,,,https://www.tiktokshop.vn/search?q=8935564343695,2026-07-03 04:44:35
125,GrabMart,655000.0,0.0,655000.0,,,https://www.grabmart.vn/search?q=8935564343695,2026-07-03 04:44:35
125,Pharmacity,678000.0,0.0,678000.0,,,https://www.pharmacity.vn/search?q=8935564343695,2026-07-03 04:44:35
125,Shopee,555000.0,0.0,545000.0,Mã giảm 10k,,https://www.shopee.vn/search?q=8935564343695,2026-07-04 04:44:35
125,Lazada,610000.0,30000.0,580000.0,Voucher tích lũy,,https://www.lazada.vn/search?q=8935564343695,2026-07-04 04:44:35
125,TikTok Shop,544000.0,0.0,544000.0,,,https://www.tiktokshop.vn/search?q=8935564343695,2026-07-04 04:44:35
125,GrabMart,688000.0,0.0,688000.0,,,https://www.grabmart.vn/search?q=8935564343695,2026-07-04 04:44:35
125,Pharmacity,642000.0,32000.0,610000.0,,,https://www.pharmacity.vn/search?q=8935564343695,2026-07-04 04:44:35
125,Shopee,602000.0,0.0,602000.0,Freeship Extra,,https://www.shopee.vn/search?q=8935564343695,2026-07-05 04:44:35
125,Lazada,599000.0,0.0,599000.0,,Combo mua 2 giảm 5%,https://www.lazada.vn/search?q=8935564343695,2026-07-05 04:44:35
125,TikTok Shop,544000.0,0.0,544000.0,,Flash Sale hàng hiệu,https://www.tiktokshop.vn/search?q=8935564343695,2026-07-05 04:44:35
125,GrabMart,714000.0,0.0,714000.0,,,https://www.grabmart.vn/search?q=8935564343695,2026-07-05 04:44:35
125,Pharmacity,647000.0,0.0,647000.0,,,https://www.pharmacity.vn/search?q=8935564343695,2026-07-05 04:44:35
125,Shopee,596000.0,0.0,596000.0,Freeship Extra,,https://www.shopee.vn/search?q=8935564343695,2026-07-06 04:44:35
125,Lazada,580000.0,58000.0,522000.0,,,https://www.lazada.vn/search?q=8935564343695,2026-07-06 04:44:35
125,TikTok Shop,632000.0,0.0,632000.0,,Flash Sale hàng hiệu,https://www.tiktokshop.vn/search?q=8935564343695,2026-07-06 04:44:35
125,GrabMart,702000.0,0.0,702000.0,,,https://www.grabmart.vn/search?q=8935564343695,2026-07-06 04:44:35
125,Pharmacity,671000.0,34000.0,637000.0,,,https://www.pharmacity.vn/search?q=8935564343695,2026-07-06 04:44:35
126,Shopee,73000.0,0.0,73000.0,,,https://www.shopee.vn/search?q=8938599648629,2026-06-30 04:44:35
126,Lazada,80000.0,4000.0,76000.0,Voucher tích lũy,,https://www.lazada.vn/search?q=8938599648629,2026-06-30 04:44:35
126,TikTok Shop,77000.0,8000.0,49000.0,Voucher Livestream 20k,Flash Sale hàng hiệu,https://www.tiktokshop.vn/search?q=8938599648629,2026-06-30 04:44:35
126,GrabMart,89000.0,0.0,89000.0,,,https://www.grabmart.vn/search?q=8938599648629,2026-06-30 04:44:35
126,Pharmacity,83000.0,4000.0,79000.0,,,https://www.pharmacity.vn/search?q=8938599648629,2026-06-30 04:44:35
126,Shopee,74000.0,0.0,74000.0,,Flash Sale,https://www.shopee.vn/search?q=8938599648629,2026-07-01 04:44:35
126,Lazada,82000.0,0.0,82000.0,Voucher tích lũy,,https://www.lazada.vn/search?q=8938599648629,2026-07-01 04:44:35
126,TikTok Shop,78000.0,8000.0,50000.0,Voucher Livestream 20k,,https://www.tiktokshop.vn/search?q=8938599648629,2026-07-01 04:44:35
126,GrabMart,87000.0,0.0,87000.0,,,https://www.grabmart.vn/search?q=8938599648629,2026-07-01 04:44:35
126,Pharmacity,88000.0,4000.0,84000.0,,,https://www.pharmacity.vn/search?q=8938599648629,2026-07-01 04:44:35
126,Shopee,75000.0,11000.0,54000.0,Mã giảm 10k,Flash Sale,https://www.shopee.vn/search?q=8938599648629,2026-07-02 04:44:35
126,Lazada,78000.0,0.0,78000.0,Voucher tích lũy,,https://www.lazada.vn/search?q=8938599648629,2026-07-02 04:44:35
126,TikTok Shop,75000.0,0.0,75000.0,,,https://www.tiktokshop.vn/search?q=8938599648629,2026-07-02 04:44:35
126,GrabMart,97000.0,0.0,97000.0,,,https://www.grabmart.vn/search?q=8938599648629,2026-07-02 04:44:35
126,Pharmacity,88000.0,4000.0,84000.0,,,https://www.pharmacity.vn/search?q=8938599648629,2026-07-02 04:44:35
126,Shopee,77000.0,8000.0,59000.0,Mã giảm 10k,Flash Sale,https://www.shopee.vn/search?q=8938599648629,2026-07-03 04:44:35
126,Lazada,83000.0,4000.0,79000.0,,Combo mua 2 giảm 5%,https://www.lazada.vn/search?q=8938599648629,2026-07-03 04:44:35
126,TikTok Shop,74000.0,11000.0,43000.0,Voucher Livestream 20k,,https://www.tiktokshop.vn/search?q=8938599648629,2026-07-03 04:44:35
126,GrabMart,98000.0,0.0,98000.0,,,https://www.grabmart.vn/search?q=8938599648629,2026-07-03 04:44:35
126,Pharmacity,88000.0,4000.0,84000.0,,,https://www.pharmacity.vn/search?q=8938599648629,2026-07-03 04:44:35
126,Shopee,72000.0,7000.0,65000.0,,Flash Sale,https://www.shopee.vn/search?q=8938599648629,2026-07-04 04:44:35
126,Lazada,83000.0,0.0,83000.0,,,https://www.lazada.vn/search?q=8938599648629,2026-07-04 04:44:35
126,TikTok Shop,71000.0,11000.0,40000.0,Voucher Livestream 20k,,https://www.tiktokshop.vn/search?q=8938599648629,2026-07-04 04:44:35
126,GrabMart,85000.0,0.0,85000.0,,,https://www.grabmart.vn/search?q=8938599648629,2026-07-04 04:44:35
126,Pharmacity,84000.0,4000.0,80000.0,,,https://www.pharmacity.vn/search?q=8938599648629,2026-07-04 04:44:35
126,Shopee,72000.0,11000.0,51000.0,Mã giảm 10k,Flash Sale,https://www.shopee.vn/search?q=8938599648629,2026-07-05 04:44:35
126,Lazada,78000.0,4000.0,74000.0,Voucher tích lũy,Combo mua 2 giảm 5%,https://www.lazada.vn/search?q=8938599648629,2026-07-05 04:44:35
126,TikTok Shop,70000.0,10000.0,60000.0,,Flash Sale hàng hiệu,https://www.tiktokshop.vn/search?q=8938599648629,2026-07-05 04:44:35
126,GrabMart,96000.0,0.0,96000.0,,,https://www.grabmart.vn/search?q=8938599648629,2026-07-05 04:44:35
126,Pharmacity,85000.0,0.0,85000.0,,,https://www.pharmacity.vn/search?q=8938599648629,2026-07-05 04:44:35
126,Shopee,81000.0,0.0,81000.0,,Flash Sale,https://www.shopee.vn/search?q=8938599648629,2026-07-06 04:44:35
126,Lazada,77000.0,8000.0,69000.0,Voucher tích lũy,Combo mua 2 giảm 5%,https://www.lazada.vn/search?q=8938599648629,2026-07-06 04:44:35
126,TikTok Shop,71000.0,0.0,71000.0,,Flash Sale hàng hiệu,https://www.tiktokshop.vn/search?q=8938599648629,2026-07-06 04:44:35
126,GrabMart,89000.0,0.0,89000.0,,,https://www.grabmart.vn/search?q=8938599648629,2026-07-06 04:44:35
126,Pharmacity,84000.0,0.0,84000.0,,,https://www.pharmacity.vn/search?q=8938599648629,2026-07-06 04:44:35
127,Shopee,143000.0,7000.0,136000.0,,Flash Sale,https://www.shopee.vn/search?q=8936936268943,2026-06-30 04:44:35
127,Lazada,137000.0,0.0,137000.0,,Combo mua 2 giảm 5%,https://www.lazada.vn/search?q=8936936268943,2026-06-30 04:44:35
127,TikTok Shop,137000.0,0.0,117000.0,Voucher Livestream 20k,,https://www.tiktokshop.vn/search?q=8936936268943,2026-06-30 04:44:35
127,GrabMart,145000.0,0.0,145000.0,,,https://www.grabmart.vn/search?q=8936936268943,2026-06-30 04:44:35
127,Pharmacity,144000.0,7000.0,137000.0,,,https://www.pharmacity.vn/search?q=8936936268943,2026-06-30 04:44:35
127,Shopee,135000.0,14000.0,111000.0,Mã giảm 10k,Flash Sale,https://www.shopee.vn/search?q=8936936268943,2026-07-01 04:44:35
127,Lazada,135000.0,14000.0,121000.0,Voucher tích lũy,Combo mua 2 giảm 5%,https://www.lazada.vn/search?q=8936936268943,2026-07-01 04:44:35
127,TikTok Shop,128000.0,19000.0,89000.0,Voucher Livestream 20k,,https://www.tiktokshop.vn/search?q=8936936268943,2026-07-01 04:44:35
127,GrabMart,149000.0,0.0,149000.0,,,https://www.grabmart.vn/search?q=8936936268943,2026-07-01 04:44:35
127,Pharmacity,139000.0,7000.0,132000.0,,,https://www.pharmacity.vn/search?q=8936936268943,2026-07-01 04:44:35
127,Shopee,127000.0,13000.0,104000.0,Mã giảm 10k,Flash Sale,https://www.shopee.vn/search?q=8936936268943,2026-07-02 04:44:35
127,Lazada,126000.0,13000.0,113000.0,Voucher tích lũy,Combo mua 2 giảm 5%,https://www.lazada.vn/search?q=8936936268943,2026-07-02 04:44:35
127,TikTok Shop,118000.0,0.0,118000.0,,,https://www.tiktokshop.vn/search?q=8936936268943,2026-07-02 04:44:35
127,GrabMart,164000.0,0.0,164000.0,,,https://www.grabmart.vn/search?q=8936936268943,2026-07-02 04:44:35
127,Pharmacity,142000.0,0.0,142000.0,,,https://www.pharmacity.vn/search?q=8936936268943,2026-07-02 04:44:35
127,Shopee,142000.0,14000.0,118000.0,Mã giảm 10k,Flash Sale,https://www.shopee.vn/search?q=8936936268943,2026-07-03 04:44:35
127,Lazada,132000.0,7000.0,125000.0,Voucher tích lũy,,https://www.lazada.vn/search?q=8936936268943,2026-07-03 04:44:35
127,TikTok Shop,122000.0,18000.0,84000.0,Voucher Livestream 20k,,https://www.tiktokshop.vn/search?q=8936936268943,2026-07-03 04:44:35
127,GrabMart,162000.0,0.0,162000.0,,,https://www.grabmart.vn/search?q=8936936268943,2026-07-03 04:44:35
127,Pharmacity,149000.0,0.0,149000.0,,,https://www.pharmacity.vn/search?q=8936936268943,2026-07-03 04:44:35
127,Shopee,130000.0,20000.0,110000.0,,Flash Sale,https://www.shopee.vn/search?q=8936936268943,2026-07-04 04:44:35
127,Lazada,133000.0,0.0,133000.0,Voucher tích lũy,Combo mua 2 giảm 5%,https://www.lazada.vn/search?q=8936936268943,2026-07-04 04:44:35
127,TikTok Shop,119000.0,0.0,99000.0,Voucher Livestream 20k,Flash Sale hàng hiệu,https://www.tiktokshop.vn/search?q=8936936268943,2026-07-04 04:44:35
127,GrabMart,165000.0,0.0,165000.0,,,https://www.grabmart.vn/search?q=8936936268943,2026-07-04 04:44:35
127,Pharmacity,143000.0,0.0,143000.0,,,https://www.pharmacity.vn/search?q=8936936268943,2026-07-04 04:44:35
127,Shopee,130000.0,6000.0,114000.0,Mã giảm 10k,,https://www.shopee.vn/search?q=8936936268943,2026-07-05 04:44:35
127,Lazada,135000.0,0.0,135000.0,Voucher tích lũy,,https://www.lazada.vn/search?q=8936936268943,2026-07-05 04:44:35
127,TikTok Shop,130000.0,20000.0,90000.0,Voucher Livestream 20k,,https://www.tiktokshop.vn/search?q=8936936268943,2026-07-05 04:44:35
127,GrabMart,146000.0,0.0,146000.0,,,https://www.grabmart.vn/search?q=8936936268943,2026-07-05 04:44:35
127,Pharmacity,140000.0,0.0,140000.0,,,https://www.pharmacity.vn/search?q=8936936268943,2026-07-05 04:44:35
127,Shopee,124000.0,19000.0,95000.0,Mã giảm 10k,,https://www.shopee.vn/search?q=8936936268943,2026-07-06 04:44:35
127,Lazada,141000.0,14000.0,127000.0,,,https://www.lazada.vn/search?q=8936936268943,2026-07-06 04:44:35
127,TikTok Shop,116000.0,0.0,116000.0,,,https://www.tiktokshop.vn/search?q=8936936268943,2026-07-06 04:44:35
127,GrabMart,150000.0,0.0,150000.0,,,https://www.grabmart.vn/search?q=8936936268943,2026-07-06 04:44:35
127,Pharmacity,148000.0,7000.0,141000.0,,,https://www.pharmacity.vn/search?q=8936936268943,2026-07-06 04:44:35
128,Shopee,0.0,0.0,0.0,,Flash Sale,https://www.shopee.vn/search?q=8935109109038,2026-06-30 04:44:35
128,Lazada,0.0,0.0,0.0,,Combo mua 2 giảm 5%,https://www.lazada.vn/search?q=8935109109038,2026-06-30 04:44:35
128,TikTok Shop,0.0,0.0,1000,Voucher Livestream 20k,,https://www.tiktokshop.vn/search?q=8935109109038,2026-06-30 04:44:35
128,GrabMart,0.0,0.0,0.0,,,https://www.grabmart.vn/search?q=8935109109038,2026-06-30 04:44:35
128,Pharmacity,0.0,0.0,0.0,,,https://www.pharmacity.vn/search?q=8935109109038,2026-06-30 04:44:35
128,Shopee,0.0,0.0,0.0,Freeship Extra,Flash Sale,https://www.shopee.vn/search?q=8935109109038,2026-07-01 04:44:35
128,Lazada,0.0,0.0,0.0,,Combo mua 2 giảm 5%,https://www.lazada.vn/search?q=8935109109038,2026-07-01 04:44:35
128,TikTok Shop,0.0,0.0,1000,Voucher Livestream 20k,Flash Sale hàng hiệu,https://www.tiktokshop.vn/search?q=8935109109038,2026-07-01 04:44:35
128,GrabMart,0.0,0.0,0.0,,,https://www.grabmart.vn/search?q=8935109109038,2026-07-01 04:44:35
128,Pharmacity,0.0,0.0,0.0,,,https://www.pharmacity.vn/search?q=8935109109038,2026-07-01 04:44:35
128,Shopee,0.0,0.0,1000,Mã giảm 10k,Flash Sale,https://www.shopee.vn/search?q=8935109109038,2026-07-02 04:44:35
128,Lazada,0.0,0.0,0.0,,,https://www.lazada.vn/search?q=8935109109038,2026-07-02 04:44:35
128,TikTok Shop,0.0,0.0,0.0,,,https://www.tiktokshop.vn/search?q=8935109109038,2026-07-02 04:44:35
128,GrabMart,0.0,0.0,0.0,,,https://www.grabmart.vn/search?q=8935109109038,2026-07-02 04:44:35
128,Pharmacity,0.0,0.0,0.0,,,https://www.pharmacity.vn/search?q=8935109109038,2026-07-02 04:44:35
128,Shopee,0.0,0.0,1000,Mã giảm 10k,Flash Sale,https://www.shopee.vn/search?q=8935109109038,2026-07-03 04:44:35
128,Lazada,0.0,0.0,0.0,Voucher tích lũy,Combo mua 2 giảm 5%,https://www.lazada.vn/search?q=8935109109038,2026-07-03 04:44:35
128,TikTok Shop,0.0,0.0,1000,Voucher Livestream 20k,,https://www.tiktokshop.vn/search?q=8935109109038,2026-07-03 04:44:35
128,GrabMart,0.0,0.0,0.0,,,https://www.grabmart.vn/search?q=8935109109038,2026-07-03 04:44:35
128,Pharmacity,0.0,0.0,0.0,,,https://www.pharmacity.vn/search?q=8935109109038,2026-07-03 04:44:35
128,Shopee,0.0,0.0,1000,Mã giảm 10k,,https://www.shopee.vn/search?q=8935109109038,2026-07-04 04:44:35
128,Lazada,0.0,0.0,0.0,Voucher tích lũy,,https://www.lazada.vn/search?q=8935109109038,2026-07-04 04:44:35
128,TikTok Shop,0.0,0.0,1000,Voucher Livestream 20k,Flash Sale hàng hiệu,https://www.tiktokshop.vn/search?q=8935109109038,2026-07-04 04:44:35
128,GrabMart,0.0,0.0,0.0,,,https://www.grabmart.vn/search?q=8935109109038,2026-07-04 04:44:35
128,Pharmacity,0.0,0.0,0.0,,,https://www.pharmacity.vn/search?q=8935109109038,2026-07-04 04:44:35
128,Shopee,0.0,0.0,0.0,,,https://www.shopee.vn/search?q=8935109109038,2026-07-05 04:44:35
128,Lazada,0.0,0.0,0.0,,Combo mua 2 giảm 5%,https://www.lazada.vn/search?q=8935109109038,2026-07-05 04:44:35
128,TikTok Shop,0.0,0.0,0.0,,,https://www.tiktokshop.vn/search?q=8935109109038,2026-07-05 04:44:35
128,GrabMart,0.0,0.0,0.0,,,https://www.grabmart.vn/search?q=8935109109038,2026-07-05 04:44:35
128,Pharmacity,0.0,0.0,0.0,,,https://www.pharmacity.vn/search?q=8935109109038,2026-07-05 04:44:35
128,Shopee,0.0,0.0,0.0,Freeship Extra,,https://www.shopee.vn/search?q=8935109109038,2026-07-06 04:44:35
128,Lazada,0.0,0.0,0.0,Voucher tích lũy,Combo mua 2 giảm 5%,https://www.lazada.vn/search?q=8935109109038,2026-07-06 04:44:35
128,TikTok Shop,0.0,0.0,1000,Voucher Livestream 20k,,https://www.tiktokshop.vn/search?q=8935109109038,2026-07-06 04:44:35
128,GrabMart,0.0,0.0,0.0,,,https://www.grabmart.vn/search?q=8935109109038,2026-07-06 04:44:35
128,Pharmacity,0.0,0.0,0.0,,,https://www.pharmacity.vn/search?q=8935109109038,2026-07-06 04:44:35
129,Shopee,341000.0,34000.0,307000.0,Freeship Extra,Flash Sale,https://www.shopee.vn/search?q=8938486899936,2026-06-30 04:44:35
129,Lazada,327000.0,16000.0,311000.0,,Combo mua 2 giảm 5%,https://www.lazada.vn/search?q=8938486899936,2026-06-30 04:44:35
129,TikTok Shop,338000.0,0.0,318000.0,Voucher Livestream 20k,Flash Sale hàng hiệu,https://www.tiktokshop.vn/search?q=8938486899936,2026-06-30 04:44:35
129,GrabMart,430000.0,0.0,430000.0,,,https://www.grabmart.vn/search?q=8938486899936,2026-06-30 04:44:35
129,Pharmacity,387000.0,0.0,387000.0,,,https://www.pharmacity.vn/search?q=8938486899936,2026-06-30 04:44:35
129,Shopee,370000.0,18000.0,342000.0,Mã giảm 10k,Flash Sale,https://www.shopee.vn/search?q=8938486899936,2026-07-01 04:44:35
129,Lazada,339000.0,34000.0,305000.0,,,https://www.lazada.vn/search?q=8938486899936,2026-07-01 04:44:35
129,TikTok Shop,343000.0,51000.0,272000.0,Voucher Livestream 20k,Flash Sale hàng hiệu,https://www.tiktokshop.vn/search?q=8938486899936,2026-07-01 04:44:35
129,GrabMart,390000.0,0.0,390000.0,,,https://www.grabmart.vn/search?q=8938486899936,2026-07-01 04:44:35
129,Pharmacity,377000.0,0.0,377000.0,,,https://www.pharmacity.vn/search?q=8938486899936,2026-07-01 04:44:35
129,Shopee,327000.0,49000.0,278000.0,,Flash Sale,https://www.shopee.vn/search?q=8938486899936,2026-07-02 04:44:35
129,Lazada,325000.0,0.0,325000.0,,Combo mua 2 giảm 5%,https://www.lazada.vn/search?q=8938486899936,2026-07-02 04:44:35
129,TikTok Shop,335000.0,50000.0,265000.0,Voucher Livestream 20k,,https://www.tiktokshop.vn/search?q=8938486899936,2026-07-02 04:44:35
129,GrabMart,405000.0,0.0,405000.0,,,https://www.grabmart.vn/search?q=8938486899936,2026-07-02 04:44:35
129,Pharmacity,388000.0,19000.0,369000.0,,,https://www.pharmacity.vn/search?q=8938486899936,2026-07-02 04:44:35
129,Shopee,360000.0,0.0,350000.0,Mã giảm 10k,,https://www.shopee.vn/search?q=8938486899936,2026-07-03 04:44:35
129,Lazada,349000.0,35000.0,314000.0,Voucher tích lũy,,https://www.lazada.vn/search?q=8938486899936,2026-07-03 04:44:35
129,TikTok Shop,354000.0,35000.0,299000.0,Voucher Livestream 20k,,https://www.tiktokshop.vn/search?q=8938486899936,2026-07-03 04:44:35
129,GrabMart,407000.0,0.0,407000.0,,,https://www.grabmart.vn/search?q=8938486899936,2026-07-03 04:44:35
129,Pharmacity,368000.0,18000.0,350000.0,,,https://www.pharmacity.vn/search?q=8938486899936,2026-07-03 04:44:35
129,Shopee,319000.0,16000.0,293000.0,Mã giảm 10k,,https://www.shopee.vn/search?q=8938486899936,2026-07-04 04:44:35
129,Lazada,330000.0,33000.0,297000.0,Voucher tích lũy,,https://www.lazada.vn/search?q=8938486899936,2026-07-04 04:44:35
129,TikTok Shop,342000.0,51000.0,271000.0,Voucher Livestream 20k,Flash Sale hàng hiệu,https://www.tiktokshop.vn/search?q=8938486899936,2026-07-04 04:44:35
129,GrabMart,384000.0,0.0,384000.0,,,https://www.grabmart.vn/search?q=8938486899936,2026-07-04 04:44:35
129,Pharmacity,374000.0,0.0,374000.0,,,https://www.pharmacity.vn/search?q=8938486899936,2026-07-04 04:44:35
129,Shopee,336000.0,34000.0,292000.0,Mã giảm 10k,,https://www.shopee.vn/search?q=8938486899936,2026-07-05 04:44:35
129,Lazada,329000.0,0.0,329000.0,,,https://www.lazada.vn/search?q=8938486899936,2026-07-05 04:44:35
129,TikTok Shop,360000.0,0.0,340000.0,Voucher Livestream 20k,,https://www.tiktokshop.vn/search?q=8938486899936,2026-07-05 04:44:35
129,GrabMart,381000.0,0.0,381000.0,,,https://www.grabmart.vn/search?q=8938486899936,2026-07-05 04:44:35
129,Pharmacity,375000.0,0.0,375000.0,,,https://www.pharmacity.vn/search?q=8938486899936,2026-07-05 04:44:35
129,Shopee,344000.0,52000.0,292000.0,Freeship Extra,,https://www.shopee.vn/search?q=8938486899936,2026-07-06 04:44:35
129,Lazada,347000.0,35000.0,312000.0,Voucher tích lũy,,https://www.lazada.vn/search?q=8938486899936,2026-07-06 04:44:35
129,TikTok Shop,324000.0,0.0,304000.0,Voucher Livestream 20k,,https://www.tiktokshop.vn/search?q=8938486899936,2026-07-06 04:44:35
129,GrabMart,398000.0,0.0,398000.0,,,https://www.grabmart.vn/search?q=8938486899936,2026-07-06 04:44:35
129,Pharmacity,368000.0,18000.0,350000.0,,,https://www.pharmacity.vn/search?q=8938486899936,2026-07-06 04:44:35
130,Shopee,160000.0,24000.0,136000.0,,Flash Sale,https://www.shopee.vn/search?q=8932252883754,2026-06-30 04:44:35
130,Lazada,147000.0,0.0,147000.0,Voucher tích lũy,,https://www.lazada.vn/search?q=8932252883754,2026-06-30 04:44:35
130,TikTok Shop,159000.0,24000.0,135000.0,,Flash Sale hàng hiệu,https://www.tiktokshop.vn/search?q=8932252883754,2026-06-30 04:44:35
130,GrabMart,179000.0,0.0,179000.0,,,https://www.grabmart.vn/search?q=8932252883754,2026-06-30 04:44:35
130,Pharmacity,165000.0,8000.0,157000.0,,,https://www.pharmacity.vn/search?q=8932252883754,2026-06-30 04:44:35
130,Shopee,155000.0,8000.0,147000.0,,,https://www.shopee.vn/search?q=8932252883754,2026-07-01 04:44:35
130,Lazada,152000.0,0.0,152000.0,Voucher tích lũy,,https://www.lazada.vn/search?q=8932252883754,2026-07-01 04:44:35
130,TikTok Shop,159000.0,16000.0,123000.0,Voucher Livestream 20k,Flash Sale hàng hiệu,https://www.tiktokshop.vn/search?q=8932252883754,2026-07-01 04:44:35
130,GrabMart,184000.0,0.0,184000.0,,,https://www.grabmart.vn/search?q=8932252883754,2026-07-01 04:44:35
130,Pharmacity,159000.0,8000.0,151000.0,,,https://www.pharmacity.vn/search?q=8932252883754,2026-07-01 04:44:35
130,Shopee,161000.0,0.0,161000.0,,,https://www.shopee.vn/search?q=8932252883754,2026-07-02 04:44:35
130,Lazada,155000.0,16000.0,139000.0,,,https://www.lazada.vn/search?q=8932252883754,2026-07-02 04:44:35
130,TikTok Shop,145000.0,22000.0,103000.0,Voucher Livestream 20k,,https://www.tiktokshop.vn/search?q=8932252883754,2026-07-02 04:44:35
130,GrabMart,181000.0,0.0,181000.0,,,https://www.grabmart.vn/search?q=8932252883754,2026-07-02 04:44:35
130,Pharmacity,160000.0,8000.0,152000.0,,,https://www.pharmacity.vn/search?q=8932252883754,2026-07-02 04:44:35
130,Shopee,144000.0,22000.0,112000.0,Mã giảm 10k,,https://www.shopee.vn/search?q=8932252883754,2026-07-03 04:44:35
130,Lazada,160000.0,0.0,160000.0,Voucher tích lũy,,https://www.lazada.vn/search?q=8932252883754,2026-07-03 04:44:35
130,TikTok Shop,151000.0,15000.0,136000.0,,Flash Sale hàng hiệu,https://www.tiktokshop.vn/search?q=8932252883754,2026-07-03 04:44:35
130,GrabMart,173000.0,0.0,173000.0,,,https://www.grabmart.vn/search?q=8932252883754,2026-07-03 04:44:35
130,Pharmacity,164000.0,0.0,164000.0,,,https://www.pharmacity.vn/search?q=8932252883754,2026-07-03 04:44:35
130,Shopee,164000.0,16000.0,148000.0,,Flash Sale,https://www.shopee.vn/search?q=8932252883754,2026-07-04 04:44:35
130,Lazada,149000.0,7000.0,142000.0,Voucher tích lũy,,https://www.lazada.vn/search?q=8932252883754,2026-07-04 04:44:35
130,TikTok Shop,133000.0,13000.0,100000.0,Voucher Livestream 20k,,https://www.tiktokshop.vn/search?q=8932252883754,2026-07-04 04:44:35
130,GrabMart,183000.0,0.0,183000.0,,,https://www.grabmart.vn/search?q=8932252883754,2026-07-04 04:44:35
130,Pharmacity,169000.0,0.0,169000.0,,,https://www.pharmacity.vn/search?q=8932252883754,2026-07-04 04:44:35
130,Shopee,147000.0,0.0,137000.0,Mã giảm 10k,Flash Sale,https://www.shopee.vn/search?q=8932252883754,2026-07-05 04:44:35
130,Lazada,149000.0,0.0,149000.0,,,https://www.lazada.vn/search?q=8932252883754,2026-07-05 04:44:35
130,TikTok Shop,148000.0,0.0,148000.0,,,https://www.tiktokshop.vn/search?q=8932252883754,2026-07-05 04:44:35
130,GrabMart,172000.0,0.0,172000.0,,,https://www.grabmart.vn/search?q=8932252883754,2026-07-05 04:44:35
130,Pharmacity,169000.0,0.0,169000.0,,,https://www.pharmacity.vn/search?q=8932252883754,2026-07-05 04:44:35
130,Shopee,159000.0,16000.0,143000.0,Freeship Extra,Flash Sale,https://www.shopee.vn/search?q=8932252883754,2026-07-06 04:44:35
130,Lazada,145000.0,7000.0,138000.0,,Combo mua 2 giảm 5%,https://www.lazada.vn/search?q=8932252883754,2026-07-06 04:44:35
130,TikTok Shop,157000.0,16000.0,141000.0,,Flash Sale hàng hiệu,https://www.tiktokshop.vn/search?q=8932252883754,2026-07-06 04:44:35
130,GrabMart,171000.0,0.0,171000.0,,,https://www.grabmart.vn/search?q=8932252883754,2026-07-06 04:44:35
130,Pharmacity,160000.0,0.0,160000.0,,,https://www.pharmacity.vn/search?q=8932252883754,2026-07-06 04:44:35
131,Shopee,388000.0,19000.0,369000.0,,,https://www.shopee.vn/search?q=8937075681426,2026-06-30 04:44:35
131,Lazada,430000.0,0.0,430000.0,Voucher tích lũy,,https://www.lazada.vn/search?q=8937075681426,2026-06-30 04:44:35
131,TikTok Shop,422000.0,0.0,422000.0,,,https://www.tiktokshop.vn/search?q=8937075681426,2026-06-30 04:44:35
131,GrabMart,528000.0,0.0,528000.0,,,https://www.grabmart.vn/search?q=8937075681426,2026-06-30 04:44:35
131,Pharmacity,442000.0,22000.0,420000.0,,,https://www.pharmacity.vn/search?q=8937075681426,2026-06-30 04:44:35
131,Shopee,424000.0,21000.0,393000.0,Mã giảm 10k,,https://www.shopee.vn/search?q=8937075681426,2026-07-01 04:44:35
131,Lazada,399000.0,0.0,399000.0,Voucher tích lũy,,https://www.lazada.vn/search?q=8937075681426,2026-07-01 04:44:35
131,TikTok Shop,429000.0,43000.0,366000.0,Voucher Livestream 20k,,https://www.tiktokshop.vn/search?q=8937075681426,2026-07-01 04:44:35
131,GrabMart,485000.0,0.0,485000.0,,,https://www.grabmart.vn/search?q=8937075681426,2026-07-01 04:44:35
131,Pharmacity,461000.0,23000.0,438000.0,,,https://www.pharmacity.vn/search?q=8937075681426,2026-07-01 04:44:35
131,Shopee,402000.0,0.0,402000.0,Freeship Extra,Flash Sale,https://www.shopee.vn/search?q=8937075681426,2026-07-02 04:44:35
131,Lazada,410000.0,41000.0,369000.0,Voucher tích lũy,,https://www.lazada.vn/search?q=8937075681426,2026-07-02 04:44:35
131,TikTok Shop,440000.0,44000.0,396000.0,,Flash Sale hàng hiệu,https://www.tiktokshop.vn/search?q=8937075681426,2026-07-02 04:44:35
131,GrabMart,506000.0,0.0,506000.0,,,https://www.grabmart.vn/search?q=8937075681426,2026-07-02 04:44:35
131,Pharmacity,460000.0,0.0,460000.0,,,https://www.pharmacity.vn/search?q=8937075681426,2026-07-02 04:44:35
131,Shopee,453000.0,23000.0,430000.0,,,https://www.shopee.vn/search?q=8937075681426,2026-07-03 04:44:35
131,Lazada,408000.0,0.0,408000.0,,,https://www.lazada.vn/search?q=8937075681426,2026-07-03 04:44:35
131,TikTok Shop,418000.0,0.0,418000.0,,Flash Sale hàng hiệu,https://www.tiktokshop.vn/search?q=8937075681426,2026-07-03 04:44:35
131,GrabMart,526000.0,0.0,526000.0,,,https://www.grabmart.vn/search?q=8937075681426,2026-07-03 04:44:35
131,Pharmacity,460000.0,0.0,460000.0,,,https://www.pharmacity.vn/search?q=8937075681426,2026-07-03 04:44:35
131,Shopee,435000.0,0.0,425000.0,Mã giảm 10k,,https://www.shopee.vn/search?q=8937075681426,2026-07-04 04:44:35
131,Lazada,414000.0,21000.0,393000.0,,,https://www.lazada.vn/search?q=8937075681426,2026-07-04 04:44:35
131,TikTok Shop,421000.0,0.0,401000.0,Voucher Livestream 20k,Flash Sale hàng hiệu,https://www.tiktokshop.vn/search?q=8937075681426,2026-07-04 04:44:35
131,GrabMart,527000.0,0.0,527000.0,,,https://www.grabmart.vn/search?q=8937075681426,2026-07-04 04:44:35
131,Pharmacity,454000.0,23000.0,431000.0,,,https://www.pharmacity.vn/search?q=8937075681426,2026-07-04 04:44:35
131,Shopee,414000.0,21000.0,393000.0,Freeship Extra,,https://www.shopee.vn/search?q=8937075681426,2026-07-05 04:44:35
131,Lazada,407000.0,20000.0,387000.0,,,https://www.lazada.vn/search?q=8937075681426,2026-07-05 04:44:35
131,TikTok Shop,404000.0,40000.0,344000.0,Voucher Livestream 20k,,https://www.tiktokshop.vn/search?q=8937075681426,2026-07-05 04:44:35
131,GrabMart,474000.0,0.0,474000.0,,,https://www.grabmart.vn/search?q=8937075681426,2026-07-05 04:44:35
131,Pharmacity,456000.0,0.0,456000.0,,,https://www.pharmacity.vn/search?q=8937075681426,2026-07-05 04:44:35
131,Shopee,386000.0,0.0,386000.0,Freeship Extra,Flash Sale,https://www.shopee.vn/search?q=8937075681426,2026-07-06 04:44:35
131,Lazada,425000.0,0.0,425000.0,Voucher tích lũy,,https://www.lazada.vn/search?q=8937075681426,2026-07-06 04:44:35
131,TikTok Shop,433000.0,0.0,413000.0,Voucher Livestream 20k,Flash Sale hàng hiệu,https://www.tiktokshop.vn/search?q=8937075681426,2026-07-06 04:44:35
131,GrabMart,468000.0,0.0,468000.0,,,https://www.grabmart.vn/search?q=8937075681426,2026-07-06 04:44:35
131,Pharmacity,466000.0,23000.0,443000.0,,,https://www.pharmacity.vn/search?q=8937075681426,2026-07-06 04:44:35
132,Shopee,724000.0,36000.0,688000.0,,,https://www.shopee.vn/search?q=8934373476426,2026-06-30 04:44:35
132,Lazada,754000.0,38000.0,716000.0,,,https://www.lazada.vn/search?q=8934373476426,2026-06-30 04:44:35
132,TikTok Shop,657000.0,99000.0,538000.0,Voucher Livestream 20k,Flash Sale hàng hiệu,https://www.tiktokshop.vn/search?q=8934373476426,2026-06-30 04:44:35
132,GrabMart,885000.0,0.0,885000.0,,,https://www.grabmart.vn/search?q=8934373476426,2026-06-30 04:44:35
132,Pharmacity,787000.0,39000.0,748000.0,,,https://www.pharmacity.vn/search?q=8934373476426,2026-06-30 04:44:35
132,Shopee,763000.0,0.0,763000.0,,,https://www.shopee.vn/search?q=8934373476426,2026-07-01 04:44:35
132,Lazada,715000.0,36000.0,679000.0,Voucher tích lũy,,https://www.lazada.vn/search?q=8934373476426,2026-07-01 04:44:35
132,TikTok Shop,741000.0,111000.0,630000.0,,Flash Sale hàng hiệu,https://www.tiktokshop.vn/search?q=8934373476426,2026-07-01 04:44:35
132,GrabMart,922000.0,0.0,922000.0,,,https://www.grabmart.vn/search?q=8934373476426,2026-07-01 04:44:35
132,Pharmacity,772000.0,0.0,772000.0,,,https://www.pharmacity.vn/search?q=8934373476426,2026-07-01 04:44:35
132,Shopee,709000.0,106000.0,603000.0,Freeship Extra,Flash Sale,https://www.shopee.vn/search?q=8934373476426,2026-07-02 04:44:35
132,Lazada,692000.0,0.0,692000.0,,,https://www.lazada.vn/search?q=8934373476426,2026-07-02 04:44:35
132,TikTok Shop,737000.0,111000.0,606000.0,Voucher Livestream 20k,Flash Sale hàng hiệu,https://www.tiktokshop.vn/search?q=8934373476426,2026-07-02 04:44:35
132,GrabMart,885000.0,0.0,885000.0,,,https://www.grabmart.vn/search?q=8934373476426,2026-07-02 04:44:35
132,Pharmacity,787000.0,0.0,787000.0,,,https://www.pharmacity.vn/search?q=8934373476426,2026-07-02 04:44:35
132,Shopee,748000.0,75000.0,673000.0,,Flash Sale,https://www.shopee.vn/search?q=8934373476426,2026-07-03 04:44:35
132,Lazada,737000.0,0.0,737000.0,,Combo mua 2 giảm 5%,https://www.lazada.vn/search?q=8934373476426,2026-07-03 04:44:35
132,TikTok Shop,649000.0,65000.0,564000.0,Voucher Livestream 20k,Flash Sale hàng hiệu,https://www.tiktokshop.vn/search?q=8934373476426,2026-07-03 04:44:35
132,GrabMart,894000.0,0.0,894000.0,,,https://www.grabmart.vn/search?q=8934373476426,2026-07-03 04:44:35
132,Pharmacity,802000.0,40000.0,762000.0,,,https://www.pharmacity.vn/search?q=8934373476426,2026-07-03 04:44:35
132,Shopee,697000.0,0.0,697000.0,Freeship Extra,,https://www.shopee.vn/search?q=8934373476426,2026-07-04 04:44:35
132,Lazada,701000.0,0.0,701000.0,,Combo mua 2 giảm 5%,https://www.lazada.vn/search?q=8934373476426,2026-07-04 04:44:35
132,TikTok Shop,755000.0,0.0,735000.0,Voucher Livestream 20k,Flash Sale hàng hiệu,https://www.tiktokshop.vn/search?q=8934373476426,2026-07-04 04:44:35
132,GrabMart,865000.0,0.0,865000.0,,,https://www.grabmart.vn/search?q=8934373476426,2026-07-04 04:44:35
132,Pharmacity,813000.0,0.0,813000.0,,,https://www.pharmacity.vn/search?q=8934373476426,2026-07-04 04:44:35
132,Shopee,755000.0,113000.0,642000.0,Freeship Extra,,https://www.shopee.vn/search?q=8934373476426,2026-07-05 04:44:35
132,Lazada,713000.0,0.0,713000.0,,Combo mua 2 giảm 5%,https://www.lazada.vn/search?q=8934373476426,2026-07-05 04:44:35
132,TikTok Shop,656000.0,66000.0,590000.0,,Flash Sale hàng hiệu,https://www.tiktokshop.vn/search?q=8934373476426,2026-07-05 04:44:35
132,GrabMart,811000.0,0.0,811000.0,,,https://www.grabmart.vn/search?q=8934373476426,2026-07-05 04:44:35
132,Pharmacity,788000.0,39000.0,749000.0,,,https://www.pharmacity.vn/search?q=8934373476426,2026-07-05 04:44:35
132,Shopee,782000.0,0.0,772000.0,Mã giảm 10k,,https://www.shopee.vn/search?q=8934373476426,2026-07-06 04:44:35
132,Lazada,750000.0,0.0,750000.0,Voucher tích lũy,,https://www.lazada.vn/search?q=8934373476426,2026-07-06 04:44:35
132,TikTok Shop,649000.0,97000.0,532000.0,Voucher Livestream 20k,,https://www.tiktokshop.vn/search?q=8934373476426,2026-07-06 04:44:35
132,GrabMart,881000.0,0.0,881000.0,,,https://www.grabmart.vn/search?q=8934373476426,2026-07-06 04:44:35
132,Pharmacity,811000.0,0.0,811000.0,,,https://www.pharmacity.vn/search?q=8934373476426,2026-07-06 04:44:35
133,Shopee,63000.0,3000.0,60000.0,,,https://www.shopee.vn/search?q=8931189394067,2026-06-30 04:44:35
133,Lazada,65000.0,6000.0,59000.0,,Combo mua 2 giảm 5%,https://www.lazada.vn/search?q=8931189394067,2026-06-30 04:44:35
133,TikTok Shop,55000.0,0.0,55000.0,,,https://www.tiktokshop.vn/search?q=8931189394067,2026-06-30 04:44:35
133,GrabMart,73000.0,0.0,73000.0,,,https://www.grabmart.vn/search?q=8931189394067,2026-06-30 04:44:35
133,Pharmacity,64000.0,0.0,64000.0,,,https://www.pharmacity.vn/search?q=8931189394067,2026-06-30 04:44:35
133,Shopee,57000.0,6000.0,41000.0,Mã giảm 10k,,https://www.shopee.vn/search?q=8931189394067,2026-07-01 04:44:35
133,Lazada,62000.0,0.0,62000.0,,,https://www.lazada.vn/search?q=8931189394067,2026-07-01 04:44:35
133,TikTok Shop,54000.0,8000.0,46000.0,,Flash Sale hàng hiệu,https://www.tiktokshop.vn/search?q=8931189394067,2026-07-01 04:44:35
133,GrabMart,72000.0,0.0,72000.0,,,https://www.grabmart.vn/search?q=8931189394067,2026-07-01 04:44:35
133,Pharmacity,67000.0,3000.0,64000.0,,,https://www.pharmacity.vn/search?q=8931189394067,2026-07-01 04:44:35
133,Shopee,64000.0,10000.0,54000.0,,,https://www.shopee.vn/search?q=8931189394067,2026-07-02 04:44:35
133,Lazada,63000.0,0.0,63000.0,Voucher tích lũy,Combo mua 2 giảm 5%,https://www.lazada.vn/search?q=8931189394067,2026-07-02 04:44:35
133,TikTok Shop,53000.0,5000.0,48000.0,,,https://www.tiktokshop.vn/search?q=8931189394067,2026-07-02 04:44:35
133,GrabMart,73000.0,0.0,73000.0,,,https://www.grabmart.vn/search?q=8931189394067,2026-07-02 04:44:35
133,Pharmacity,67000.0,0.0,67000.0,,,https://www.pharmacity.vn/search?q=8931189394067,2026-07-02 04:44:35
133,Shopee,56000.0,3000.0,53000.0,,,https://www.shopee.vn/search?q=8931189394067,2026-07-03 04:44:35
133,Lazada,58000.0,0.0,58000.0,Voucher tích lũy,,https://www.lazada.vn/search?q=8931189394067,2026-07-03 04:44:35
133,TikTok Shop,60000.0,0.0,40000.0,Voucher Livestream 20k,Flash Sale hàng hiệu,https://www.tiktokshop.vn/search?q=8931189394067,2026-07-03 04:44:35
133,GrabMart,75000.0,0.0,75000.0,,,https://www.grabmart.vn/search?q=8931189394067,2026-07-03 04:44:35
133,Pharmacity,64000.0,0.0,64000.0,,,https://www.pharmacity.vn/search?q=8931189394067,2026-07-03 04:44:35
133,Shopee,65000.0,10000.0,55000.0,,Flash Sale,https://www.shopee.vn/search?q=8931189394067,2026-07-04 04:44:35
133,Lazada,59000.0,3000.0,56000.0,,,https://www.lazada.vn/search?q=8931189394067,2026-07-04 04:44:35
133,TikTok Shop,55000.0,6000.0,29000.0,Voucher Livestream 20k,Flash Sale hàng hiệu,https://www.tiktokshop.vn/search?q=8931189394067,2026-07-04 04:44:35
133,GrabMart,75000.0,0.0,75000.0,,,https://www.grabmart.vn/search?q=8931189394067,2026-07-04 04:44:35
133,Pharmacity,67000.0,0.0,67000.0,,,https://www.pharmacity.vn/search?q=8931189394067,2026-07-04 04:44:35
133,Shopee,63000.0,3000.0,60000.0,,,https://www.shopee.vn/search?q=8931189394067,2026-07-05 04:44:35
133,Lazada,63000.0,6000.0,57000.0,,Combo mua 2 giảm 5%,https://www.lazada.vn/search?q=8931189394067,2026-07-05 04:44:35
133,TikTok Shop,57000.0,9000.0,48000.0,,,https://www.tiktokshop.vn/search?q=8931189394067,2026-07-05 04:44:35
133,GrabMart,71000.0,0.0,71000.0,,,https://www.grabmart.vn/search?q=8931189394067,2026-07-05 04:44:35
133,Pharmacity,66000.0,0.0,66000.0,,,https://www.pharmacity.vn/search?q=8931189394067,2026-07-05 04:44:35
133,Shopee,63000.0,3000.0,60000.0,,,https://www.shopee.vn/search?q=8931189394067,2026-07-06 04:44:35
133,Lazada,59000.0,6000.0,53000.0,,Combo mua 2 giảm 5%,https://www.lazada.vn/search?q=8931189394067,2026-07-06 04:44:35
133,TikTok Shop,58000.0,0.0,38000.0,Voucher Livestream 20k,Flash Sale hàng hiệu,https://www.tiktokshop.vn/search?q=8931189394067,2026-07-06 04:44:35
133,GrabMart,69000.0,0.0,69000.0,,,https://www.grabmart.vn/search?q=8931189394067,2026-07-06 04:44:35
133,Pharmacity,64000.0,0.0,64000.0,,,https://www.pharmacity.vn/search?q=8931189394067,2026-07-06 04:44:35
134,Shopee,828000.0,83000.0,735000.0,Mã giảm 10k,,https://www.shopee.vn/search?q=8932318297167,2026-06-30 04:44:35
134,Lazada,822000.0,41000.0,781000.0,,,https://www.lazada.vn/search?q=8932318297167,2026-06-30 04:44:35
134,TikTok Shop,805000.0,0.0,805000.0,,,https://www.tiktokshop.vn/search?q=8932318297167,2026-06-30 04:44:35
134,GrabMart,876000.0,0.0,876000.0,,,https://www.grabmart.vn/search?q=8932318297167,2026-06-30 04:44:35
134,Pharmacity,848000.0,0.0,848000.0,,,https://www.pharmacity.vn/search?q=8932318297167,2026-06-30 04:44:35
134,Shopee,736000.0,37000.0,689000.0,Mã giảm 10k,,https://www.shopee.vn/search?q=8932318297167,2026-07-01 04:44:35
134,Lazada,797000.0,80000.0,717000.0,Voucher tích lũy,,https://www.lazada.vn/search?q=8932318297167,2026-07-01 04:44:35
134,TikTok Shop,808000.0,121000.0,687000.0,,,https://www.tiktokshop.vn/search?q=8932318297167,2026-07-01 04:44:35
134,GrabMart,1002000.0,0.0,1002000.0,,,https://www.grabmart.vn/search?q=8932318297167,2026-07-01 04:44:35
134,Pharmacity,857000.0,0.0,857000.0,,,https://www.pharmacity.vn/search?q=8932318297167,2026-07-01 04:44:35
134,Shopee,836000.0,84000.0,742000.0,Mã giảm 10k,Flash Sale,https://www.shopee.vn/search?q=8932318297167,2026-07-02 04:44:35
134,Lazada,767000.0,77000.0,690000.0,,Combo mua 2 giảm 5%,https://www.lazada.vn/search?q=8932318297167,2026-07-02 04:44:35
134,TikTok Shop,739000.0,111000.0,628000.0,,,https://www.tiktokshop.vn/search?q=8932318297167,2026-07-02 04:44:35
134,GrabMart,889000.0,0.0,889000.0,,,https://www.grabmart.vn/search?q=8932318297167,2026-07-02 04:44:35
134,Pharmacity,885000.0,0.0,885000.0,,,https://www.pharmacity.vn/search?q=8932318297167,2026-07-02 04:44:35
134,Shopee,768000.0,115000.0,653000.0,,Flash Sale,https://www.shopee.vn/search?q=8932318297167,2026-07-03 04:44:35
134,Lazada,800000.0,0.0,800000.0,,,https://www.lazada.vn/search?q=8932318297167,2026-07-03 04:44:35
134,TikTok Shop,791000.0,0.0,771000.0,Voucher Livestream 20k,Flash Sale hàng hiệu,https://www.tiktokshop.vn/search?q=8932318297167,2026-07-03 04:44:35
134,GrabMart,953000.0,0.0,953000.0,,,https://www.grabmart.vn/search?q=8932318297167,2026-07-03 04:44:35
134,Pharmacity,843000.0,42000.0,801000.0,,,https://www.pharmacity.vn/search?q=8932318297167,2026-07-03 04:44:35
134,Shopee,799000.0,120000.0,669000.0,Mã giảm 10k,,https://www.shopee.vn/search?q=8932318297167,2026-07-04 04:44:35
134,Lazada,775000.0,0.0,775000.0,Voucher tích lũy,,https://www.lazada.vn/search?q=8932318297167,2026-07-04 04:44:35
134,TikTok Shop,837000.0,84000.0,753000.0,,Flash Sale hàng hiệu,https://www.tiktokshop.vn/search?q=8932318297167,2026-07-04 04:44:35
134,GrabMart,908000.0,0.0,908000.0,,,https://www.grabmart.vn/search?q=8932318297167,2026-07-04 04:44:35
134,Pharmacity,848000.0,42000.0,806000.0,,,https://www.pharmacity.vn/search?q=8932318297167,2026-07-04 04:44:35
134,Shopee,827000.0,0.0,827000.0,Freeship Extra,Flash Sale,https://www.shopee.vn/search?q=8932318297167,2026-07-05 04:44:35
134,Lazada,756000.0,0.0,756000.0,,Combo mua 2 giảm 5%,https://www.lazada.vn/search?q=8932318297167,2026-07-05 04:44:35
134,TikTok Shop,783000.0,117000.0,646000.0,Voucher Livestream 20k,Flash Sale hàng hiệu,https://www.tiktokshop.vn/search?q=8932318297167,2026-07-05 04:44:35
134,GrabMart,974000.0,0.0,974000.0,,,https://www.grabmart.vn/search?q=8932318297167,2026-07-05 04:44:35
134,Pharmacity,839000.0,0.0,839000.0,,,https://www.pharmacity.vn/search?q=8932318297167,2026-07-05 04:44:35
134,Shopee,742000.0,0.0,732000.0,Mã giảm 10k,,https://www.shopee.vn/search?q=8932318297167,2026-07-06 04:44:35
134,Lazada,848000.0,42000.0,806000.0,Voucher tích lũy,,https://www.lazada.vn/search?q=8932318297167,2026-07-06 04:44:35
134,TikTok Shop,823000.0,123000.0,700000.0,,Flash Sale hàng hiệu,https://www.tiktokshop.vn/search?q=8932318297167,2026-07-06 04:44:35
134,GrabMart,952000.0,0.0,952000.0,,,https://www.grabmart.vn/search?q=8932318297167,2026-07-06 04:44:35
134,Pharmacity,854000.0,0.0,854000.0,,,https://www.pharmacity.vn/search?q=8932318297167,2026-07-06 04:44:35
135,Shopee,173000.0,17000.0,156000.0,Freeship Extra,,https://www.shopee.vn/search?q=8933638164320,2026-06-30 04:44:35
135,Lazada,170000.0,17000.0,153000.0,Voucher tích lũy,Combo mua 2 giảm 5%,https://www.lazada.vn/search?q=8933638164320,2026-06-30 04:44:35
135,TikTok Shop,156000.0,0.0,156000.0,,Flash Sale hàng hiệu,https://www.tiktokshop.vn/search?q=8933638164320,2026-06-30 04:44:35
135,GrabMart,204000.0,0.0,204000.0,,,https://www.grabmart.vn/search?q=8933638164320,2026-06-30 04:44:35
135,Pharmacity,178000.0,9000.0,169000.0,,,https://www.pharmacity.vn/search?q=8933638164320,2026-06-30 04:44:35
135,Shopee,159000.0,16000.0,133000.0,Mã giảm 10k,,https://www.shopee.vn/search?q=8933638164320,2026-07-01 04:44:35
135,Lazada,168000.0,0.0,168000.0,Voucher tích lũy,Combo mua 2 giảm 5%,https://www.lazada.vn/search?q=8933638164320,2026-07-01 04:44:35
135,TikTok Shop,175000.0,26000.0,129000.0,Voucher Livestream 20k,,https://www.tiktokshop.vn/search?q=8933638164320,2026-07-01 04:44:35
135,GrabMart,193000.0,0.0,193000.0,,,https://www.grabmart.vn/search?q=8933638164320,2026-07-01 04:44:35
135,Pharmacity,186000.0,9000.0,177000.0,,,https://www.pharmacity.vn/search?q=8933638164320,2026-07-01 04:44:35
135,Shopee,178000.0,0.0,178000.0,,Flash Sale,https://www.shopee.vn/search?q=8933638164320,2026-07-02 04:44:35
135,Lazada,176000.0,18000.0,158000.0,Voucher tích lũy,Combo mua 2 giảm 5%,https://www.lazada.vn/search?q=8933638164320,2026-07-02 04:44:35
135,TikTok Shop,163000.0,0.0,143000.0,Voucher Livestream 20k,,https://www.tiktokshop.vn/search?q=8933638164320,2026-07-02 04:44:35
135,GrabMart,210000.0,0.0,210000.0,,,https://www.grabmart.vn/search?q=8933638164320,2026-07-02 04:44:35
135,Pharmacity,188000.0,0.0,188000.0,,,https://www.pharmacity.vn/search?q=8933638164320,2026-07-02 04:44:35
135,Shopee,172000.0,26000.0,136000.0,Mã giảm 10k,Flash Sale,https://www.shopee.vn/search?q=8933638164320,2026-07-03 04:44:35
135,Lazada,167000.0,8000.0,159000.0,Voucher tích lũy,,https://www.lazada.vn/search?q=8933638164320,2026-07-03 04:44:35
135,TikTok Shop,170000.0,26000.0,144000.0,,Flash Sale hàng hiệu,https://www.tiktokshop.vn/search?q=8933638164320,2026-07-03 04:44:35
135,GrabMart,189000.0,0.0,189000.0,,,https://www.grabmart.vn/search?q=8933638164320,2026-07-03 04:44:35
135,Pharmacity,186000.0,0.0,186000.0,,,https://www.pharmacity.vn/search?q=8933638164320,2026-07-03 04:44:35
135,Shopee,177000.0,18000.0,149000.0,Mã giảm 10k,,https://www.shopee.vn/search?q=8933638164320,2026-07-04 04:44:35
135,Lazada,169000.0,17000.0,152000.0,,Combo mua 2 giảm 5%,https://www.lazada.vn/search?q=8933638164320,2026-07-04 04:44:35
135,TikTok Shop,148000.0,22000.0,126000.0,,Flash Sale hàng hiệu,https://www.tiktokshop.vn/search?q=8933638164320,2026-07-04 04:44:35
135,GrabMart,189000.0,0.0,189000.0,,,https://www.grabmart.vn/search?q=8933638164320,2026-07-04 04:44:35
135,Pharmacity,188000.0,0.0,188000.0,,,https://www.pharmacity.vn/search?q=8933638164320,2026-07-04 04:44:35
135,Shopee,181000.0,18000.0,163000.0,,Flash Sale,https://www.shopee.vn/search?q=8933638164320,2026-07-05 04:44:35
135,Lazada,171000.0,17000.0,154000.0,,Combo mua 2 giảm 5%,https://www.lazada.vn/search?q=8933638164320,2026-07-05 04:44:35
135,TikTok Shop,169000.0,0.0,169000.0,,,https://www.tiktokshop.vn/search?q=8933638164320,2026-07-05 04:44:35
135,GrabMart,185000.0,0.0,185000.0,,,https://www.grabmart.vn/search?q=8933638164320,2026-07-05 04:44:35
135,Pharmacity,184000.0,9000.0,175000.0,,,https://www.pharmacity.vn/search?q=8933638164320,2026-07-05 04:44:35
135,Shopee,174000.0,0.0,174000.0,Freeship Extra,,https://www.shopee.vn/search?q=8933638164320,2026-07-06 04:44:35
135,Lazada,172000.0,0.0,172000.0,,,https://www.lazada.vn/search?q=8933638164320,2026-07-06 04:44:35
135,TikTok Shop,166000.0,0.0,146000.0,Voucher Livestream 20k,,https://www.tiktokshop.vn/search?q=8933638164320,2026-07-06 04:44:35
135,GrabMart,186000.0,0.0,186000.0,,,https://www.grabmart.vn/search?q=8933638164320,2026-07-06 04:44:35
135,Pharmacity,185000.0,0.0,185000.0,,,https://www.pharmacity.vn/search?q=8933638164320,2026-07-06 04:44:35
136,Shopee,394000.0,0.0,394000.0,,,https://www.shopee.vn/search?q=8931198756177,2026-06-30 04:44:35
136,Lazada,366000.0,0.0,366000.0,,,https://www.lazada.vn/search?q=8931198756177,2026-06-30 04:44:35
136,TikTok Shop,353000.0,35000.0,318000.0,,,https://www.tiktokshop.vn/search?q=8931198756177,2026-06-30 04:44:35
136,GrabMart,464000.0,0.0,464000.0,,,https://www.grabmart.vn/search?q=8931198756177,2026-06-30 04:44:35
136,Pharmacity,412000.0,0.0,412000.0,,,https://www.pharmacity.vn/search?q=8931198756177,2026-06-30 04:44:35
136,Shopee,359000.0,54000.0,295000.0,Mã giảm 10k,Flash Sale,https://www.shopee.vn/search?q=8931198756177,2026-07-01 04:44:35
136,Lazada,387000.0,19000.0,368000.0,Voucher tích lũy,Combo mua 2 giảm 5%,https://www.lazada.vn/search?q=8931198756177,2026-07-01 04:44:35
136,TikTok Shop,385000.0,58000.0,327000.0,,Flash Sale hàng hiệu,https://www.tiktokshop.vn/search?q=8931198756177,2026-07-01 04:44:35
136,GrabMart,469000.0,0.0,469000.0,,,https://www.grabmart.vn/search?q=8931198756177,2026-07-01 04:44:35
136,Pharmacity,422000.0,0.0,422000.0,,,https://www.pharmacity.vn/search?q=8931198756177,2026-07-01 04:44:35
136,Shopee,369000.0,37000.0,332000.0,,,https://www.shopee.vn/search?q=8931198756177,2026-07-02 04:44:35
136,Lazada,359000.0,36000.0,323000.0,,,https://www.lazada.vn/search?q=8931198756177,2026-07-02 04:44:35
136,TikTok Shop,388000.0,58000.0,310000.0,Voucher Livestream 20k,,https://www.tiktokshop.vn/search?q=8931198756177,2026-07-02 04:44:35
136,GrabMart,445000.0,0.0,445000.0,,,https://www.grabmart.vn/search?q=8931198756177,2026-07-02 04:44:35
136,Pharmacity,403000.0,20000.0,383000.0,,,https://www.pharmacity.vn/search?q=8931198756177,2026-07-02 04:44:35
136,Shopee,378000.0,38000.0,340000.0,,,https://www.shopee.vn/search?q=8931198756177,2026-07-03 04:44:35
136,Lazada,393000.0,20000.0,373000.0,,,https://www.lazada.vn/search?q=8931198756177,2026-07-03 04:44:35
136,TikTok Shop,384000.0,0.0,384000.0,,,https://www.tiktokshop.vn/search?q=8931198756177,2026-07-03 04:44:35
136,GrabMart,414000.0,0.0,414000.0,,,https://www.grabmart.vn/search?q=8931198756177,2026-07-03 04:44:35
136,Pharmacity,410000.0,20000.0,390000.0,,,https://www.pharmacity.vn/search?q=8931198756177,2026-07-03 04:44:35
136,Shopee,365000.0,0.0,365000.0,,Flash Sale,https://www.shopee.vn/search?q=8931198756177,2026-07-04 04:44:35
136,Lazada,401000.0,40000.0,361000.0,Voucher tích lũy,,https://www.lazada.vn/search?q=8931198756177,2026-07-04 04:44:35
136,TikTok Shop,365000.0,36000.0,329000.0,,Flash Sale hàng hiệu,https://www.tiktokshop.vn/search?q=8931198756177,2026-07-04 04:44:35
136,GrabMart,451000.0,0.0,451000.0,,,https://www.grabmart.vn/search?q=8931198756177,2026-07-04 04:44:35
136,Pharmacity,419000.0,21000.0,398000.0,,,https://www.pharmacity.vn/search?q=8931198756177,2026-07-04 04:44:35
136,Shopee,358000.0,54000.0,294000.0,Mã giảm 10k,Flash Sale,https://www.shopee.vn/search?q=8931198756177,2026-07-05 04:44:35
136,Lazada,403000.0,40000.0,363000.0,,,https://www.lazada.vn/search?q=8931198756177,2026-07-05 04:44:35
136,TikTok Shop,338000.0,0.0,318000.0,Voucher Livestream 20k,,https://www.tiktokshop.vn/search?q=8931198756177,2026-07-05 04:44:35
136,GrabMart,471000.0,0.0,471000.0,,,https://www.grabmart.vn/search?q=8931198756177,2026-07-05 04:44:35
136,Pharmacity,424000.0,0.0,424000.0,,,https://www.pharmacity.vn/search?q=8931198756177,2026-07-05 04:44:35
136,Shopee,377000.0,19000.0,348000.0,Mã giảm 10k,Flash Sale,https://www.shopee.vn/search?q=8931198756177,2026-07-06 04:44:35
136,Lazada,375000.0,38000.0,337000.0,,,https://www.lazada.vn/search?q=8931198756177,2026-07-06 04:44:35
136,TikTok Shop,356000.0,53000.0,283000.0,Voucher Livestream 20k,,https://www.tiktokshop.vn/search?q=8931198756177,2026-07-06 04:44:35
136,GrabMart,430000.0,0.0,430000.0,,,https://www.grabmart.vn/search?q=8931198756177,2026-07-06 04:44:35
136,Pharmacity,418000.0,0.0,418000.0,,,https://www.pharmacity.vn/search?q=8931198756177,2026-07-06 04:44:35
137,Shopee,363000.0,18000.0,345000.0,Freeship Extra,,https://www.shopee.vn/search?q=8935068826915,2026-06-30 04:44:35
137,Lazada,395000.0,20000.0,375000.0,Voucher tích lũy,,https://www.lazada.vn/search?q=8935068826915,2026-06-30 04:44:35
137,TikTok Shop,331000.0,33000.0,298000.0,,Flash Sale hàng hiệu,https://www.tiktokshop.vn/search?q=8935068826915,2026-06-30 04:44:35
137,GrabMart,450000.0,0.0,450000.0,,,https://www.grabmart.vn/search?q=8935068826915,2026-06-30 04:44:35
137,Pharmacity,398000.0,0.0,398000.0,,,https://www.pharmacity.vn/search?q=8935068826915,2026-06-30 04:44:35
137,Shopee,366000.0,18000.0,338000.0,Mã giảm 10k,,https://www.shopee.vn/search?q=8935068826915,2026-07-01 04:44:35
137,Lazada,358000.0,36000.0,322000.0,Voucher tích lũy,,https://www.lazada.vn/search?q=8935068826915,2026-07-01 04:44:35
137,TikTok Shop,327000.0,49000.0,258000.0,Voucher Livestream 20k,Flash Sale hàng hiệu,https://www.tiktokshop.vn/search?q=8935068826915,2026-07-01 04:44:35
137,GrabMart,445000.0,0.0,445000.0,,,https://www.grabmart.vn/search?q=8935068826915,2026-07-01 04:44:35
137,Pharmacity,388000.0,0.0,388000.0,,,https://www.pharmacity.vn/search?q=8935068826915,2026-07-01 04:44:35
137,Shopee,368000.0,0.0,358000.0,Mã giảm 10k,Flash Sale,https://www.shopee.vn/search?q=8935068826915,2026-07-02 04:44:35
137,Lazada,375000.0,0.0,375000.0,Voucher tích lũy,Combo mua 2 giảm 5%,https://www.lazada.vn/search?q=8935068826915,2026-07-02 04:44:35
137,TikTok Shop,361000.0,0.0,341000.0,Voucher Livestream 20k,Flash Sale hàng hiệu,https://www.tiktokshop.vn/search?q=8935068826915,2026-07-02 04:44:35
137,GrabMart,450000.0,0.0,450000.0,,,https://www.grabmart.vn/search?q=8935068826915,2026-07-02 04:44:35
137,Pharmacity,404000.0,20000.0,384000.0,,,https://www.pharmacity.vn/search?q=8935068826915,2026-07-02 04:44:35
137,Shopee,392000.0,39000.0,353000.0,Freeship Extra,Flash Sale,https://www.shopee.vn/search?q=8935068826915,2026-07-03 04:44:35
137,Lazada,352000.0,35000.0,317000.0,Voucher tích lũy,,https://www.lazada.vn/search?q=8935068826915,2026-07-03 04:44:35
137,TikTok Shop,358000.0,36000.0,302000.0,Voucher Livestream 20k,,https://www.tiktokshop.vn/search?q=8935068826915,2026-07-03 04:44:35
137,GrabMart,409000.0,0.0,409000.0,,,https://www.grabmart.vn/search?q=8935068826915,2026-07-03 04:44:35
137,Pharmacity,404000.0,20000.0,384000.0,,,https://www.pharmacity.vn/search?q=8935068826915,2026-07-03 04:44:35
137,Shopee,337000.0,34000.0,303000.0,Freeship Extra,,https://www.shopee.vn/search?q=8935068826915,2026-07-04 04:44:35
137,Lazada,394000.0,0.0,394000.0,,,https://www.lazada.vn/search?q=8935068826915,2026-07-04 04:44:35
137,TikTok Shop,377000.0,0.0,357000.0,Voucher Livestream 20k,,https://www.tiktokshop.vn/search?q=8935068826915,2026-07-04 04:44:35
137,GrabMart,450000.0,0.0,450000.0,,,https://www.grabmart.vn/search?q=8935068826915,2026-07-04 04:44:35
137,Pharmacity,400000.0,0.0,400000.0,,,https://www.pharmacity.vn/search?q=8935068826915,2026-07-04 04:44:35
137,Shopee,362000.0,0.0,362000.0,Freeship Extra,Flash Sale,https://www.shopee.vn/search?q=8935068826915,2026-07-05 04:44:35
137,Lazada,355000.0,36000.0,319000.0,,Combo mua 2 giảm 5%,https://www.lazada.vn/search?q=8935068826915,2026-07-05 04:44:35
137,TikTok Shop,373000.0,0.0,353000.0,Voucher Livestream 20k,,https://www.tiktokshop.vn/search?q=8935068826915,2026-07-05 04:44:35
137,GrabMart,448000.0,0.0,448000.0,,,https://www.grabmart.vn/search?q=8935068826915,2026-07-05 04:44:35
137,Pharmacity,397000.0,0.0,397000.0,,,https://www.pharmacity.vn/search?q=8935068826915,2026-07-05 04:44:35
137,Shopee,369000.0,18000.0,341000.0,Mã giảm 10k,Flash Sale,https://www.shopee.vn/search?q=8935068826915,2026-07-06 04:44:35
137,Lazada,379000.0,38000.0,341000.0,,,https://www.lazada.vn/search?q=8935068826915,2026-07-06 04:44:35
137,TikTok Shop,377000.0,38000.0,339000.0,,Flash Sale hàng hiệu,https://www.tiktokshop.vn/search?q=8935068826915,2026-07-06 04:44:35
137,GrabMart,462000.0,0.0,462000.0,,,https://www.grabmart.vn/search?q=8935068826915,2026-07-06 04:44:35
137,Pharmacity,413000.0,0.0,413000.0,,,https://www.pharmacity.vn/search?q=8935068826915,2026-07-06 04:44:35
138,Shopee,172000.0,26000.0,146000.0,Freeship Extra,Flash Sale,https://www.shopee.vn/search?q=8935082695825,2026-06-30 04:44:35
138,Lazada,184000.0,18000.0,166000.0,,,https://www.lazada.vn/search?q=8935082695825,2026-06-30 04:44:35
138,TikTok Shop,164000.0,16000.0,128000.0,Voucher Livestream 20k,,https://www.tiktokshop.vn/search?q=8935082695825,2026-06-30 04:44:35
138,GrabMart,224000.0,0.0,224000.0,,,https://www.grabmart.vn/search?q=8935082695825,2026-06-30 04:44:35
138,Pharmacity,206000.0,0.0,206000.0,,,https://www.pharmacity.vn/search?q=8935082695825,2026-06-30 04:44:35
138,Shopee,194000.0,19000.0,175000.0,Freeship Extra,Flash Sale,https://www.shopee.vn/search?q=8935082695825,2026-07-01 04:44:35
138,Lazada,199000.0,0.0,199000.0,Voucher tích lũy,,https://www.lazada.vn/search?q=8935082695825,2026-07-01 04:44:35
138,TikTok Shop,189000.0,19000.0,170000.0,,,https://www.tiktokshop.vn/search?q=8935082695825,2026-07-01 04:44:35
138,GrabMart,221000.0,0.0,221000.0,,,https://www.grabmart.vn/search?q=8935082695825,2026-07-01 04:44:35
138,Pharmacity,207000.0,10000.0,197000.0,,,https://www.pharmacity.vn/search?q=8935082695825,2026-07-01 04:44:35
138,Shopee,190000.0,0.0,190000.0,,,https://www.shopee.vn/search?q=8935082695825,2026-07-02 04:44:35
138,Lazada,187000.0,0.0,187000.0,,,https://www.lazada.vn/search?q=8935082695825,2026-07-02 04:44:35
138,TikTok Shop,185000.0,28000.0,137000.0,Voucher Livestream 20k,Flash Sale hàng hiệu,https://www.tiktokshop.vn/search?q=8935082695825,2026-07-02 04:44:35
138,GrabMart,232000.0,0.0,232000.0,,,https://www.grabmart.vn/search?q=8935082695825,2026-07-02 04:44:35
138,Pharmacity,201000.0,0.0,201000.0,,,https://www.pharmacity.vn/search?q=8935082695825,2026-07-02 04:44:35
138,Shopee,173000.0,26000.0,147000.0,Freeship Extra,,https://www.shopee.vn/search?q=8935082695825,2026-07-03 04:44:35
138,Lazada,177000.0,18000.0,159000.0,,Combo mua 2 giảm 5%,https://www.lazada.vn/search?q=8935082695825,2026-07-03 04:44:35
138,TikTok Shop,190000.0,0.0,190000.0,,,https://www.tiktokshop.vn/search?q=8935082695825,2026-07-03 04:44:35
138,GrabMart,214000.0,0.0,214000.0,,,https://www.grabmart.vn/search?q=8935082695825,2026-07-03 04:44:35
138,Pharmacity,197000.0,10000.0,187000.0,,,https://www.pharmacity.vn/search?q=8935082695825,2026-07-03 04:44:35
138,Shopee,172000.0,0.0,172000.0,Freeship Extra,Flash Sale,https://www.shopee.vn/search?q=8935082695825,2026-07-04 04:44:35
138,Lazada,177000.0,9000.0,168000.0,,,https://www.lazada.vn/search?q=8935082695825,2026-07-04 04:44:35
138,TikTok Shop,192000.0,19000.0,153000.0,Voucher Livestream 20k,,https://www.tiktokshop.vn/search?q=8935082695825,2026-07-04 04:44:35
138,GrabMart,204000.0,0.0,204000.0,,,https://www.grabmart.vn/search?q=8935082695825,2026-07-04 04:44:35
138,Pharmacity,201000.0,10000.0,191000.0,,,https://www.pharmacity.vn/search?q=8935082695825,2026-07-04 04:44:35
138,Shopee,178000.0,27000.0,141000.0,Mã giảm 10k,Flash Sale,https://www.shopee.vn/search?q=8935082695825,2026-07-05 04:44:35
138,Lazada,190000.0,10000.0,180000.0,,,https://www.lazada.vn/search?q=8935082695825,2026-07-05 04:44:35
138,TikTok Shop,187000.0,19000.0,168000.0,,Flash Sale hàng hiệu,https://www.tiktokshop.vn/search?q=8935082695825,2026-07-05 04:44:35
138,GrabMart,227000.0,0.0,227000.0,,,https://www.grabmart.vn/search?q=8935082695825,2026-07-05 04:44:35
138,Pharmacity,202000.0,0.0,202000.0,,,https://www.pharmacity.vn/search?q=8935082695825,2026-07-05 04:44:35
138,Shopee,189000.0,19000.0,170000.0,,,https://www.shopee.vn/search?q=8935082695825,2026-07-06 04:44:35
138,Lazada,194000.0,10000.0,184000.0,Voucher tích lũy,Combo mua 2 giảm 5%,https://www.lazada.vn/search?q=8935082695825,2026-07-06 04:44:35
138,TikTok Shop,193000.0,0.0,193000.0,,Flash Sale hàng hiệu,https://www.tiktokshop.vn/search?q=8935082695825,2026-07-06 04:44:35
138,GrabMart,203000.0,0.0,203000.0,,,https://www.grabmart.vn/search?q=8935082695825,2026-07-06 04:44:35
138,Pharmacity,209000.0,10000.0,199000.0,,,https://www.pharmacity.vn/search?q=8935082695825,2026-07-06 04:44:35
139,Shopee,0.0,0.0,1000,Mã giảm 10k,,https://www.shopee.vn/search?q=8937312552359,2026-06-30 04:44:35
139,Lazada,0.0,0.0,0.0,,,https://www.lazada.vn/search?q=8937312552359,2026-06-30 04:44:35
139,TikTok Shop,0.0,0.0,1000,Voucher Livestream 20k,,https://www.tiktokshop.vn/search?q=8937312552359,2026-06-30 04:44:35
139,GrabMart,0.0,0.0,0.0,,,https://www.grabmart.vn/search?q=8937312552359,2026-06-30 04:44:35
139,Pharmacity,0.0,0.0,0.0,,,https://www.pharmacity.vn/search?q=8937312552359,2026-06-30 04:44:35
139,Shopee,0.0,0.0,0.0,Freeship Extra,Flash Sale,https://www.shopee.vn/search?q=8937312552359,2026-07-01 04:44:35
139,Lazada,0.0,0.0,0.0,,Combo mua 2 giảm 5%,https://www.lazada.vn/search?q=8937312552359,2026-07-01 04:44:35
139,TikTok Shop,0.0,0.0,1000,Voucher Livestream 20k,Flash Sale hàng hiệu,https://www.tiktokshop.vn/search?q=8937312552359,2026-07-01 04:44:35
139,GrabMart,0.0,0.0,0.0,,,https://www.grabmart.vn/search?q=8937312552359,2026-07-01 04:44:35
139,Pharmacity,0.0,0.0,0.0,,,https://www.pharmacity.vn/search?q=8937312552359,2026-07-01 04:44:35
139,Shopee,0.0,0.0,0.0,,,https://www.shopee.vn/search?q=8937312552359,2026-07-02 04:44:35
139,Lazada,0.0,0.0,0.0,,,https://www.lazada.vn/search?q=8937312552359,2026-07-02 04:44:35
139,TikTok Shop,0.0,0.0,0.0,,,https://www.tiktokshop.vn/search?q=8937312552359,2026-07-02 04:44:35
139,GrabMart,0.0,0.0,0.0,,,https://www.grabmart.vn/search?q=8937312552359,2026-07-02 04:44:35
139,Pharmacity,0.0,0.0,0.0,,,https://www.pharmacity.vn/search?q=8937312552359,2026-07-02 04:44:35
139,Shopee,0.0,0.0,0.0,,Flash Sale,https://www.shopee.vn/search?q=8937312552359,2026-07-03 04:44:35
139,Lazada,0.0,0.0,0.0,,,https://www.lazada.vn/search?q=8937312552359,2026-07-03 04:44:35
139,TikTok Shop,0.0,0.0,0.0,,Flash Sale hàng hiệu,https://www.tiktokshop.vn/search?q=8937312552359,2026-07-03 04:44:35
139,GrabMart,0.0,0.0,0.0,,,https://www.grabmart.vn/search?q=8937312552359,2026-07-03 04:44:35
139,Pharmacity,0.0,0.0,0.0,,,https://www.pharmacity.vn/search?q=8937312552359,2026-07-03 04:44:35
139,Shopee,0.0,0.0,1000,Mã giảm 10k,Flash Sale,https://www.shopee.vn/search?q=8937312552359,2026-07-04 04:44:35
139,Lazada,0.0,0.0,0.0,Voucher tích lũy,Combo mua 2 giảm 5%,https://www.lazada.vn/search?q=8937312552359,2026-07-04 04:44:35
139,TikTok Shop,0.0,0.0,1000,Voucher Livestream 20k,,https://www.tiktokshop.vn/search?q=8937312552359,2026-07-04 04:44:35
139,GrabMart,0.0,0.0,0.0,,,https://www.grabmart.vn/search?q=8937312552359,2026-07-04 04:44:35
139,Pharmacity,0.0,0.0,0.0,,,https://www.pharmacity.vn/search?q=8937312552359,2026-07-04 04:44:35
139,Shopee,0.0,0.0,0.0,,,https://www.shopee.vn/search?q=8937312552359,2026-07-05 04:44:35
139,Lazada,0.0,0.0,0.0,Voucher tích lũy,,https://www.lazada.vn/search?q=8937312552359,2026-07-05 04:44:35
139,TikTok Shop,0.0,0.0,1000,Voucher Livestream 20k,,https://www.tiktokshop.vn/search?q=8937312552359,2026-07-05 04:44:35
139,GrabMart,0.0,0.0,0.0,,,https://www.grabmart.vn/search?q=8937312552359,2026-07-05 04:44:35
139,Pharmacity,0.0,0.0,0.0,,,https://www.pharmacity.vn/search?q=8937312552359,2026-07-05 04:44:35
139,Shopee,0.0,0.0,1000,Mã giảm 10k,Flash Sale,https://www.shopee.vn/search?q=8937312552359,2026-07-06 04:44:35
139,Lazada,0.0,0.0,0.0,Voucher tích lũy,,https://www.lazada.vn/search?q=8937312552359,2026-07-06 04:44:35
139,TikTok Shop,0.0,0.0,0.0,,,https://www.tiktokshop.vn/search?q=8937312552359,2026-07-06 04:44:35
139,GrabMart,0.0,0.0,0.0,,,https://www.grabmart.vn/search?q=8937312552359,2026-07-06 04:44:35
139,Pharmacity,0.0,0.0,0.0,,,https://www.pharmacity.vn/search?q=8937312552359,2026-07-06 04:44:35
140,Shopee,0.0,0.0,1000,Mã giảm 10k,,https://www.shopee.vn/search?q=8933552165052,2026-06-30 04:44:35
140,Lazada,0.0,0.0,0.0,,,https://www.lazada.vn/search?q=8933552165052,2026-06-30 04:44:35
140,TikTok Shop,0.0,0.0,1000,Voucher Livestream 20k,Flash Sale hàng hiệu,https://www.tiktokshop.vn/search?q=8933552165052,2026-06-30 04:44:35
140,GrabMart,0.0,0.0,0.0,,,https://www.grabmart.vn/search?q=8933552165052,2026-06-30 04:44:35
140,Pharmacity,0.0,0.0,0.0,,,https://www.pharmacity.vn/search?q=8933552165052,2026-06-30 04:44:35
140,Shopee,0.0,0.0,0.0,,Flash Sale,https://www.shopee.vn/search?q=8933552165052,2026-07-01 04:44:35
140,Lazada,0.0,0.0,0.0,Voucher tích lũy,,https://www.lazada.vn/search?q=8933552165052,2026-07-01 04:44:35
140,TikTok Shop,0.0,0.0,0.0,,Flash Sale hàng hiệu,https://www.tiktokshop.vn/search?q=8933552165052,2026-07-01 04:44:35
140,GrabMart,0.0,0.0,0.0,,,https://www.grabmart.vn/search?q=8933552165052,2026-07-01 04:44:35
140,Pharmacity,0.0,0.0,0.0,,,https://www.pharmacity.vn/search?q=8933552165052,2026-07-01 04:44:35
140,Shopee,0.0,0.0,0.0,Freeship Extra,Flash Sale,https://www.shopee.vn/search?q=8933552165052,2026-07-02 04:44:35
140,Lazada,0.0,0.0,0.0,,Combo mua 2 giảm 5%,https://www.lazada.vn/search?q=8933552165052,2026-07-02 04:44:35
140,TikTok Shop,0.0,0.0,0.0,,,https://www.tiktokshop.vn/search?q=8933552165052,2026-07-02 04:44:35
140,GrabMart,0.0,0.0,0.0,,,https://www.grabmart.vn/search?q=8933552165052,2026-07-02 04:44:35
140,Pharmacity,0.0,0.0,0.0,,,https://www.pharmacity.vn/search?q=8933552165052,2026-07-02 04:44:35
140,Shopee,0.0,0.0,0.0,Freeship Extra,Flash Sale,https://www.shopee.vn/search?q=8933552165052,2026-07-03 04:44:35
140,Lazada,0.0,0.0,0.0,,Combo mua 2 giảm 5%,https://www.lazada.vn/search?q=8933552165052,2026-07-03 04:44:35
140,TikTok Shop,0.0,0.0,0.0,,,https://www.tiktokshop.vn/search?q=8933552165052,2026-07-03 04:44:35
140,GrabMart,0.0,0.0,0.0,,,https://www.grabmart.vn/search?q=8933552165052,2026-07-03 04:44:35
140,Pharmacity,0.0,0.0,0.0,,,https://www.pharmacity.vn/search?q=8933552165052,2026-07-03 04:44:35
140,Shopee,0.0,0.0,0.0,Freeship Extra,,https://www.shopee.vn/search?q=8933552165052,2026-07-04 04:44:35
140,Lazada,0.0,0.0,0.0,Voucher tích lũy,Combo mua 2 giảm 5%,https://www.lazada.vn/search?q=8933552165052,2026-07-04 04:44:35
140,TikTok Shop,0.0,0.0,1000,Voucher Livestream 20k,,https://www.tiktokshop.vn/search?q=8933552165052,2026-07-04 04:44:35
140,GrabMart,0.0,0.0,0.0,,,https://www.grabmart.vn/search?q=8933552165052,2026-07-04 04:44:35
140,Pharmacity,0.0,0.0,0.0,,,https://www.pharmacity.vn/search?q=8933552165052,2026-07-04 04:44:35
140,Shopee,0.0,0.0,0.0,,Flash Sale,https://www.shopee.vn/search?q=8933552165052,2026-07-05 04:44:35
140,Lazada,0.0,0.0,0.0,Voucher tích lũy,,https://www.lazada.vn/search?q=8933552165052,2026-07-05 04:44:35
140,TikTok Shop,0.0,0.0,1000,Voucher Livestream 20k,,https://www.tiktokshop.vn/search?q=8933552165052,2026-07-05 04:44:35
140,GrabMart,0.0,0.0,0.0,,,https://www.grabmart.vn/search?q=8933552165052,2026-07-05 04:44:35
140,Pharmacity,0.0,0.0,0.0,,,https://www.pharmacity.vn/search?q=8933552165052,2026-07-05 04:44:35
140,Shopee,0.0,0.0,0.0,,Flash Sale,https://www.shopee.vn/search?q=8933552165052,2026-07-06 04:44:35
140,Lazada,0.0,0.0,0.0,Voucher tích lũy,Combo mua 2 giảm 5%,https://www.lazada.vn/search?q=8933552165052,2026-07-06 04:44:35
140,TikTok Shop,0.0,0.0,0.0,,,https://www.tiktokshop.vn/search?q=8933552165052,2026-07-06 04:44:35
140,GrabMart,0.0,0.0,0.0,,,https://www.grabmart.vn/search?q=8933552165052,2026-07-06 04:44:35
140,Pharmacity,0.0,0.0,0.0,,,https://www.pharmacity.vn/search?q=8933552165052,2026-07-06 04:44:35
141,Shopee,198000.0,10000.0,188000.0,Freeship Extra,,https://www.shopee.vn/search?q=8932867963254,2026-06-30 04:44:35
141,Lazada,217000.0,22000.0,195000.0,Voucher tích lũy,Combo mua 2 giảm 5%,https://www.lazada.vn/search?q=8932867963254,2026-06-30 04:44:35
141,TikTok Shop,215000.0,0.0,215000.0,,,https://www.tiktokshop.vn/search?q=8932867963254,2026-06-30 04:44:35
141,GrabMart,240000.0,0.0,240000.0,,,https://www.grabmart.vn/search?q=8932867963254,2026-06-30 04:44:35
141,Pharmacity,223000.0,0.0,223000.0,,,https://www.pharmacity.vn/search?q=8932867963254,2026-06-30 04:44:35
141,Shopee,216000.0,22000.0,194000.0,,Flash Sale,https://www.shopee.vn/search?q=8932867963254,2026-07-01 04:44:35
141,Lazada,218000.0,11000.0,207000.0,,Combo mua 2 giảm 5%,https://www.lazada.vn/search?q=8932867963254,2026-07-01 04:44:35
141,TikTok Shop,198000.0,30000.0,168000.0,,Flash Sale hàng hiệu,https://www.tiktokshop.vn/search?q=8932867963254,2026-07-01 04:44:35
141,GrabMart,263000.0,0.0,263000.0,,,https://www.grabmart.vn/search?q=8932867963254,2026-07-01 04:44:35
141,Pharmacity,224000.0,0.0,224000.0,,,https://www.pharmacity.vn/search?q=8932867963254,2026-07-01 04:44:35
141,Shopee,204000.0,20000.0,184000.0,,,https://www.shopee.vn/search?q=8932867963254,2026-07-02 04:44:35
141,Lazada,222000.0,22000.0,200000.0,,Combo mua 2 giảm 5%,https://www.lazada.vn/search?q=8932867963254,2026-07-02 04:44:35
141,TikTok Shop,198000.0,0.0,178000.0,Voucher Livestream 20k,Flash Sale hàng hiệu,https://www.tiktokshop.vn/search?q=8932867963254,2026-07-02 04:44:35
141,GrabMart,263000.0,0.0,263000.0,,,https://www.grabmart.vn/search?q=8932867963254,2026-07-02 04:44:35
141,Pharmacity,236000.0,12000.0,224000.0,,,https://www.pharmacity.vn/search?q=8932867963254,2026-07-02 04:44:35
141,Shopee,191000.0,19000.0,162000.0,Mã giảm 10k,Flash Sale,https://www.shopee.vn/search?q=8932867963254,2026-07-03 04:44:35
141,Lazada,221000.0,0.0,221000.0,,,https://www.lazada.vn/search?q=8932867963254,2026-07-03 04:44:35
141,TikTok Shop,195000.0,29000.0,166000.0,,,https://www.tiktokshop.vn/search?q=8932867963254,2026-07-03 04:44:35
141,GrabMart,262000.0,0.0,262000.0,,,https://www.grabmart.vn/search?q=8932867963254,2026-07-03 04:44:35
141,Pharmacity,223000.0,11000.0,212000.0,,,https://www.pharmacity.vn/search?q=8932867963254,2026-07-03 04:44:35
141,Shopee,213000.0,11000.0,202000.0,,,https://www.shopee.vn/search?q=8932867963254,2026-07-04 04:44:35
141,Lazada,212000.0,21000.0,191000.0,Voucher tích lũy,,https://www.lazada.vn/search?q=8932867963254,2026-07-04 04:44:35
141,TikTok Shop,194000.0,0.0,194000.0,,Flash Sale hàng hiệu,https://www.tiktokshop.vn/search?q=8932867963254,2026-07-04 04:44:35
141,GrabMart,235000.0,0.0,235000.0,,,https://www.grabmart.vn/search?q=8932867963254,2026-07-04 04:44:35
141,Pharmacity,226000.0,11000.0,215000.0,,,https://www.pharmacity.vn/search?q=8932867963254,2026-07-04 04:44:35
141,Shopee,202000.0,0.0,192000.0,Mã giảm 10k,Flash Sale,https://www.shopee.vn/search?q=8932867963254,2026-07-05 04:44:35
141,Lazada,203000.0,0.0,203000.0,,Combo mua 2 giảm 5%,https://www.lazada.vn/search?q=8932867963254,2026-07-05 04:44:35
141,TikTok Shop,207000.0,0.0,187000.0,Voucher Livestream 20k,Flash Sale hàng hiệu,https://www.tiktokshop.vn/search?q=8932867963254,2026-07-05 04:44:35
141,GrabMart,254000.0,0.0,254000.0,,,https://www.grabmart.vn/search?q=8932867963254,2026-07-05 04:44:35
141,Pharmacity,236000.0,0.0,236000.0,,,https://www.pharmacity.vn/search?q=8932867963254,2026-07-05 04:44:35
141,Shopee,200000.0,30000.0,160000.0,Mã giảm 10k,Flash Sale,https://www.shopee.vn/search?q=8932867963254,2026-07-06 04:44:35
141,Lazada,199000.0,20000.0,179000.0,Voucher tích lũy,,https://www.lazada.vn/search?q=8932867963254,2026-07-06 04:44:35
141,TikTok Shop,210000.0,32000.0,178000.0,,Flash Sale hàng hiệu,https://www.tiktokshop.vn/search?q=8932867963254,2026-07-06 04:44:35
141,GrabMart,263000.0,0.0,263000.0,,,https://www.grabmart.vn/search?q=8932867963254,2026-07-06 04:44:35
141,Pharmacity,234000.0,0.0,234000.0,,,https://www.pharmacity.vn/search?q=8932867963254,2026-07-06 04:44:35
142,Shopee,120000.0,0.0,110000.0,Mã giảm 10k,Flash Sale,https://www.shopee.vn/search?q=8939819878093,2026-06-30 04:44:35
142,Lazada,110000.0,11000.0,99000.0,Voucher tích lũy,Combo mua 2 giảm 5%,https://www.lazada.vn/search?q=8939819878093,2026-06-30 04:44:35
142,TikTok Shop,104000.0,0.0,84000.0,Voucher Livestream 20k,Flash Sale hàng hiệu,https://www.tiktokshop.vn/search?q=8939819878093,2026-06-30 04:44:35
142,GrabMart,133000.0,0.0,133000.0,,,https://www.grabmart.vn/search?q=8939819878093,2026-06-30 04:44:35
142,Pharmacity,129000.0,6000.0,123000.0,,,https://www.pharmacity.vn/search?q=8939819878093,2026-06-30 04:44:35
142,Shopee,121000.0,18000.0,103000.0,Freeship Extra,Flash Sale,https://www.shopee.vn/search?q=8939819878093,2026-07-01 04:44:35
142,Lazada,113000.0,0.0,113000.0,,Combo mua 2 giảm 5%,https://www.lazada.vn/search?q=8939819878093,2026-07-01 04:44:35
142,TikTok Shop,115000.0,17000.0,78000.0,Voucher Livestream 20k,Flash Sale hàng hiệu,https://www.tiktokshop.vn/search?q=8939819878093,2026-07-01 04:44:35
142,GrabMart,136000.0,0.0,136000.0,,,https://www.grabmart.vn/search?q=8939819878093,2026-07-01 04:44:35
142,Pharmacity,124000.0,6000.0,118000.0,,,https://www.pharmacity.vn/search?q=8939819878093,2026-07-01 04:44:35
142,Shopee,124000.0,12000.0,112000.0,Freeship Extra,Flash Sale,https://www.shopee.vn/search?q=8939819878093,2026-07-02 04:44:35
142,Lazada,111000.0,0.0,111000.0,Voucher tích lũy,,https://www.lazada.vn/search?q=8939819878093,2026-07-02 04:44:35
142,TikTok Shop,120000.0,18000.0,82000.0,Voucher Livestream 20k,Flash Sale hàng hiệu,https://www.tiktokshop.vn/search?q=8939819878093,2026-07-02 04:44:35
142,GrabMart,125000.0,0.0,125000.0,,,https://www.grabmart.vn/search?q=8939819878093,2026-07-02 04:44:35
142,Pharmacity,129000.0,0.0,129000.0,,,https://www.pharmacity.vn/search?q=8939819878093,2026-07-02 04:44:35
142,Shopee,122000.0,0.0,122000.0,,Flash Sale,https://www.shopee.vn/search?q=8939819878093,2026-07-03 04:44:35
142,Lazada,114000.0,0.0,114000.0,,,https://www.lazada.vn/search?q=8939819878093,2026-07-03 04:44:35
142,TikTok Shop,120000.0,0.0,120000.0,,Flash Sale hàng hiệu,https://www.tiktokshop.vn/search?q=8939819878093,2026-07-03 04:44:35
142,GrabMart,142000.0,0.0,142000.0,,,https://www.grabmart.vn/search?q=8939819878093,2026-07-03 04:44:35
142,Pharmacity,122000.0,0.0,122000.0,,,https://www.pharmacity.vn/search?q=8939819878093,2026-07-03 04:44:35
142,Shopee,111000.0,17000.0,94000.0,,,https://www.shopee.vn/search?q=8939819878093,2026-07-04 04:44:35
142,Lazada,118000.0,6000.0,112000.0,,,https://www.lazada.vn/search?q=8939819878093,2026-07-04 04:44:35
142,TikTok Shop,107000.0,11000.0,76000.0,Voucher Livestream 20k,Flash Sale hàng hiệu,https://www.tiktokshop.vn/search?q=8939819878093,2026-07-04 04:44:35
142,GrabMart,137000.0,0.0,137000.0,,,https://www.grabmart.vn/search?q=8939819878093,2026-07-04 04:44:35
142,Pharmacity,130000.0,6000.0,124000.0,,,https://www.pharmacity.vn/search?q=8939819878093,2026-07-04 04:44:35
142,Shopee,107000.0,5000.0,92000.0,Mã giảm 10k,Flash Sale,https://www.shopee.vn/search?q=8939819878093,2026-07-05 04:44:35
142,Lazada,122000.0,6000.0,116000.0,Voucher tích lũy,Combo mua 2 giảm 5%,https://www.lazada.vn/search?q=8939819878093,2026-07-05 04:44:35
142,TikTok Shop,104000.0,0.0,104000.0,,Flash Sale hàng hiệu,https://www.tiktokshop.vn/search?q=8939819878093,2026-07-05 04:44:35
142,GrabMart,142000.0,0.0,142000.0,,,https://www.grabmart.vn/search?q=8939819878093,2026-07-05 04:44:35
142,Pharmacity,130000.0,0.0,130000.0,,,https://www.pharmacity.vn/search?q=8939819878093,2026-07-05 04:44:35
142,Shopee,123000.0,12000.0,111000.0,,,https://www.shopee.vn/search?q=8939819878093,2026-07-06 04:44:35
142,Lazada,116000.0,0.0,116000.0,,,https://www.lazada.vn/search?q=8939819878093,2026-07-06 04:44:35
142,TikTok Shop,105000.0,0.0,105000.0,,,https://www.tiktokshop.vn/search?q=8939819878093,2026-07-06 04:44:35
142,GrabMart,137000.0,0.0,137000.0,,,https://www.grabmart.vn/search?q=8939819878093,2026-07-06 04:44:35
142,Pharmacity,129000.0,0.0,129000.0,,,https://www.pharmacity.vn/search?q=8939819878093,2026-07-06 04:44:35
143,Shopee,118000.0,6000.0,102000.0,Mã giảm 10k,Flash Sale,https://www.shopee.vn/search?q=8936018364723,2026-06-30 04:44:35
143,Lazada,123000.0,0.0,123000.0,Voucher tích lũy,,https://www.lazada.vn/search?q=8936018364723,2026-06-30 04:44:35
143,TikTok Shop,123000.0,12000.0,91000.0,Voucher Livestream 20k,Flash Sale hàng hiệu,https://www.tiktokshop.vn/search?q=8936018364723,2026-06-30 04:44:35
143,GrabMart,138000.0,0.0,138000.0,,,https://www.grabmart.vn/search?q=8936018364723,2026-06-30 04:44:35
143,Pharmacity,135000.0,7000.0,128000.0,,,https://www.pharmacity.vn/search?q=8936018364723,2026-06-30 04:44:35
143,Shopee,122000.0,12000.0,100000.0,Mã giảm 10k,,https://www.shopee.vn/search?q=8936018364723,2026-07-01 04:44:35
143,Lazada,120000.0,12000.0,108000.0,,Combo mua 2 giảm 5%,https://www.lazada.vn/search?q=8936018364723,2026-07-01 04:44:35
143,TikTok Shop,109000.0,0.0,89000.0,Voucher Livestream 20k,Flash Sale hàng hiệu,https://www.tiktokshop.vn/search?q=8936018364723,2026-07-01 04:44:35
143,GrabMart,151000.0,0.0,151000.0,,,https://www.grabmart.vn/search?q=8936018364723,2026-07-01 04:44:35
143,Pharmacity,133000.0,0.0,133000.0,,,https://www.pharmacity.vn/search?q=8936018364723,2026-07-01 04:44:35
143,Shopee,119000.0,6000.0,113000.0,Freeship Extra,Flash Sale,https://www.shopee.vn/search?q=8936018364723,2026-07-02 04:44:35
143,Lazada,130000.0,13000.0,117000.0,Voucher tích lũy,,https://www.lazada.vn/search?q=8936018364723,2026-07-02 04:44:35
143,TikTok Shop,108000.0,16000.0,92000.0,,,https://www.tiktokshop.vn/search?q=8936018364723,2026-07-02 04:44:35
143,GrabMart,141000.0,0.0,141000.0,,,https://www.grabmart.vn/search?q=8936018364723,2026-07-02 04:44:35
143,Pharmacity,134000.0,0.0,134000.0,,,https://www.pharmacity.vn/search?q=8936018364723,2026-07-02 04:44:35
143,Shopee,130000.0,6000.0,124000.0,,Flash Sale,https://www.shopee.vn/search?q=8936018364723,2026-07-03 04:44:35
143,Lazada,117000.0,0.0,117000.0,,Combo mua 2 giảm 5%,https://www.lazada.vn/search?q=8936018364723,2026-07-03 04:44:35
143,TikTok Shop,125000.0,0.0,105000.0,Voucher Livestream 20k,Flash Sale hàng hiệu,https://www.tiktokshop.vn/search?q=8936018364723,2026-07-03 04:44:35
143,GrabMart,146000.0,0.0,146000.0,,,https://www.grabmart.vn/search?q=8936018364723,2026-07-03 04:44:35
143,Pharmacity,133000.0,7000.0,126000.0,,,https://www.pharmacity.vn/search?q=8936018364723,2026-07-03 04:44:35
143,Shopee,115000.0,6000.0,109000.0,,,https://www.shopee.vn/search?q=8936018364723,2026-07-04 04:44:35
143,Lazada,120000.0,6000.0,114000.0,,,https://www.lazada.vn/search?q=8936018364723,2026-07-04 04:44:35
143,TikTok Shop,113000.0,11000.0,82000.0,Voucher Livestream 20k,Flash Sale hàng hiệu,https://www.tiktokshop.vn/search?q=8936018364723,2026-07-04 04:44:35
143,GrabMart,134000.0,0.0,134000.0,,,https://www.grabmart.vn/search?q=8936018364723,2026-07-04 04:44:35
143,Pharmacity,134000.0,7000.0,127000.0,,,https://www.pharmacity.vn/search?q=8936018364723,2026-07-04 04:44:35
143,Shopee,126000.0,19000.0,107000.0,,,https://www.shopee.vn/search?q=8936018364723,2026-07-05 04:44:35
143,Lazada,127000.0,6000.0,121000.0,,,https://www.lazada.vn/search?q=8936018364723,2026-07-05 04:44:35
143,TikTok Shop,119000.0,12000.0,87000.0,Voucher Livestream 20k,Flash Sale hàng hiệu,https://www.tiktokshop.vn/search?q=8936018364723,2026-07-05 04:44:35
143,GrabMart,145000.0,0.0,145000.0,,,https://www.grabmart.vn/search?q=8936018364723,2026-07-05 04:44:35
143,Pharmacity,134000.0,0.0,134000.0,,,https://www.pharmacity.vn/search?q=8936018364723,2026-07-05 04:44:35
143,Shopee,129000.0,19000.0,110000.0,,,https://www.shopee.vn/search?q=8936018364723,2026-07-06 04:44:35
143,Lazada,123000.0,6000.0,117000.0,,,https://www.lazada.vn/search?q=8936018364723,2026-07-06 04:44:35
143,TikTok Shop,108000.0,0.0,88000.0,Voucher Livestream 20k,Flash Sale hàng hiệu,https://www.tiktokshop.vn/search?q=8936018364723,2026-07-06 04:44:35
143,GrabMart,147000.0,0.0,147000.0,,,https://www.grabmart.vn/search?q=8936018364723,2026-07-06 04:44:35
143,Pharmacity,130000.0,6000.0,124000.0,,,https://www.pharmacity.vn/search?q=8936018364723,2026-07-06 04:44:35
144,Shopee,201000.0,0.0,191000.0,Mã giảm 10k,Flash Sale,https://www.shopee.vn/search?q=8933220125609,2026-06-30 04:44:35
144,Lazada,218000.0,22000.0,196000.0,Voucher tích lũy,Combo mua 2 giảm 5%,https://www.lazada.vn/search?q=8933220125609,2026-06-30 04:44:35
144,TikTok Shop,200000.0,0.0,180000.0,Voucher Livestream 20k,Flash Sale hàng hiệu,https://www.tiktokshop.vn/search?q=8933220125609,2026-06-30 04:44:35
144,GrabMart,239000.0,0.0,239000.0,,,https://www.grabmart.vn/search?q=8933220125609,2026-06-30 04:44:35
144,Pharmacity,235000.0,12000.0,223000.0,,,https://www.pharmacity.vn/search?q=8933220125609,2026-06-30 04:44:35
144,Shopee,229000.0,0.0,229000.0,,,https://www.shopee.vn/search?q=8933220125609,2026-07-01 04:44:35
144,Lazada,209000.0,10000.0,199000.0,,Combo mua 2 giảm 5%,https://www.lazada.vn/search?q=8933220125609,2026-07-01 04:44:35
144,TikTok Shop,211000.0,32000.0,159000.0,Voucher Livestream 20k,,https://www.tiktokshop.vn/search?q=8933220125609,2026-07-01 04:44:35
144,GrabMart,249000.0,0.0,249000.0,,,https://www.grabmart.vn/search?q=8933220125609,2026-07-01 04:44:35
144,Pharmacity,230000.0,0.0,230000.0,,,https://www.pharmacity.vn/search?q=8933220125609,2026-07-01 04:44:35
144,Shopee,230000.0,0.0,230000.0,,,https://www.shopee.vn/search?q=8933220125609,2026-07-02 04:44:35
144,Lazada,219000.0,0.0,219000.0,Voucher tích lũy,,https://www.lazada.vn/search?q=8933220125609,2026-07-02 04:44:35
144,TikTok Shop,191000.0,0.0,171000.0,Voucher Livestream 20k,Flash Sale hàng hiệu,https://www.tiktokshop.vn/search?q=8933220125609,2026-07-02 04:44:35
144,GrabMart,256000.0,0.0,256000.0,,,https://www.grabmart.vn/search?q=8933220125609,2026-07-02 04:44:35
144,Pharmacity,237000.0,0.0,237000.0,,,https://www.pharmacity.vn/search?q=8933220125609,2026-07-02 04:44:35
144,Shopee,196000.0,10000.0,186000.0,,Flash Sale,https://www.shopee.vn/search?q=8933220125609,2026-07-03 04:44:35
144,Lazada,229000.0,0.0,229000.0,,Combo mua 2 giảm 5%,https://www.lazada.vn/search?q=8933220125609,2026-07-03 04:44:35
144,TikTok Shop,191000.0,0.0,191000.0,,Flash Sale hàng hiệu,https://www.tiktokshop.vn/search?q=8933220125609,2026-07-03 04:44:35
144,GrabMart,233000.0,0.0,233000.0,,,https://www.grabmart.vn/search?q=8933220125609,2026-07-03 04:44:35
144,Pharmacity,227000.0,0.0,227000.0,,,https://www.pharmacity.vn/search?q=8933220125609,2026-07-03 04:44:35
144,Shopee,199000.0,10000.0,189000.0,,Flash Sale,https://www.shopee.vn/search?q=8933220125609,2026-07-04 04:44:35
144,Lazada,213000.0,21000.0,192000.0,,,https://www.lazada.vn/search?q=8933220125609,2026-07-04 04:44:35
144,TikTok Shop,192000.0,29000.0,163000.0,,,https://www.tiktokshop.vn/search?q=8933220125609,2026-07-04 04:44:35
144,GrabMart,236000.0,0.0,236000.0,,,https://www.grabmart.vn/search?q=8933220125609,2026-07-04 04:44:35
144,Pharmacity,231000.0,0.0,231000.0,,,https://www.pharmacity.vn/search?q=8933220125609,2026-07-04 04:44:35
144,Shopee,228000.0,0.0,228000.0,,,https://www.shopee.vn/search?q=8933220125609,2026-07-05 04:44:35
144,Lazada,214000.0,21000.0,193000.0,Voucher tích lũy,Combo mua 2 giảm 5%,https://www.lazada.vn/search?q=8933220125609,2026-07-05 04:44:35
144,TikTok Shop,222000.0,0.0,222000.0,,,https://www.tiktokshop.vn/search?q=8933220125609,2026-07-05 04:44:35
144,GrabMart,243000.0,0.0,243000.0,,,https://www.grabmart.vn/search?q=8933220125609,2026-07-05 04:44:35
144,Pharmacity,228000.0,11000.0,217000.0,,,https://www.pharmacity.vn/search?q=8933220125609,2026-07-05 04:44:35
144,Shopee,207000.0,0.0,207000.0,Freeship Extra,,https://www.shopee.vn/search?q=8933220125609,2026-07-06 04:44:35
144,Lazada,214000.0,21000.0,193000.0,Voucher tích lũy,,https://www.lazada.vn/search?q=8933220125609,2026-07-06 04:44:35
144,TikTok Shop,193000.0,19000.0,174000.0,,,https://www.tiktokshop.vn/search?q=8933220125609,2026-07-06 04:44:35
144,GrabMart,235000.0,0.0,235000.0,,,https://www.grabmart.vn/search?q=8933220125609,2026-07-06 04:44:35
144,Pharmacity,225000.0,11000.0,214000.0,,,https://www.pharmacity.vn/search?q=8933220125609,2026-07-06 04:44:35
145,Shopee,220000.0,22000.0,198000.0,Freeship Extra,Flash Sale,https://www.shopee.vn/search?q=8935229462099,2026-06-30 04:44:35
145,Lazada,213000.0,0.0,213000.0,,,https://www.lazada.vn/search?q=8935229462099,2026-06-30 04:44:35
145,TikTok Shop,203000.0,30000.0,153000.0,Voucher Livestream 20k,,https://www.tiktokshop.vn/search?q=8935229462099,2026-06-30 04:44:35
145,GrabMart,247000.0,0.0,247000.0,,,https://www.grabmart.vn/search?q=8935229462099,2026-06-30 04:44:35
145,Pharmacity,222000.0,0.0,222000.0,,,https://www.pharmacity.vn/search?q=8935229462099,2026-06-30 04:44:35
145,Shopee,212000.0,11000.0,191000.0,Mã giảm 10k,,https://www.shopee.vn/search?q=8935229462099,2026-07-01 04:44:35
145,Lazada,195000.0,0.0,195000.0,Voucher tích lũy,Combo mua 2 giảm 5%,https://www.lazada.vn/search?q=8935229462099,2026-07-01 04:44:35
145,TikTok Shop,197000.0,30000.0,147000.0,Voucher Livestream 20k,Flash Sale hàng hiệu,https://www.tiktokshop.vn/search?q=8935229462099,2026-07-01 04:44:35
145,GrabMart,231000.0,0.0,231000.0,,,https://www.grabmart.vn/search?q=8935229462099,2026-07-01 04:44:35
145,Pharmacity,227000.0,0.0,227000.0,,,https://www.pharmacity.vn/search?q=8935229462099,2026-07-01 04:44:35
145,Shopee,214000.0,21000.0,193000.0,,,https://www.shopee.vn/search?q=8935229462099,2026-07-02 04:44:35
145,Lazada,192000.0,10000.0,182000.0,,Combo mua 2 giảm 5%,https://www.lazada.vn/search?q=8935229462099,2026-07-02 04:44:35
145,TikTok Shop,182000.0,27000.0,155000.0,,Flash Sale hàng hiệu,https://www.tiktokshop.vn/search?q=8935229462099,2026-07-02 04:44:35
145,GrabMart,228000.0,0.0,228000.0,,,https://www.grabmart.vn/search?q=8935229462099,2026-07-02 04:44:35
145,Pharmacity,221000.0,0.0,221000.0,,,https://www.pharmacity.vn/search?q=8935229462099,2026-07-02 04:44:35
145,Shopee,190000.0,0.0,180000.0,Mã giảm 10k,,https://www.shopee.vn/search?q=8935229462099,2026-07-03 04:44:35
145,Lazada,202000.0,20000.0,182000.0,,Combo mua 2 giảm 5%,https://www.lazada.vn/search?q=8935229462099,2026-07-03 04:44:35
145,TikTok Shop,186000.0,0.0,166000.0,Voucher Livestream 20k,,https://www.tiktokshop.vn/search?q=8935229462099,2026-07-03 04:44:35
145,GrabMart,232000.0,0.0,232000.0,,,https://www.grabmart.vn/search?q=8935229462099,2026-07-03 04:44:35
145,Pharmacity,217000.0,0.0,217000.0,,,https://www.pharmacity.vn/search?q=8935229462099,2026-07-03 04:44:35
145,Shopee,214000.0,0.0,214000.0,,Flash Sale,https://www.shopee.vn/search?q=8935229462099,2026-07-04 04:44:35
145,Lazada,192000.0,0.0,192000.0,,,https://www.lazada.vn/search?q=8935229462099,2026-07-04 04:44:35
145,TikTok Shop,199000.0,20000.0,159000.0,Voucher Livestream 20k,Flash Sale hàng hiệu,https://www.tiktokshop.vn/search?q=8935229462099,2026-07-04 04:44:35
145,GrabMart,233000.0,0.0,233000.0,,,https://www.grabmart.vn/search?q=8935229462099,2026-07-04 04:44:35
145,Pharmacity,227000.0,11000.0,216000.0,,,https://www.pharmacity.vn/search?q=8935229462099,2026-07-04 04:44:35
145,Shopee,206000.0,21000.0,175000.0,Mã giảm 10k,Flash Sale,https://www.shopee.vn/search?q=8935229462099,2026-07-05 04:44:35
145,Lazada,201000.0,10000.0,191000.0,,,https://www.lazada.vn/search?q=8935229462099,2026-07-05 04:44:35
145,TikTok Shop,187000.0,0.0,187000.0,,Flash Sale hàng hiệu,https://www.tiktokshop.vn/search?q=8935229462099,2026-07-05 04:44:35
145,GrabMart,236000.0,0.0,236000.0,,,https://www.grabmart.vn/search?q=8935229462099,2026-07-05 04:44:35
145,Pharmacity,213000.0,0.0,213000.0,,,https://www.pharmacity.vn/search?q=8935229462099,2026-07-05 04:44:35
145,Shopee,204000.0,0.0,204000.0,Freeship Extra,,https://www.shopee.vn/search?q=8935229462099,2026-07-06 04:44:35
145,Lazada,192000.0,0.0,192000.0,Voucher tích lũy,,https://www.lazada.vn/search?q=8935229462099,2026-07-06 04:44:35
145,TikTok Shop,181000.0,18000.0,143000.0,Voucher Livestream 20k,,https://www.tiktokshop.vn/search?q=8935229462099,2026-07-06 04:44:35
145,GrabMart,237000.0,0.0,237000.0,,,https://www.grabmart.vn/search?q=8935229462099,2026-07-06 04:44:35
145,Pharmacity,220000.0,0.0,220000.0,,,https://www.pharmacity.vn/search?q=8935229462099,2026-07-06 04:44:35
146,Shopee,338000.0,0.0,328000.0,Mã giảm 10k,Flash Sale,https://www.shopee.vn/search?q=8935712901500,2026-06-30 04:44:35
146,Lazada,343000.0,0.0,343000.0,Voucher tích lũy,,https://www.lazada.vn/search?q=8935712901500,2026-06-30 04:44:35
146,TikTok Shop,335000.0,0.0,315000.0,Voucher Livestream 20k,Flash Sale hàng hiệu,https://www.tiktokshop.vn/search?q=8935712901500,2026-06-30 04:44:35
146,GrabMart,450000.0,0.0,450000.0,,,https://www.grabmart.vn/search?q=8935712901500,2026-06-30 04:44:35
146,Pharmacity,404000.0,20000.0,384000.0,,,https://www.pharmacity.vn/search?q=8935712901500,2026-06-30 04:44:35
146,Shopee,345000.0,52000.0,293000.0,,,https://www.shopee.vn/search?q=8935712901500,2026-07-01 04:44:35
146,Lazada,371000.0,0.0,371000.0,,Combo mua 2 giảm 5%,https://www.lazada.vn/search?q=8935712901500,2026-07-01 04:44:35
146,TikTok Shop,326000.0,49000.0,257000.0,Voucher Livestream 20k,Flash Sale hàng hiệu,https://www.tiktokshop.vn/search?q=8935712901500,2026-07-01 04:44:35
146,GrabMart,416000.0,0.0,416000.0,,,https://www.grabmart.vn/search?q=8935712901500,2026-07-01 04:44:35
146,Pharmacity,389000.0,19000.0,370000.0,,,https://www.pharmacity.vn/search?q=8935712901500,2026-07-01 04:44:35
146,Shopee,357000.0,18000.0,339000.0,,,https://www.shopee.vn/search?q=8935712901500,2026-07-02 04:44:35
146,Lazada,354000.0,35000.0,319000.0,,Combo mua 2 giảm 5%,https://www.lazada.vn/search?q=8935712901500,2026-07-02 04:44:35
146,TikTok Shop,324000.0,32000.0,272000.0,Voucher Livestream 20k,Flash Sale hàng hiệu,https://www.tiktokshop.vn/search?q=8935712901500,2026-07-02 04:44:35
146,GrabMart,445000.0,0.0,445000.0,,,https://www.grabmart.vn/search?q=8935712901500,2026-07-02 04:44:35
146,Pharmacity,389000.0,0.0,389000.0,,,https://www.pharmacity.vn/search?q=8935712901500,2026-07-02 04:44:35
146,Shopee,331000.0,0.0,331000.0,Freeship Extra,,https://www.shopee.vn/search?q=8935712901500,2026-07-03 04:44:35
146,Lazada,377000.0,38000.0,339000.0,Voucher tích lũy,,https://www.lazada.vn/search?q=8935712901500,2026-07-03 04:44:35
146,TikTok Shop,316000.0,32000.0,264000.0,Voucher Livestream 20k,Flash Sale hàng hiệu,https://www.tiktokshop.vn/search?q=8935712901500,2026-07-03 04:44:35
146,GrabMart,416000.0,0.0,416000.0,,,https://www.grabmart.vn/search?q=8935712901500,2026-07-03 04:44:35
146,Pharmacity,386000.0,19000.0,367000.0,,,https://www.pharmacity.vn/search?q=8935712901500,2026-07-03 04:44:35
146,Shopee,366000.0,0.0,366000.0,,,https://www.shopee.vn/search?q=8935712901500,2026-07-04 04:44:35
146,Lazada,340000.0,34000.0,306000.0,Voucher tích lũy,Combo mua 2 giảm 5%,https://www.lazada.vn/search?q=8935712901500,2026-07-04 04:44:35
146,TikTok Shop,322000.0,32000.0,290000.0,,,https://www.tiktokshop.vn/search?q=8935712901500,2026-07-04 04:44:35
146,GrabMart,436000.0,0.0,436000.0,,,https://www.grabmart.vn/search?q=8935712901500,2026-07-04 04:44:35
146,Pharmacity,385000.0,0.0,385000.0,,,https://www.pharmacity.vn/search?q=8935712901500,2026-07-04 04:44:35
146,Shopee,360000.0,0.0,360000.0,Freeship Extra,Flash Sale,https://www.shopee.vn/search?q=8935712901500,2026-07-05 04:44:35
146,Lazada,365000.0,18000.0,347000.0,,,https://www.lazada.vn/search?q=8935712901500,2026-07-05 04:44:35
146,TikTok Shop,334000.0,0.0,334000.0,,Flash Sale hàng hiệu,https://www.tiktokshop.vn/search?q=8935712901500,2026-07-05 04:44:35
146,GrabMart,427000.0,0.0,427000.0,,,https://www.grabmart.vn/search?q=8935712901500,2026-07-05 04:44:35
146,Pharmacity,391000.0,20000.0,371000.0,,,https://www.pharmacity.vn/search?q=8935712901500,2026-07-05 04:44:35
146,Shopee,367000.0,55000.0,302000.0,Mã giảm 10k,Flash Sale,https://www.shopee.vn/search?q=8935712901500,2026-07-06 04:44:35
146,Lazada,368000.0,37000.0,331000.0,,,https://www.lazada.vn/search?q=8935712901500,2026-07-06 04:44:35
146,TikTok Shop,344000.0,34000.0,310000.0,,Flash Sale hàng hiệu,https://www.tiktokshop.vn/search?q=8935712901500,2026-07-06 04:44:35
146,GrabMart,413000.0,0.0,413000.0,,,https://www.grabmart.vn/search?q=8935712901500,2026-07-06 04:44:35
146,Pharmacity,393000.0,20000.0,373000.0,,,https://www.pharmacity.vn/search?q=8935712901500,2026-07-06 04:44:35
147,Shopee,539000.0,54000.0,475000.0,Mã giảm 10k,,https://www.shopee.vn/search?q=8932374077949,2026-06-30 04:44:35
147,Lazada,496000.0,50000.0,446000.0,Voucher tích lũy,,https://www.lazada.vn/search?q=8932374077949,2026-06-30 04:44:35
147,TikTok Shop,537000.0,54000.0,483000.0,,,https://www.tiktokshop.vn/search?q=8932374077949,2026-06-30 04:44:35
147,GrabMart,618000.0,0.0,618000.0,,,https://www.grabmart.vn/search?q=8932374077949,2026-06-30 04:44:35
147,Pharmacity,573000.0,0.0,573000.0,,,https://www.pharmacity.vn/search?q=8932374077949,2026-06-30 04:44:35
147,Shopee,544000.0,27000.0,517000.0,,,https://www.shopee.vn/search?q=8932374077949,2026-07-01 04:44:35
147,Lazada,513000.0,51000.0,462000.0,Voucher tích lũy,,https://www.lazada.vn/search?q=8932374077949,2026-07-01 04:44:35
147,TikTok Shop,457000.0,46000.0,411000.0,,,https://www.tiktokshop.vn/search?q=8932374077949,2026-07-01 04:44:35
147,GrabMart,614000.0,0.0,614000.0,,,https://www.grabmart.vn/search?q=8932374077949,2026-07-01 04:44:35
147,Pharmacity,563000.0,28000.0,535000.0,,,https://www.pharmacity.vn/search?q=8932374077949,2026-07-01 04:44:35
147,Shopee,473000.0,0.0,473000.0,,Flash Sale,https://www.shopee.vn/search?q=8932374077949,2026-07-02 04:44:35
147,Lazada,528000.0,53000.0,475000.0,Voucher tích lũy,,https://www.lazada.vn/search?q=8932374077949,2026-07-02 04:44:35
147,TikTok Shop,528000.0,0.0,508000.0,Voucher Livestream 20k,,https://www.tiktokshop.vn/search?q=8932374077949,2026-07-02 04:44:35
147,GrabMart,620000.0,0.0,620000.0,,,https://www.grabmart.vn/search?q=8932374077949,2026-07-02 04:44:35
147,Pharmacity,559000.0,28000.0,531000.0,,,https://www.pharmacity.vn/search?q=8932374077949,2026-07-02 04:44:35
147,Shopee,548000.0,0.0,548000.0,,Flash Sale,https://www.shopee.vn/search?q=8932374077949,2026-07-03 04:44:35
147,Lazada,542000.0,27000.0,515000.0,,,https://www.lazada.vn/search?q=8932374077949,2026-07-03 04:44:35
147,TikTok Shop,516000.0,52000.0,444000.0,Voucher Livestream 20k,,https://www.tiktokshop.vn/search?q=8932374077949,2026-07-03 04:44:35
147,GrabMart,606000.0,0.0,606000.0,,,https://www.grabmart.vn/search?q=8932374077949,2026-07-03 04:44:35
147,Pharmacity,555000.0,28000.0,527000.0,,,https://www.pharmacity.vn/search?q=8932374077949,2026-07-03 04:44:35
147,Shopee,504000.0,0.0,504000.0,Freeship Extra,,https://www.shopee.vn/search?q=8932374077949,2026-07-04 04:44:35
147,Lazada,486000.0,0.0,486000.0,Voucher tích lũy,,https://www.lazada.vn/search?q=8932374077949,2026-07-04 04:44:35
147,TikTok Shop,486000.0,49000.0,417000.0,Voucher Livestream 20k,,https://www.tiktokshop.vn/search?q=8932374077949,2026-07-04 04:44:35
147,GrabMart,629000.0,0.0,629000.0,,,https://www.grabmart.vn/search?q=8932374077949,2026-07-04 04:44:35
147,Pharmacity,545000.0,0.0,545000.0,,,https://www.pharmacity.vn/search?q=8932374077949,2026-07-04 04:44:35
147,Shopee,499000.0,0.0,489000.0,Mã giảm 10k,Flash Sale,https://www.shopee.vn/search?q=8932374077949,2026-07-05 04:44:35
147,Lazada,488000.0,49000.0,439000.0,,,https://www.lazada.vn/search?q=8932374077949,2026-07-05 04:44:35
147,TikTok Shop,494000.0,49000.0,425000.0,Voucher Livestream 20k,,https://www.tiktokshop.vn/search?q=8932374077949,2026-07-05 04:44:35
147,GrabMart,608000.0,0.0,608000.0,,,https://www.grabmart.vn/search?q=8932374077949,2026-07-05 04:44:35
147,Pharmacity,554000.0,0.0,554000.0,,,https://www.pharmacity.vn/search?q=8932374077949,2026-07-05 04:44:35
147,Shopee,506000.0,76000.0,430000.0,Freeship Extra,Flash Sale,https://www.shopee.vn/search?q=8932374077949,2026-07-06 04:44:35
147,Lazada,526000.0,0.0,526000.0,Voucher tích lũy,,https://www.lazada.vn/search?q=8932374077949,2026-07-06 04:44:35
147,TikTok Shop,501000.0,0.0,501000.0,,Flash Sale hàng hiệu,https://www.tiktokshop.vn/search?q=8932374077949,2026-07-06 04:44:35
147,GrabMart,635000.0,0.0,635000.0,,,https://www.grabmart.vn/search?q=8932374077949,2026-07-06 04:44:35
147,Pharmacity,541000.0,27000.0,514000.0,,,https://www.pharmacity.vn/search?q=8932374077949,2026-07-06 04:44:35
148,Shopee,575000.0,86000.0,489000.0,Freeship Extra,Flash Sale,https://www.shopee.vn/search?q=8937832748836,2026-06-30 04:44:35
148,Lazada,572000.0,57000.0,515000.0,,Combo mua 2 giảm 5%,https://www.lazada.vn/search?q=8937832748836,2026-06-30 04:44:35
148,TikTok Shop,592000.0,59000.0,513000.0,Voucher Livestream 20k,Flash Sale hàng hiệu,https://www.tiktokshop.vn/search?q=8937832748836,2026-06-30 04:44:35
148,GrabMart,699000.0,0.0,699000.0,,,https://www.grabmart.vn/search?q=8937832748836,2026-06-30 04:44:35
148,Pharmacity,656000.0,33000.0,623000.0,,,https://www.pharmacity.vn/search?q=8937832748836,2026-06-30 04:44:35
148,Shopee,541000.0,81000.0,460000.0,Freeship Extra,Flash Sale,https://www.shopee.vn/search?q=8937832748836,2026-07-01 04:44:35
148,Lazada,570000.0,28000.0,542000.0,,,https://www.lazada.vn/search?q=8937832748836,2026-07-01 04:44:35
148,TikTok Shop,577000.0,0.0,557000.0,Voucher Livestream 20k,,https://www.tiktokshop.vn/search?q=8937832748836,2026-07-01 04:44:35
148,GrabMart,659000.0,0.0,659000.0,,,https://www.grabmart.vn/search?q=8937832748836,2026-07-01 04:44:35
148,Pharmacity,665000.0,0.0,665000.0,,,https://www.pharmacity.vn/search?q=8937832748836,2026-07-01 04:44:35
148,Shopee,624000.0,94000.0,520000.0,Mã giảm 10k,,https://www.shopee.vn/search?q=8937832748836,2026-07-02 04:44:35
148,Lazada,558000.0,56000.0,502000.0,,Combo mua 2 giảm 5%,https://www.lazada.vn/search?q=8937832748836,2026-07-02 04:44:35
148,TikTok Shop,575000.0,86000.0,489000.0,,,https://www.tiktokshop.vn/search?q=8937832748836,2026-07-02 04:44:35
148,GrabMart,734000.0,0.0,734000.0,,,https://www.grabmart.vn/search?q=8937832748836,2026-07-02 04:44:35
148,Pharmacity,629000.0,31000.0,598000.0,,,https://www.pharmacity.vn/search?q=8937832748836,2026-07-02 04:44:35
148,Shopee,580000.0,29000.0,551000.0,Freeship Extra,Flash Sale,https://www.shopee.vn/search?q=8937832748836,2026-07-03 04:44:35
148,Lazada,605000.0,0.0,605000.0,Voucher tích lũy,,https://www.lazada.vn/search?q=8937832748836,2026-07-03 04:44:35
148,TikTok Shop,584000.0,0.0,584000.0,,Flash Sale hàng hiệu,https://www.tiktokshop.vn/search?q=8937832748836,2026-07-03 04:44:35
148,GrabMart,650000.0,0.0,650000.0,,,https://www.grabmart.vn/search?q=8937832748836,2026-07-03 04:44:35
148,Pharmacity,668000.0,0.0,668000.0,,,https://www.pharmacity.vn/search?q=8937832748836,2026-07-03 04:44:35
148,Shopee,600000.0,30000.0,560000.0,Mã giảm 10k,,https://www.shopee.vn/search?q=8937832748836,2026-07-04 04:44:35
148,Lazada,636000.0,0.0,636000.0,Voucher tích lũy,,https://www.lazada.vn/search?q=8937832748836,2026-07-04 04:44:35
148,TikTok Shop,543000.0,54000.0,469000.0,Voucher Livestream 20k,,https://www.tiktokshop.vn/search?q=8937832748836,2026-07-04 04:44:35
148,GrabMart,678000.0,0.0,678000.0,,,https://www.grabmart.vn/search?q=8937832748836,2026-07-04 04:44:35
148,Pharmacity,668000.0,0.0,668000.0,,,https://www.pharmacity.vn/search?q=8937832748836,2026-07-04 04:44:35
148,Shopee,634000.0,63000.0,571000.0,Freeship Extra,,https://www.shopee.vn/search?q=8937832748836,2026-07-05 04:44:35
148,Lazada,589000.0,59000.0,530000.0,,,https://www.lazada.vn/search?q=8937832748836,2026-07-05 04:44:35
148,TikTok Shop,557000.0,56000.0,481000.0,Voucher Livestream 20k,Flash Sale hàng hiệu,https://www.tiktokshop.vn/search?q=8937832748836,2026-07-05 04:44:35
148,GrabMart,658000.0,0.0,658000.0,,,https://www.grabmart.vn/search?q=8937832748836,2026-07-05 04:44:35
148,Pharmacity,629000.0,0.0,629000.0,,,https://www.pharmacity.vn/search?q=8937832748836,2026-07-05 04:44:35
148,Shopee,583000.0,0.0,583000.0,,Flash Sale,https://www.shopee.vn/search?q=8937832748836,2026-07-06 04:44:35
148,Lazada,579000.0,58000.0,521000.0,Voucher tích lũy,Combo mua 2 giảm 5%,https://www.lazada.vn/search?q=8937832748836,2026-07-06 04:44:35
148,TikTok Shop,607000.0,61000.0,526000.0,Voucher Livestream 20k,,https://www.tiktokshop.vn/search?q=8937832748836,2026-07-06 04:44:35
148,GrabMart,723000.0,0.0,723000.0,,,https://www.grabmart.vn/search?q=8937832748836,2026-07-06 04:44:35
148,Pharmacity,629000.0,31000.0,598000.0,,,https://www.pharmacity.vn/search?q=8937832748836,2026-07-06 04:44:35
149,Shopee,396000.0,0.0,396000.0,,Flash Sale,https://www.shopee.vn/search?q=8930678214176,2026-06-30 04:44:35
149,Lazada,406000.0,20000.0,386000.0,Voucher tích lũy,Combo mua 2 giảm 5%,https://www.lazada.vn/search?q=8930678214176,2026-06-30 04:44:35
149,TikTok Shop,385000.0,58000.0,327000.0,,Flash Sale hàng hiệu,https://www.tiktokshop.vn/search?q=8930678214176,2026-06-30 04:44:35
149,GrabMart,478000.0,0.0,478000.0,,,https://www.grabmart.vn/search?q=8930678214176,2026-06-30 04:44:35
149,Pharmacity,433000.0,22000.0,411000.0,,,https://www.pharmacity.vn/search?q=8930678214176,2026-06-30 04:44:35
149,Shopee,425000.0,64000.0,361000.0,Freeship Extra,Flash Sale,https://www.shopee.vn/search?q=8930678214176,2026-07-01 04:44:35
149,Lazada,409000.0,0.0,409000.0,Voucher tích lũy,Combo mua 2 giảm 5%,https://www.lazada.vn/search?q=8930678214176,2026-07-01 04:44:35
149,TikTok Shop,388000.0,39000.0,349000.0,,,https://www.tiktokshop.vn/search?q=8930678214176,2026-07-01 04:44:35
149,GrabMart,438000.0,0.0,438000.0,,,https://www.grabmart.vn/search?q=8930678214176,2026-07-01 04:44:35
149,Pharmacity,421000.0,0.0,421000.0,,,https://www.pharmacity.vn/search?q=8930678214176,2026-07-01 04:44:35
149,Shopee,364000.0,55000.0,299000.0,Mã giảm 10k,,https://www.shopee.vn/search?q=8930678214176,2026-07-02 04:44:35
149,Lazada,410000.0,20000.0,390000.0,,Combo mua 2 giảm 5%,https://www.lazada.vn/search?q=8930678214176,2026-07-02 04:44:35
149,TikTok Shop,355000.0,36000.0,319000.0,,Flash Sale hàng hiệu,https://www.tiktokshop.vn/search?q=8930678214176,2026-07-02 04:44:35
149,GrabMart,477000.0,0.0,477000.0,,,https://www.grabmart.vn/search?q=8930678214176,2026-07-02 04:44:35
149,Pharmacity,419000.0,21000.0,398000.0,,,https://www.pharmacity.vn/search?q=8930678214176,2026-07-02 04:44:35
149,Shopee,375000.0,38000.0,337000.0,,Flash Sale,https://www.shopee.vn/search?q=8930678214176,2026-07-03 04:44:35
149,Lazada,424000.0,42000.0,382000.0,,,https://www.lazada.vn/search?q=8930678214176,2026-07-03 04:44:35
149,TikTok Shop,383000.0,38000.0,325000.0,Voucher Livestream 20k,Flash Sale hàng hiệu,https://www.tiktokshop.vn/search?q=8930678214176,2026-07-03 04:44:35
149,GrabMart,471000.0,0.0,471000.0,,,https://www.grabmart.vn/search?q=8930678214176,2026-07-03 04:44:35
149,Pharmacity,428000.0,0.0,428000.0,,,https://www.pharmacity.vn/search?q=8930678214176,2026-07-03 04:44:35
149,Shopee,364000.0,36000.0,328000.0,,Flash Sale,https://www.shopee.vn/search?q=8930678214176,2026-07-04 04:44:35
149,Lazada,401000.0,40000.0,361000.0,Voucher tích lũy,,https://www.lazada.vn/search?q=8930678214176,2026-07-04 04:44:35
149,TikTok Shop,350000.0,35000.0,295000.0,Voucher Livestream 20k,Flash Sale hàng hiệu,https://www.tiktokshop.vn/search?q=8930678214176,2026-07-04 04:44:35
149,GrabMart,484000.0,0.0,484000.0,,,https://www.grabmart.vn/search?q=8930678214176,2026-07-04 04:44:35
149,Pharmacity,439000.0,22000.0,417000.0,,,https://www.pharmacity.vn/search?q=8930678214176,2026-07-04 04:44:35
149,Shopee,390000.0,58000.0,332000.0,,Flash Sale,https://www.shopee.vn/search?q=8930678214176,2026-07-05 04:44:35
149,Lazada,414000.0,21000.0,393000.0,,,https://www.lazada.vn/search?q=8930678214176,2026-07-05 04:44:35
149,TikTok Shop,404000.0,40000.0,344000.0,Voucher Livestream 20k,Flash Sale hàng hiệu,https://www.tiktokshop.vn/search?q=8930678214176,2026-07-05 04:44:35
149,GrabMart,490000.0,0.0,490000.0,,,https://www.grabmart.vn/search?q=8930678214176,2026-07-05 04:44:35
149,Pharmacity,432000.0,22000.0,410000.0,,,https://www.pharmacity.vn/search?q=8930678214176,2026-07-05 04:44:35
149,Shopee,384000.0,0.0,384000.0,Freeship Extra,Flash Sale,https://www.shopee.vn/search?q=8930678214176,2026-07-06 04:44:35
149,Lazada,414000.0,21000.0,393000.0,Voucher tích lũy,,https://www.lazada.vn/search?q=8930678214176,2026-07-06 04:44:35
149,TikTok Shop,361000.0,54000.0,307000.0,,Flash Sale hàng hiệu,https://www.tiktokshop.vn/search?q=8930678214176,2026-07-06 04:44:35
149,GrabMart,439000.0,0.0,439000.0,,,https://www.grabmart.vn/search?q=8930678214176,2026-07-06 04:44:35
149,Pharmacity,443000.0,22000.0,421000.0,,,https://www.pharmacity.vn/search?q=8930678214176,2026-07-06 04:44:35
150,Shopee,94000.0,0.0,94000.0,,Flash Sale,https://www.shopee.vn/search?q=8932265401655,2026-06-30 04:44:35
150,Lazada,96000.0,0.0,96000.0,,,https://www.lazada.vn/search?q=8932265401655,2026-06-30 04:44:35
150,TikTok Shop,90000.0,0.0,70000.0,Voucher Livestream 20k,Flash Sale hàng hiệu,https://www.tiktokshop.vn/search?q=8932265401655,2026-06-30 04:44:35
150,GrabMart,125000.0,0.0,125000.0,,,https://www.grabmart.vn/search?q=8932265401655,2026-06-30 04:44:35
150,Pharmacity,108000.0,5000.0,103000.0,,,https://www.pharmacity.vn/search?q=8932265401655,2026-06-30 04:44:35
150,Shopee,96000.0,5000.0,81000.0,Mã giảm 10k,,https://www.shopee.vn/search?q=8932265401655,2026-07-01 04:44:35
150,Lazada,99000.0,0.0,99000.0,,,https://www.lazada.vn/search?q=8932265401655,2026-07-01 04:44:35
150,TikTok Shop,92000.0,0.0,92000.0,,Flash Sale hàng hiệu,https://www.tiktokshop.vn/search?q=8932265401655,2026-07-01 04:44:35
150,GrabMart,124000.0,0.0,124000.0,,,https://www.grabmart.vn/search?q=8932265401655,2026-07-01 04:44:35
150,Pharmacity,111000.0,6000.0,105000.0,,,https://www.pharmacity.vn/search?q=8932265401655,2026-07-01 04:44:35
150,Shopee,100000.0,15000.0,85000.0,,,https://www.shopee.vn/search?q=8932265401655,2026-07-02 04:44:35
150,Lazada,104000.0,10000.0,94000.0,,,https://www.lazada.vn/search?q=8932265401655,2026-07-02 04:44:35
150,TikTok Shop,95000.0,14000.0,61000.0,Voucher Livestream 20k,Flash Sale hàng hiệu,https://www.tiktokshop.vn/search?q=8932265401655,2026-07-02 04:44:35
150,GrabMart,120000.0,0.0,120000.0,,,https://www.grabmart.vn/search?q=8932265401655,2026-07-02 04:44:35
150,Pharmacity,112000.0,0.0,112000.0,,,https://www.pharmacity.vn/search?q=8932265401655,2026-07-02 04:44:35
150,Shopee,94000.0,0.0,94000.0,,Flash Sale,https://www.shopee.vn/search?q=8932265401655,2026-07-03 04:44:35
150,Lazada,100000.0,0.0,100000.0,Voucher tích lũy,Combo mua 2 giảm 5%,https://www.lazada.vn/search?q=8932265401655,2026-07-03 04:44:35
150,TikTok Shop,90000.0,14000.0,56000.0,Voucher Livestream 20k,Flash Sale hàng hiệu,https://www.tiktokshop.vn/search?q=8932265401655,2026-07-03 04:44:35
150,GrabMart,123000.0,0.0,123000.0,,,https://www.grabmart.vn/search?q=8932265401655,2026-07-03 04:44:35
150,Pharmacity,110000.0,6000.0,104000.0,,,https://www.pharmacity.vn/search?q=8932265401655,2026-07-03 04:44:35
150,Shopee,92000.0,0.0,92000.0,,,https://www.shopee.vn/search?q=8932265401655,2026-07-04 04:44:35
150,Lazada,96000.0,5000.0,91000.0,,Combo mua 2 giảm 5%,https://www.lazada.vn/search?q=8932265401655,2026-07-04 04:44:35
150,TikTok Shop,93000.0,9000.0,64000.0,Voucher Livestream 20k,Flash Sale hàng hiệu,https://www.tiktokshop.vn/search?q=8932265401655,2026-07-04 04:44:35
150,GrabMart,123000.0,0.0,123000.0,,,https://www.grabmart.vn/search?q=8932265401655,2026-07-04 04:44:35
150,Pharmacity,109000.0,5000.0,104000.0,,,https://www.pharmacity.vn/search?q=8932265401655,2026-07-04 04:44:35
150,Shopee,100000.0,5000.0,85000.0,Mã giảm 10k,Flash Sale,https://www.shopee.vn/search?q=8932265401655,2026-07-05 04:44:35
150,Lazada,106000.0,0.0,106000.0,Voucher tích lũy,,https://www.lazada.vn/search?q=8932265401655,2026-07-05 04:44:35
150,TikTok Shop,89000.0,13000.0,76000.0,,Flash Sale hàng hiệu,https://www.tiktokshop.vn/search?q=8932265401655,2026-07-05 04:44:35
150,GrabMart,123000.0,0.0,123000.0,,,https://www.grabmart.vn/search?q=8932265401655,2026-07-05 04:44:35
150,Pharmacity,107000.0,5000.0,102000.0,,,https://www.pharmacity.vn/search?q=8932265401655,2026-07-05 04:44:35
150,Shopee,91000.0,14000.0,67000.0,Mã giảm 10k,Flash Sale,https://www.shopee.vn/search?q=8932265401655,2026-07-06 04:44:35
150,Lazada,102000.0,5000.0,97000.0,Voucher tích lũy,Combo mua 2 giảm 5%,https://www.lazada.vn/search?q=8932265401655,2026-07-06 04:44:35
150,TikTok Shop,100000.0,0.0,100000.0,,,https://www.tiktokshop.vn/search?q=8932265401655,2026-07-06 04:44:35
150,GrabMart,110000.0,0.0,110000.0,,,https://www.grabmart.vn/search?q=8932265401655,2026-07-06 04:44:35
150,Pharmacity,106000.0,5000.0,101000.0,,,https://www.pharmacity.vn/search?q=8932265401655,2026-07-06 04:44:35
151,Shopee,123000.0,0.0,123000.0,,Flash Sale,https://www.shopee.vn/search?q=8937917763341,2026-06-30 04:44:35
151,Lazada,127000.0,0.0,127000.0,Voucher tích lũy,Combo mua 2 giảm 5%,https://www.lazada.vn/search?q=8937917763341,2026-06-30 04:44:35
151,TikTok Shop,123000.0,18000.0,105000.0,,,https://www.tiktokshop.vn/search?q=8937917763341,2026-06-30 04:44:35
151,GrabMart,147000.0,0.0,147000.0,,,https://www.grabmart.vn/search?q=8937917763341,2026-06-30 04:44:35
151,Pharmacity,133000.0,0.0,133000.0,,,https://www.pharmacity.vn/search?q=8937917763341,2026-06-30 04:44:35
151,Shopee,130000.0,13000.0,107000.0,Mã giảm 10k,,https://www.shopee.vn/search?q=8937917763341,2026-07-01 04:44:35
151,Lazada,117000.0,12000.0,105000.0,,Combo mua 2 giảm 5%,https://www.lazada.vn/search?q=8937917763341,2026-07-01 04:44:35
151,TikTok Shop,124000.0,19000.0,105000.0,,Flash Sale hàng hiệu,https://www.tiktokshop.vn/search?q=8937917763341,2026-07-01 04:44:35
151,GrabMart,147000.0,0.0,147000.0,,,https://www.grabmart.vn/search?q=8937917763341,2026-07-01 04:44:35
151,Pharmacity,132000.0,0.0,132000.0,,,https://www.pharmacity.vn/search?q=8937917763341,2026-07-01 04:44:35
151,Shopee,131000.0,0.0,131000.0,,,https://www.shopee.vn/search?q=8937917763341,2026-07-02 04:44:35
151,Lazada,124000.0,12000.0,112000.0,Voucher tích lũy,Combo mua 2 giảm 5%,https://www.lazada.vn/search?q=8937917763341,2026-07-02 04:44:35
151,TikTok Shop,118000.0,12000.0,106000.0,,Flash Sale hàng hiệu,https://www.tiktokshop.vn/search?q=8937917763341,2026-07-02 04:44:35
151,GrabMart,141000.0,0.0,141000.0,,,https://www.grabmart.vn/search?q=8937917763341,2026-07-02 04:44:35
151,Pharmacity,131000.0,7000.0,124000.0,,,https://www.pharmacity.vn/search?q=8937917763341,2026-07-02 04:44:35
151,Shopee,118000.0,12000.0,96000.0,Mã giảm 10k,Flash Sale,https://www.shopee.vn/search?q=8937917763341,2026-07-03 04:44:35
151,Lazada,123000.0,12000.0,111000.0,,Combo mua 2 giảm 5%,https://www.lazada.vn/search?q=8937917763341,2026-07-03 04:44:35
151,TikTok Shop,123000.0,12000.0,111000.0,,Flash Sale hàng hiệu,https://www.tiktokshop.vn/search?q=8937917763341,2026-07-03 04:44:35
151,GrabMart,149000.0,0.0,149000.0,,,https://www.grabmart.vn/search?q=8937917763341,2026-07-03 04:44:35
151,Pharmacity,135000.0,0.0,135000.0,,,https://www.pharmacity.vn/search?q=8937917763341,2026-07-03 04:44:35
151,Shopee,126000.0,13000.0,113000.0,,,https://www.shopee.vn/search?q=8937917763341,2026-07-04 04:44:35
151,Lazada,118000.0,6000.0,112000.0,Voucher tích lũy,Combo mua 2 giảm 5%,https://www.lazada.vn/search?q=8937917763341,2026-07-04 04:44:35
151,TikTok Shop,125000.0,19000.0,86000.0,Voucher Livestream 20k,,https://www.tiktokshop.vn/search?q=8937917763341,2026-07-04 04:44:35
151,GrabMart,153000.0,0.0,153000.0,,,https://www.grabmart.vn/search?q=8937917763341,2026-07-04 04:44:35
151,Pharmacity,137000.0,0.0,137000.0,,,https://www.pharmacity.vn/search?q=8937917763341,2026-07-04 04:44:35
151,Shopee,119000.0,12000.0,97000.0,Mã giảm 10k,,https://www.shopee.vn/search?q=8937917763341,2026-07-05 04:44:35
151,Lazada,130000.0,0.0,130000.0,Voucher tích lũy,Combo mua 2 giảm 5%,https://www.lazada.vn/search?q=8937917763341,2026-07-05 04:44:35
151,TikTok Shop,123000.0,12000.0,91000.0,Voucher Livestream 20k,,https://www.tiktokshop.vn/search?q=8937917763341,2026-07-05 04:44:35
151,GrabMart,134000.0,0.0,134000.0,,,https://www.grabmart.vn/search?q=8937917763341,2026-07-05 04:44:35
151,Pharmacity,130000.0,6000.0,124000.0,,,https://www.pharmacity.vn/search?q=8937917763341,2026-07-05 04:44:35
151,Shopee,127000.0,6000.0,111000.0,Mã giảm 10k,,https://www.shopee.vn/search?q=8937917763341,2026-07-06 04:44:35
151,Lazada,131000.0,13000.0,118000.0,,Combo mua 2 giảm 5%,https://www.lazada.vn/search?q=8937917763341,2026-07-06 04:44:35
151,TikTok Shop,112000.0,0.0,112000.0,,,https://www.tiktokshop.vn/search?q=8937917763341,2026-07-06 04:44:35
151,GrabMart,137000.0,0.0,137000.0,,,https://www.grabmart.vn/search?q=8937917763341,2026-07-06 04:44:35
151,Pharmacity,131000.0,7000.0,124000.0,,,https://www.pharmacity.vn/search?q=8937917763341,2026-07-06 04:44:35
152,Shopee,0.0,0.0,0.0,,,https://www.shopee.vn/search?q=8933288098327,2026-06-30 04:44:35
152,Lazada,0.0,0.0,0.0,,,https://www.lazada.vn/search?q=8933288098327,2026-06-30 04:44:35
152,TikTok Shop,0.0,0.0,1000,Voucher Livestream 20k,Flash Sale hàng hiệu,https://www.tiktokshop.vn/search?q=8933288098327,2026-06-30 04:44:35
152,GrabMart,0.0,0.0,0.0,,,https://www.grabmart.vn/search?q=8933288098327,2026-06-30 04:44:35
152,Pharmacity,0.0,0.0,0.0,,,https://www.pharmacity.vn/search?q=8933288098327,2026-06-30 04:44:35
152,Shopee,0.0,0.0,0.0,Freeship Extra,Flash Sale,https://www.shopee.vn/search?q=8933288098327,2026-07-01 04:44:35
152,Lazada,0.0,0.0,0.0,,Combo mua 2 giảm 5%,https://www.lazada.vn/search?q=8933288098327,2026-07-01 04:44:35
152,TikTok Shop,0.0,0.0,0.0,,Flash Sale hàng hiệu,https://www.tiktokshop.vn/search?q=8933288098327,2026-07-01 04:44:35
152,GrabMart,0.0,0.0,0.0,,,https://www.grabmart.vn/search?q=8933288098327,2026-07-01 04:44:35
152,Pharmacity,0.0,0.0,0.0,,,https://www.pharmacity.vn/search?q=8933288098327,2026-07-01 04:44:35
152,Shopee,0.0,0.0,0.0,Freeship Extra,,https://www.shopee.vn/search?q=8933288098327,2026-07-02 04:44:35
152,Lazada,0.0,0.0,0.0,Voucher tích lũy,Combo mua 2 giảm 5%,https://www.lazada.vn/search?q=8933288098327,2026-07-02 04:44:35
152,TikTok Shop,0.0,0.0,0.0,,,https://www.tiktokshop.vn/search?q=8933288098327,2026-07-02 04:44:35
152,GrabMart,0.0,0.0,0.0,,,https://www.grabmart.vn/search?q=8933288098327,2026-07-02 04:44:35
152,Pharmacity,0.0,0.0,0.0,,,https://www.pharmacity.vn/search?q=8933288098327,2026-07-02 04:44:35
152,Shopee,0.0,0.0,0.0,,,https://www.shopee.vn/search?q=8933288098327,2026-07-03 04:44:35
152,Lazada,0.0,0.0,0.0,Voucher tích lũy,Combo mua 2 giảm 5%,https://www.lazada.vn/search?q=8933288098327,2026-07-03 04:44:35
152,TikTok Shop,0.0,0.0,1000,Voucher Livestream 20k,Flash Sale hàng hiệu,https://www.tiktokshop.vn/search?q=8933288098327,2026-07-03 04:44:35
152,GrabMart,0.0,0.0,0.0,,,https://www.grabmart.vn/search?q=8933288098327,2026-07-03 04:44:35
152,Pharmacity,0.0,0.0,0.0,,,https://www.pharmacity.vn/search?q=8933288098327,2026-07-03 04:44:35
152,Shopee,0.0,0.0,1000,Mã giảm 10k,,https://www.shopee.vn/search?q=8933288098327,2026-07-04 04:44:35
152,Lazada,0.0,0.0,0.0,Voucher tích lũy,Combo mua 2 giảm 5%,https://www.lazada.vn/search?q=8933288098327,2026-07-04 04:44:35
152,TikTok Shop,0.0,0.0,1000,Voucher Livestream 20k,Flash Sale hàng hiệu,https://www.tiktokshop.vn/search?q=8933288098327,2026-07-04 04:44:35
152,GrabMart,0.0,0.0,0.0,,,https://www.grabmart.vn/search?q=8933288098327,2026-07-04 04:44:35
152,Pharmacity,0.0,0.0,0.0,,,https://www.pharmacity.vn/search?q=8933288098327,2026-07-04 04:44:35
152,Shopee,0.0,0.0,0.0,,,https://www.shopee.vn/search?q=8933288098327,2026-07-05 04:44:35
152,Lazada,0.0,0.0,0.0,Voucher tích lũy,,https://www.lazada.vn/search?q=8933288098327,2026-07-05 04:44:35
152,TikTok Shop,0.0,0.0,1000,Voucher Livestream 20k,,https://www.tiktokshop.vn/search?q=8933288098327,2026-07-05 04:44:35
152,GrabMart,0.0,0.0,0.0,,,https://www.grabmart.vn/search?q=8933288098327,2026-07-05 04:44:35
152,Pharmacity,0.0,0.0,0.0,,,https://www.pharmacity.vn/search?q=8933288098327,2026-07-05 04:44:35
152,Shopee,0.0,0.0,0.0,,,https://www.shopee.vn/search?q=8933288098327,2026-07-06 04:44:35
152,Lazada,0.0,0.0,0.0,,Combo mua 2 giảm 5%,https://www.lazada.vn/search?q=8933288098327,2026-07-06 04:44:35
152,TikTok Shop,0.0,0.0,1000,Voucher Livestream 20k,,https://www.tiktokshop.vn/search?q=8933288098327,2026-07-06 04:44:35
152,GrabMart,0.0,0.0,0.0,,,https://www.grabmart.vn/search?q=8933288098327,2026-07-06 04:44:35
152,Pharmacity,0.0,0.0,0.0,,,https://www.pharmacity.vn/search?q=8933288098327,2026-07-06 04:44:35
153,Shopee,111000.0,17000.0,94000.0,Freeship Extra,,https://www.shopee.vn/search?q=8930838688892,2026-06-30 04:44:35
153,Lazada,109000.0,5000.0,104000.0,Voucher tích lũy,,https://www.lazada.vn/search?q=8930838688892,2026-06-30 04:44:35
153,TikTok Shop,104000.0,0.0,84000.0,Voucher Livestream 20k,Flash Sale hàng hiệu,https://www.tiktokshop.vn/search?q=8930838688892,2026-06-30 04:44:35
153,GrabMart,120000.0,0.0,120000.0,,,https://www.grabmart.vn/search?q=8930838688892,2026-06-30 04:44:35
153,Pharmacity,121000.0,0.0,121000.0,,,https://www.pharmacity.vn/search?q=8930838688892,2026-06-30 04:44:35
153,Shopee,101000.0,0.0,101000.0,,Flash Sale,https://www.shopee.vn/search?q=8930838688892,2026-07-01 04:44:35
153,Lazada,117000.0,6000.0,111000.0,Voucher tích lũy,,https://www.lazada.vn/search?q=8930838688892,2026-07-01 04:44:35
153,TikTok Shop,104000.0,10000.0,94000.0,,,https://www.tiktokshop.vn/search?q=8930838688892,2026-07-01 04:44:35
153,GrabMart,135000.0,0.0,135000.0,,,https://www.grabmart.vn/search?q=8930838688892,2026-07-01 04:44:35
153,Pharmacity,124000.0,6000.0,118000.0,,,https://www.pharmacity.vn/search?q=8930838688892,2026-07-01 04:44:35
153,Shopee,119000.0,0.0,109000.0,Mã giảm 10k,Flash Sale,https://www.shopee.vn/search?q=8930838688892,2026-07-02 04:44:35
153,Lazada,109000.0,5000.0,104000.0,,Combo mua 2 giảm 5%,https://www.lazada.vn/search?q=8930838688892,2026-07-02 04:44:35
153,TikTok Shop,106000.0,11000.0,95000.0,,,https://www.tiktokshop.vn/search?q=8930838688892,2026-07-02 04:44:35
153,GrabMart,129000.0,0.0,129000.0,,,https://www.grabmart.vn/search?q=8930838688892,2026-07-02 04:44:35
153,Pharmacity,119000.0,0.0,119000.0,,,https://www.pharmacity.vn/search?q=8930838688892,2026-07-02 04:44:35
153,Shopee,116000.0,0.0,116000.0,Freeship Extra,,https://www.shopee.vn/search?q=8930838688892,2026-07-03 04:44:35
153,Lazada,108000.0,11000.0,97000.0,Voucher tích lũy,,https://www.lazada.vn/search?q=8930838688892,2026-07-03 04:44:35
153,TikTok Shop,105000.0,0.0,105000.0,,,https://www.tiktokshop.vn/search?q=8930838688892,2026-07-03 04:44:35
153,GrabMart,131000.0,0.0,131000.0,,,https://www.grabmart.vn/search?q=8930838688892,2026-07-03 04:44:35
153,Pharmacity,120000.0,0.0,120000.0,,,https://www.pharmacity.vn/search?q=8930838688892,2026-07-03 04:44:35
153,Shopee,109000.0,11000.0,98000.0,Freeship Extra,Flash Sale,https://www.shopee.vn/search?q=8930838688892,2026-07-04 04:44:35
153,Lazada,108000.0,0.0,108000.0,,Combo mua 2 giảm 5%,https://www.lazada.vn/search?q=8930838688892,2026-07-04 04:44:35
153,TikTok Shop,110000.0,11000.0,79000.0,Voucher Livestream 20k,,https://www.tiktokshop.vn/search?q=8930838688892,2026-07-04 04:44:35
153,GrabMart,126000.0,0.0,126000.0,,,https://www.grabmart.vn/search?q=8930838688892,2026-07-04 04:44:35
153,Pharmacity,123000.0,0.0,123000.0,,,https://www.pharmacity.vn/search?q=8930838688892,2026-07-04 04:44:35
153,Shopee,100000.0,5000.0,95000.0,,Flash Sale,https://www.shopee.vn/search?q=8930838688892,2026-07-05 04:44:35
153,Lazada,111000.0,0.0,111000.0,,,https://www.lazada.vn/search?q=8930838688892,2026-07-05 04:44:35
153,TikTok Shop,98000.0,10000.0,88000.0,,Flash Sale hàng hiệu,https://www.tiktokshop.vn/search?q=8930838688892,2026-07-05 04:44:35
153,GrabMart,128000.0,0.0,128000.0,,,https://www.grabmart.vn/search?q=8930838688892,2026-07-05 04:44:35
153,Pharmacity,124000.0,6000.0,118000.0,,,https://www.pharmacity.vn/search?q=8930838688892,2026-07-05 04:44:35
153,Shopee,104000.0,5000.0,89000.0,Mã giảm 10k,Flash Sale,https://www.shopee.vn/search?q=8930838688892,2026-07-06 04:44:35
153,Lazada,118000.0,12000.0,106000.0,,Combo mua 2 giảm 5%,https://www.lazada.vn/search?q=8930838688892,2026-07-06 04:44:35
153,TikTok Shop,114000.0,11000.0,103000.0,,,https://www.tiktokshop.vn/search?q=8930838688892,2026-07-06 04:44:35
153,GrabMart,122000.0,0.0,122000.0,,,https://www.grabmart.vn/search?q=8930838688892,2026-07-06 04:44:35
153,Pharmacity,121000.0,0.0,121000.0,,,https://www.pharmacity.vn/search?q=8930838688892,2026-07-06 04:44:35
154,Shopee,312000.0,31000.0,281000.0,Freeship Extra,,https://www.shopee.vn/search?q=8933126168502,2026-06-30 04:44:35
154,Lazada,324000.0,32000.0,292000.0,Voucher tích lũy,,https://www.lazada.vn/search?q=8933126168502,2026-06-30 04:44:35
154,TikTok Shop,334000.0,33000.0,301000.0,,,https://www.tiktokshop.vn/search?q=8933126168502,2026-06-30 04:44:35
154,GrabMart,387000.0,0.0,387000.0,,,https://www.grabmart.vn/search?q=8933126168502,2026-06-30 04:44:35
154,Pharmacity,368000.0,0.0,368000.0,,,https://www.pharmacity.vn/search?q=8933126168502,2026-06-30 04:44:35
154,Shopee,353000.0,18000.0,325000.0,Mã giảm 10k,,https://www.shopee.vn/search?q=8933126168502,2026-07-01 04:44:35
154,Lazada,357000.0,0.0,357000.0,,,https://www.lazada.vn/search?q=8933126168502,2026-07-01 04:44:35
154,TikTok Shop,300000.0,0.0,280000.0,Voucher Livestream 20k,Flash Sale hàng hiệu,https://www.tiktokshop.vn/search?q=8933126168502,2026-07-01 04:44:35
154,GrabMart,409000.0,0.0,409000.0,,,https://www.grabmart.vn/search?q=8933126168502,2026-07-01 04:44:35
154,Pharmacity,357000.0,18000.0,339000.0,,,https://www.pharmacity.vn/search?q=8933126168502,2026-07-01 04:44:35
154,Shopee,324000.0,0.0,324000.0,Freeship Extra,Flash Sale,https://www.shopee.vn/search?q=8933126168502,2026-07-02 04:44:35
154,Lazada,345000.0,17000.0,328000.0,Voucher tích lũy,,https://www.lazada.vn/search?q=8933126168502,2026-07-02 04:44:35
154,TikTok Shop,346000.0,0.0,326000.0,Voucher Livestream 20k,Flash Sale hàng hiệu,https://www.tiktokshop.vn/search?q=8933126168502,2026-07-02 04:44:35
154,GrabMart,404000.0,0.0,404000.0,,,https://www.grabmart.vn/search?q=8933126168502,2026-07-02 04:44:35
154,Pharmacity,372000.0,19000.0,353000.0,,,https://www.pharmacity.vn/search?q=8933126168502,2026-07-02 04:44:35
154,Shopee,329000.0,33000.0,286000.0,Mã giảm 10k,Flash Sale,https://www.shopee.vn/search?q=8933126168502,2026-07-03 04:44:35
154,Lazada,354000.0,18000.0,336000.0,,,https://www.lazada.vn/search?q=8933126168502,2026-07-03 04:44:35
154,TikTok Shop,356000.0,0.0,336000.0,Voucher Livestream 20k,,https://www.tiktokshop.vn/search?q=8933126168502,2026-07-03 04:44:35
154,GrabMart,381000.0,0.0,381000.0,,,https://www.grabmart.vn/search?q=8933126168502,2026-07-03 04:44:35
154,Pharmacity,377000.0,0.0,377000.0,,,https://www.pharmacity.vn/search?q=8933126168502,2026-07-03 04:44:35
154,Shopee,311000.0,31000.0,280000.0,,,https://www.shopee.vn/search?q=8933126168502,2026-07-04 04:44:35
154,Lazada,336000.0,34000.0,302000.0,Voucher tích lũy,,https://www.lazada.vn/search?q=8933126168502,2026-07-04 04:44:35
154,TikTok Shop,338000.0,0.0,318000.0,Voucher Livestream 20k,Flash Sale hàng hiệu,https://www.tiktokshop.vn/search?q=8933126168502,2026-07-04 04:44:35
154,GrabMart,381000.0,0.0,381000.0,,,https://www.grabmart.vn/search?q=8933126168502,2026-07-04 04:44:35
154,Pharmacity,380000.0,19000.0,361000.0,,,https://www.pharmacity.vn/search?q=8933126168502,2026-07-04 04:44:35
154,Shopee,335000.0,17000.0,308000.0,Mã giảm 10k,,https://www.shopee.vn/search?q=8933126168502,2026-07-05 04:44:35
154,Lazada,339000.0,0.0,339000.0,Voucher tích lũy,Combo mua 2 giảm 5%,https://www.lazada.vn/search?q=8933126168502,2026-07-05 04:44:35
154,TikTok Shop,356000.0,36000.0,320000.0,,Flash Sale hàng hiệu,https://www.tiktokshop.vn/search?q=8933126168502,2026-07-05 04:44:35
154,GrabMart,395000.0,0.0,395000.0,,,https://www.grabmart.vn/search?q=8933126168502,2026-07-05 04:44:35
154,Pharmacity,372000.0,0.0,372000.0,,,https://www.pharmacity.vn/search?q=8933126168502,2026-07-05 04:44:35
154,Shopee,368000.0,37000.0,321000.0,Mã giảm 10k,,https://www.shopee.vn/search?q=8933126168502,2026-07-06 04:44:35
154,Lazada,344000.0,0.0,344000.0,Voucher tích lũy,,https://www.lazada.vn/search?q=8933126168502,2026-07-06 04:44:35
154,TikTok Shop,320000.0,48000.0,252000.0,Voucher Livestream 20k,Flash Sale hàng hiệu,https://www.tiktokshop.vn/search?q=8933126168502,2026-07-06 04:44:35
154,GrabMart,423000.0,0.0,423000.0,,,https://www.grabmart.vn/search?q=8933126168502,2026-07-06 04:44:35
154,Pharmacity,371000.0,19000.0,352000.0,,,https://www.pharmacity.vn/search?q=8933126168502,2026-07-06 04:44:35
155,Shopee,67000.0,3000.0,64000.0,Freeship Extra,,https://www.shopee.vn/search?q=8934065795514,2026-06-30 04:44:35
155,Lazada,73000.0,7000.0,66000.0,Voucher tích lũy,Combo mua 2 giảm 5%,https://www.lazada.vn/search?q=8934065795514,2026-06-30 04:44:35
155,TikTok Shop,64000.0,6000.0,38000.0,Voucher Livestream 20k,,https://www.tiktokshop.vn/search?q=8934065795514,2026-06-30 04:44:35
155,GrabMart,86000.0,0.0,86000.0,,,https://www.grabmart.vn/search?q=8934065795514,2026-06-30 04:44:35
155,Pharmacity,78000.0,0.0,78000.0,,,https://www.pharmacity.vn/search?q=8934065795514,2026-06-30 04:44:35
155,Shopee,66000.0,0.0,66000.0,,Flash Sale,https://www.shopee.vn/search?q=8934065795514,2026-07-01 04:44:35
155,Lazada,74000.0,4000.0,70000.0,,,https://www.lazada.vn/search?q=8934065795514,2026-07-01 04:44:35
155,TikTok Shop,64000.0,6000.0,38000.0,Voucher Livestream 20k,Flash Sale hàng hiệu,https://www.tiktokshop.vn/search?q=8934065795514,2026-07-01 04:44:35
155,GrabMart,78000.0,0.0,78000.0,,,https://www.grabmart.vn/search?q=8934065795514,2026-07-01 04:44:35
155,Pharmacity,79000.0,0.0,79000.0,,,https://www.pharmacity.vn/search?q=8934065795514,2026-07-01 04:44:35
155,Shopee,73000.0,11000.0,62000.0,Freeship Extra,Flash Sale,https://www.shopee.vn/search?q=8934065795514,2026-07-02 04:44:35
155,Lazada,76000.0,4000.0,72000.0,Voucher tích lũy,,https://www.lazada.vn/search?q=8934065795514,2026-07-02 04:44:35
155,TikTok Shop,71000.0,0.0,71000.0,,,https://www.tiktokshop.vn/search?q=8934065795514,2026-07-02 04:44:35
155,GrabMart,79000.0,0.0,79000.0,,,https://www.grabmart.vn/search?q=8934065795514,2026-07-02 04:44:35
155,Pharmacity,80000.0,4000.0,76000.0,,,https://www.pharmacity.vn/search?q=8934065795514,2026-07-02 04:44:35
155,Shopee,76000.0,0.0,76000.0,,,https://www.shopee.vn/search?q=8934065795514,2026-07-03 04:44:35
155,Lazada,75000.0,8000.0,67000.0,,,https://www.lazada.vn/search?q=8934065795514,2026-07-03 04:44:35
155,TikTok Shop,66000.0,7000.0,59000.0,,,https://www.tiktokshop.vn/search?q=8934065795514,2026-07-03 04:44:35
155,GrabMart,89000.0,0.0,89000.0,,,https://www.grabmart.vn/search?q=8934065795514,2026-07-03 04:44:35
155,Pharmacity,77000.0,4000.0,73000.0,,,https://www.pharmacity.vn/search?q=8934065795514,2026-07-03 04:44:35
155,Shopee,70000.0,7000.0,63000.0,,Flash Sale,https://www.shopee.vn/search?q=8934065795514,2026-07-04 04:44:35
155,Lazada,70000.0,4000.0,66000.0,,Combo mua 2 giảm 5%,https://www.lazada.vn/search?q=8934065795514,2026-07-04 04:44:35
155,TikTok Shop,71000.0,0.0,51000.0,Voucher Livestream 20k,,https://www.tiktokshop.vn/search?q=8934065795514,2026-07-04 04:44:35
155,GrabMart,89000.0,0.0,89000.0,,,https://www.grabmart.vn/search?q=8934065795514,2026-07-04 04:44:35
155,Pharmacity,79000.0,4000.0,75000.0,,,https://www.pharmacity.vn/search?q=8934065795514,2026-07-04 04:44:35
155,Shopee,73000.0,4000.0,69000.0,Freeship Extra,,https://www.shopee.vn/search?q=8934065795514,2026-07-05 04:44:35
155,Lazada,68000.0,3000.0,65000.0,Voucher tích lũy,,https://www.lazada.vn/search?q=8934065795514,2026-07-05 04:44:35
155,TikTok Shop,75000.0,11000.0,64000.0,,,https://www.tiktokshop.vn/search?q=8934065795514,2026-07-05 04:44:35
155,GrabMart,86000.0,0.0,86000.0,,,https://www.grabmart.vn/search?q=8934065795514,2026-07-05 04:44:35
155,Pharmacity,78000.0,0.0,78000.0,,,https://www.pharmacity.vn/search?q=8934065795514,2026-07-05 04:44:35
155,Shopee,68000.0,3000.0,65000.0,,,https://www.shopee.vn/search?q=8934065795514,2026-07-06 04:44:35
155,Lazada,71000.0,7000.0,64000.0,Voucher tích lũy,,https://www.lazada.vn/search?q=8934065795514,2026-07-06 04:44:35
155,TikTok Shop,63000.0,6000.0,57000.0,,,https://www.tiktokshop.vn/search?q=8934065795514,2026-07-06 04:44:35
155,GrabMart,90000.0,0.0,90000.0,,,https://www.grabmart.vn/search?q=8934065795514,2026-07-06 04:44:35
155,Pharmacity,77000.0,0.0,77000.0,,,https://www.pharmacity.vn/search?q=8934065795514,2026-07-06 04:44:35
156,Shopee,181000.0,0.0,181000.0,Freeship Extra,,https://www.shopee.vn/search?q=8939520561000,2026-06-30 04:44:35
156,Lazada,179000.0,9000.0,170000.0,,,https://www.lazada.vn/search?q=8939520561000,2026-06-30 04:44:35
156,TikTok Shop,175000.0,26000.0,129000.0,Voucher Livestream 20k,Flash Sale hàng hiệu,https://www.tiktokshop.vn/search?q=8939520561000,2026-06-30 04:44:35
156,GrabMart,203000.0,0.0,203000.0,,,https://www.grabmart.vn/search?q=8939520561000,2026-06-30 04:44:35
156,Pharmacity,200000.0,0.0,200000.0,,,https://www.pharmacity.vn/search?q=8939520561000,2026-06-30 04:44:35
156,Shopee,195000.0,20000.0,175000.0,Freeship Extra,,https://www.shopee.vn/search?q=8939520561000,2026-07-01 04:44:35
156,Lazada,186000.0,0.0,186000.0,,Combo mua 2 giảm 5%,https://www.lazada.vn/search?q=8939520561000,2026-07-01 04:44:35
156,TikTok Shop,167000.0,25000.0,122000.0,Voucher Livestream 20k,,https://www.tiktokshop.vn/search?q=8939520561000,2026-07-01 04:44:35
156,GrabMart,196000.0,0.0,196000.0,,,https://www.grabmart.vn/search?q=8939520561000,2026-07-01 04:44:35
156,Pharmacity,195000.0,10000.0,185000.0,,,https://www.pharmacity.vn/search?q=8939520561000,2026-07-01 04:44:35
156,Shopee,175000.0,9000.0,156000.0,Mã giảm 10k,Flash Sale,https://www.shopee.vn/search?q=8939520561000,2026-07-02 04:44:35
156,Lazada,170000.0,0.0,170000.0,Voucher tích lũy,,https://www.lazada.vn/search?q=8939520561000,2026-07-02 04:44:35
156,TikTok Shop,160000.0,0.0,140000.0,Voucher Livestream 20k,Flash Sale hàng hiệu,https://www.tiktokshop.vn/search?q=8939520561000,2026-07-02 04:44:35
156,GrabMart,203000.0,0.0,203000.0,,,https://www.grabmart.vn/search?q=8939520561000,2026-07-02 04:44:35
156,Pharmacity,202000.0,0.0,202000.0,,,https://www.pharmacity.vn/search?q=8939520561000,2026-07-02 04:44:35
156,Shopee,173000.0,26000.0,147000.0,Freeship Extra,Flash Sale,https://www.shopee.vn/search?q=8939520561000,2026-07-03 04:44:35
156,Lazada,174000.0,0.0,174000.0,,,https://www.lazada.vn/search?q=8939520561000,2026-07-03 04:44:35
156,TikTok Shop,164000.0,0.0,144000.0,Voucher Livestream 20k,Flash Sale hàng hiệu,https://www.tiktokshop.vn/search?q=8939520561000,2026-07-03 04:44:35
156,GrabMart,222000.0,0.0,222000.0,,,https://www.grabmart.vn/search?q=8939520561000,2026-07-03 04:44:35
156,Pharmacity,190000.0,0.0,190000.0,,,https://www.pharmacity.vn/search?q=8939520561000,2026-07-03 04:44:35
156,Shopee,182000.0,27000.0,155000.0,Freeship Extra,,https://www.shopee.vn/search?q=8939520561000,2026-07-04 04:44:35
156,Lazada,178000.0,0.0,178000.0,Voucher tích lũy,Combo mua 2 giảm 5%,https://www.lazada.vn/search?q=8939520561000,2026-07-04 04:44:35
156,TikTok Shop,165000.0,0.0,165000.0,,,https://www.tiktokshop.vn/search?q=8939520561000,2026-07-04 04:44:35
156,GrabMart,207000.0,0.0,207000.0,,,https://www.grabmart.vn/search?q=8939520561000,2026-07-04 04:44:35
156,Pharmacity,195000.0,0.0,195000.0,,,https://www.pharmacity.vn/search?q=8939520561000,2026-07-04 04:44:35
156,Shopee,183000.0,0.0,173000.0,Mã giảm 10k,Flash Sale,https://www.shopee.vn/search?q=8939520561000,2026-07-05 04:44:35
156,Lazada,192000.0,10000.0,182000.0,Voucher tích lũy,Combo mua 2 giảm 5%,https://www.lazada.vn/search?q=8939520561000,2026-07-05 04:44:35
156,TikTok Shop,168000.0,25000.0,143000.0,,,https://www.tiktokshop.vn/search?q=8939520561000,2026-07-05 04:44:35
156,GrabMart,200000.0,0.0,200000.0,,,https://www.grabmart.vn/search?q=8939520561000,2026-07-05 04:44:35
156,Pharmacity,199000.0,10000.0,189000.0,,,https://www.pharmacity.vn/search?q=8939520561000,2026-07-05 04:44:35
156,Shopee,173000.0,26000.0,147000.0,,,https://www.shopee.vn/search?q=8939520561000,2026-07-06 04:44:35
156,Lazada,192000.0,0.0,192000.0,Voucher tích lũy,,https://www.lazada.vn/search?q=8939520561000,2026-07-06 04:44:35
156,TikTok Shop,183000.0,27000.0,156000.0,,Flash Sale hàng hiệu,https://www.tiktokshop.vn/search?q=8939520561000,2026-07-06 04:44:35
156,GrabMart,207000.0,0.0,207000.0,,,https://www.grabmart.vn/search?q=8939520561000,2026-07-06 04:44:35
156,Pharmacity,196000.0,0.0,196000.0,,,https://www.pharmacity.vn/search?q=8939520561000,2026-07-06 04:44:35
157,Shopee,107000.0,16000.0,91000.0,Freeship Extra,,https://www.shopee.vn/search?q=8939207115236,2026-06-30 04:44:35
157,Lazada,108000.0,11000.0,97000.0,,,https://www.lazada.vn/search?q=8939207115236,2026-06-30 04:44:35
157,TikTok Shop,106000.0,16000.0,90000.0,,Flash Sale hàng hiệu,https://www.tiktokshop.vn/search?q=8939207115236,2026-06-30 04:44:35
157,GrabMart,137000.0,0.0,137000.0,,,https://www.grabmart.vn/search?q=8939207115236,2026-06-30 04:44:35
157,Pharmacity,125000.0,0.0,125000.0,,,https://www.pharmacity.vn/search?q=8939207115236,2026-06-30 04:44:35
157,Shopee,112000.0,0.0,112000.0,Freeship Extra,Flash Sale,https://www.shopee.vn/search?q=8939207115236,2026-07-01 04:44:35
157,Lazada,110000.0,6000.0,104000.0,Voucher tích lũy,,https://www.lazada.vn/search?q=8939207115236,2026-07-01 04:44:35
157,TikTok Shop,114000.0,11000.0,83000.0,Voucher Livestream 20k,Flash Sale hàng hiệu,https://www.tiktokshop.vn/search?q=8939207115236,2026-07-01 04:44:35
157,GrabMart,126000.0,0.0,126000.0,,,https://www.grabmart.vn/search?q=8939207115236,2026-07-01 04:44:35
157,Pharmacity,125000.0,6000.0,119000.0,,,https://www.pharmacity.vn/search?q=8939207115236,2026-07-01 04:44:35
157,Shopee,114000.0,0.0,114000.0,Freeship Extra,,https://www.shopee.vn/search?q=8939207115236,2026-07-02 04:44:35
157,Lazada,118000.0,6000.0,112000.0,,Combo mua 2 giảm 5%,https://www.lazada.vn/search?q=8939207115236,2026-07-02 04:44:35
157,TikTok Shop,110000.0,16000.0,94000.0,,,https://www.tiktokshop.vn/search?q=8939207115236,2026-07-02 04:44:35
157,GrabMart,134000.0,0.0,134000.0,,,https://www.grabmart.vn/search?q=8939207115236,2026-07-02 04:44:35
157,Pharmacity,122000.0,0.0,122000.0,,,https://www.pharmacity.vn/search?q=8939207115236,2026-07-02 04:44:35
157,Shopee,113000.0,17000.0,96000.0,,Flash Sale,https://www.shopee.vn/search?q=8939207115236,2026-07-03 04:44:35
157,Lazada,112000.0,6000.0,106000.0,,,https://www.lazada.vn/search?q=8939207115236,2026-07-03 04:44:35
157,TikTok Shop,119000.0,0.0,119000.0,,Flash Sale hàng hiệu,https://www.tiktokshop.vn/search?q=8939207115236,2026-07-03 04:44:35
157,GrabMart,126000.0,0.0,126000.0,,,https://www.grabmart.vn/search?q=8939207115236,2026-07-03 04:44:35
157,Pharmacity,120000.0,0.0,120000.0,,,https://www.pharmacity.vn/search?q=8939207115236,2026-07-03 04:44:35
157,Shopee,115000.0,6000.0,109000.0,Freeship Extra,,https://www.shopee.vn/search?q=8939207115236,2026-07-04 04:44:35
157,Lazada,109000.0,0.0,109000.0,,Combo mua 2 giảm 5%,https://www.lazada.vn/search?q=8939207115236,2026-07-04 04:44:35
157,TikTok Shop,101000.0,10000.0,71000.0,Voucher Livestream 20k,Flash Sale hàng hiệu,https://www.tiktokshop.vn/search?q=8939207115236,2026-07-04 04:44:35
157,GrabMart,136000.0,0.0,136000.0,,,https://www.grabmart.vn/search?q=8939207115236,2026-07-04 04:44:35
157,Pharmacity,125000.0,0.0,125000.0,,,https://www.pharmacity.vn/search?q=8939207115236,2026-07-04 04:44:35
157,Shopee,104000.0,10000.0,94000.0,Freeship Extra,,https://www.shopee.vn/search?q=8939207115236,2026-07-05 04:44:35
157,Lazada,117000.0,12000.0,105000.0,,,https://www.lazada.vn/search?q=8939207115236,2026-07-05 04:44:35
157,TikTok Shop,102000.0,15000.0,87000.0,,,https://www.tiktokshop.vn/search?q=8939207115236,2026-07-05 04:44:35
157,GrabMart,128000.0,0.0,128000.0,,,https://www.grabmart.vn/search?q=8939207115236,2026-07-05 04:44:35
157,Pharmacity,125000.0,0.0,125000.0,,,https://www.pharmacity.vn/search?q=8939207115236,2026-07-05 04:44:35
157,Shopee,107000.0,5000.0,102000.0,,Flash Sale,https://www.shopee.vn/search?q=8939207115236,2026-07-06 04:44:35
157,Lazada,114000.0,0.0,114000.0,,,https://www.lazada.vn/search?q=8939207115236,2026-07-06 04:44:35
157,TikTok Shop,107000.0,0.0,107000.0,,,https://www.tiktokshop.vn/search?q=8939207115236,2026-07-06 04:44:35
157,GrabMart,133000.0,0.0,133000.0,,,https://www.grabmart.vn/search?q=8939207115236,2026-07-06 04:44:35
157,Pharmacity,123000.0,0.0,123000.0,,,https://www.pharmacity.vn/search?q=8939207115236,2026-07-06 04:44:35
158,Shopee,67000.0,3000.0,64000.0,,,https://www.shopee.vn/search?q=8930059377759,2026-06-30 04:44:35
158,Lazada,68000.0,7000.0,61000.0,,,https://www.lazada.vn/search?q=8930059377759,2026-06-30 04:44:35
158,TikTok Shop,62000.0,9000.0,53000.0,,Flash Sale hàng hiệu,https://www.tiktokshop.vn/search?q=8930059377759,2026-06-30 04:44:35
158,GrabMart,75000.0,0.0,75000.0,,,https://www.grabmart.vn/search?q=8930059377759,2026-06-30 04:44:35
158,Pharmacity,73000.0,0.0,73000.0,,,https://www.pharmacity.vn/search?q=8930059377759,2026-06-30 04:44:35
158,Shopee,70000.0,4000.0,66000.0,Freeship Extra,,https://www.shopee.vn/search?q=8930059377759,2026-07-01 04:44:35
158,Lazada,63000.0,0.0,63000.0,Voucher tích lũy,,https://www.lazada.vn/search?q=8930059377759,2026-07-01 04:44:35
158,TikTok Shop,67000.0,10000.0,37000.0,Voucher Livestream 20k,,https://www.tiktokshop.vn/search?q=8930059377759,2026-07-01 04:44:35
158,GrabMart,78000.0,0.0,78000.0,,,https://www.grabmart.vn/search?q=8930059377759,2026-07-01 04:44:35
158,Pharmacity,71000.0,0.0,71000.0,,,https://www.pharmacity.vn/search?q=8930059377759,2026-07-01 04:44:35
158,Shopee,66000.0,3000.0,63000.0,,Flash Sale,https://www.shopee.vn/search?q=8930059377759,2026-07-02 04:44:35
158,Lazada,66000.0,7000.0,59000.0,,Combo mua 2 giảm 5%,https://www.lazada.vn/search?q=8930059377759,2026-07-02 04:44:35
158,TikTok Shop,62000.0,6000.0,36000.0,Voucher Livestream 20k,Flash Sale hàng hiệu,https://www.tiktokshop.vn/search?q=8930059377759,2026-07-02 04:44:35
158,GrabMart,77000.0,0.0,77000.0,,,https://www.grabmart.vn/search?q=8930059377759,2026-07-02 04:44:35
158,Pharmacity,73000.0,0.0,73000.0,,,https://www.pharmacity.vn/search?q=8930059377759,2026-07-02 04:44:35
158,Shopee,64000.0,10000.0,54000.0,,,https://www.shopee.vn/search?q=8930059377759,2026-07-03 04:44:35
158,Lazada,67000.0,3000.0,64000.0,Voucher tích lũy,Combo mua 2 giảm 5%,https://www.lazada.vn/search?q=8930059377759,2026-07-03 04:44:35
158,TikTok Shop,58000.0,9000.0,29000.0,Voucher Livestream 20k,Flash Sale hàng hiệu,https://www.tiktokshop.vn/search?q=8930059377759,2026-07-03 04:44:35
158,GrabMart,75000.0,0.0,75000.0,,,https://www.grabmart.vn/search?q=8930059377759,2026-07-03 04:44:35
158,Pharmacity,69000.0,3000.0,66000.0,,,https://www.pharmacity.vn/search?q=8930059377759,2026-07-03 04:44:35
158,Shopee,64000.0,3000.0,61000.0,Freeship Extra,Flash Sale,https://www.shopee.vn/search?q=8930059377759,2026-07-04 04:44:35
158,Lazada,67000.0,0.0,67000.0,,Combo mua 2 giảm 5%,https://www.lazada.vn/search?q=8930059377759,2026-07-04 04:44:35
158,TikTok Shop,62000.0,6000.0,36000.0,Voucher Livestream 20k,,https://www.tiktokshop.vn/search?q=8930059377759,2026-07-04 04:44:35
158,GrabMart,77000.0,0.0,77000.0,,,https://www.grabmart.vn/search?q=8930059377759,2026-07-04 04:44:35
158,Pharmacity,70000.0,0.0,70000.0,,,https://www.pharmacity.vn/search?q=8930059377759,2026-07-04 04:44:35
158,Shopee,64000.0,10000.0,54000.0,,,https://www.shopee.vn/search?q=8930059377759,2026-07-05 04:44:35
158,Lazada,64000.0,0.0,64000.0,Voucher tích lũy,,https://www.lazada.vn/search?q=8930059377759,2026-07-05 04:44:35
158,TikTok Shop,67000.0,10000.0,57000.0,,Flash Sale hàng hiệu,https://www.tiktokshop.vn/search?q=8930059377759,2026-07-05 04:44:35
158,GrabMart,82000.0,0.0,82000.0,,,https://www.grabmart.vn/search?q=8930059377759,2026-07-05 04:44:35
158,Pharmacity,72000.0,4000.0,68000.0,,,https://www.pharmacity.vn/search?q=8930059377759,2026-07-05 04:44:35
158,Shopee,63000.0,3000.0,60000.0,,,https://www.shopee.vn/search?q=8930059377759,2026-07-06 04:44:35
158,Lazada,67000.0,3000.0,64000.0,,Combo mua 2 giảm 5%,https://www.lazada.vn/search?q=8930059377759,2026-07-06 04:44:35
158,TikTok Shop,59000.0,0.0,39000.0,Voucher Livestream 20k,,https://www.tiktokshop.vn/search?q=8930059377759,2026-07-06 04:44:35
158,GrabMart,79000.0,0.0,79000.0,,,https://www.grabmart.vn/search?q=8930059377759,2026-07-06 04:44:35
158,Pharmacity,72000.0,4000.0,68000.0,,,https://www.pharmacity.vn/search?q=8930059377759,2026-07-06 04:44:35
159,Shopee,198000.0,20000.0,178000.0,,,https://www.shopee.vn/search?q=8935324725051,2026-06-30 04:44:35
159,Lazada,219000.0,0.0,219000.0,,,https://www.lazada.vn/search?q=8935324725051,2026-06-30 04:44:35
159,TikTok Shop,209000.0,21000.0,168000.0,Voucher Livestream 20k,Flash Sale hàng hiệu,https://www.tiktokshop.vn/search?q=8935324725051,2026-06-30 04:44:35
159,GrabMart,228000.0,0.0,228000.0,,,https://www.grabmart.vn/search?q=8935324725051,2026-06-30 04:44:35
159,Pharmacity,236000.0,12000.0,224000.0,,,https://www.pharmacity.vn/search?q=8935324725051,2026-06-30 04:44:35
159,Shopee,204000.0,31000.0,173000.0,Freeship Extra,Flash Sale,https://www.shopee.vn/search?q=8935324725051,2026-07-01 04:44:35
159,Lazada,222000.0,22000.0,200000.0,Voucher tích lũy,Combo mua 2 giảm 5%,https://www.lazada.vn/search?q=8935324725051,2026-07-01 04:44:35
159,TikTok Shop,195000.0,20000.0,155000.0,Voucher Livestream 20k,Flash Sale hàng hiệu,https://www.tiktokshop.vn/search?q=8935324725051,2026-07-01 04:44:35
159,GrabMart,253000.0,0.0,253000.0,,,https://www.grabmart.vn/search?q=8935324725051,2026-07-01 04:44:35
159,Pharmacity,235000.0,12000.0,223000.0,,,https://www.pharmacity.vn/search?q=8935324725051,2026-07-01 04:44:35
159,Shopee,225000.0,22000.0,203000.0,,Flash Sale,https://www.shopee.vn/search?q=8935324725051,2026-07-02 04:44:35
159,Lazada,207000.0,10000.0,197000.0,Voucher tích lũy,Combo mua 2 giảm 5%,https://www.lazada.vn/search?q=8935324725051,2026-07-02 04:44:35
159,TikTok Shop,197000.0,30000.0,147000.0,Voucher Livestream 20k,,https://www.tiktokshop.vn/search?q=8935324725051,2026-07-02 04:44:35
159,GrabMart,242000.0,0.0,242000.0,,,https://www.grabmart.vn/search?q=8935324725051,2026-07-02 04:44:35
159,Pharmacity,234000.0,0.0,234000.0,,,https://www.pharmacity.vn/search?q=8935324725051,2026-07-02 04:44:35
159,Shopee,193000.0,19000.0,164000.0,Mã giảm 10k,Flash Sale,https://www.shopee.vn/search?q=8935324725051,2026-07-03 04:44:35
159,Lazada,198000.0,20000.0,178000.0,,Combo mua 2 giảm 5%,https://www.lazada.vn/search?q=8935324725051,2026-07-03 04:44:35
159,TikTok Shop,217000.0,33000.0,164000.0,Voucher Livestream 20k,,https://www.tiktokshop.vn/search?q=8935324725051,2026-07-03 04:44:35
159,GrabMart,257000.0,0.0,257000.0,,,https://www.grabmart.vn/search?q=8935324725051,2026-07-03 04:44:35
159,Pharmacity,223000.0,11000.0,212000.0,,,https://www.pharmacity.vn/search?q=8935324725051,2026-07-03 04:44:35
159,Shopee,212000.0,21000.0,181000.0,Mã giảm 10k,Flash Sale,https://www.shopee.vn/search?q=8935324725051,2026-07-04 04:44:35
159,Lazada,208000.0,10000.0,198000.0,,,https://www.lazada.vn/search?q=8935324725051,2026-07-04 04:44:35
159,TikTok Shop,214000.0,0.0,214000.0,,Flash Sale hàng hiệu,https://www.tiktokshop.vn/search?q=8935324725051,2026-07-04 04:44:35
159,GrabMart,259000.0,0.0,259000.0,,,https://www.grabmart.vn/search?q=8935324725051,2026-07-04 04:44:35
159,Pharmacity,224000.0,0.0,224000.0,,,https://www.pharmacity.vn/search?q=8935324725051,2026-07-04 04:44:35
159,Shopee,204000.0,0.0,194000.0,Mã giảm 10k,,https://www.shopee.vn/search?q=8935324725051,2026-07-05 04:44:35
159,Lazada,208000.0,10000.0,198000.0,,Combo mua 2 giảm 5%,https://www.lazada.vn/search?q=8935324725051,2026-07-05 04:44:35
159,TikTok Shop,207000.0,31000.0,176000.0,,,https://www.tiktokshop.vn/search?q=8935324725051,2026-07-05 04:44:35
159,GrabMart,256000.0,0.0,256000.0,,,https://www.grabmart.vn/search?q=8935324725051,2026-07-05 04:44:35
159,Pharmacity,222000.0,11000.0,211000.0,,,https://www.pharmacity.vn/search?q=8935324725051,2026-07-05 04:44:35
159,Shopee,220000.0,22000.0,188000.0,Mã giảm 10k,Flash Sale,https://www.shopee.vn/search?q=8935324725051,2026-07-06 04:44:35
159,Lazada,203000.0,0.0,203000.0,Voucher tích lũy,Combo mua 2 giảm 5%,https://www.lazada.vn/search?q=8935324725051,2026-07-06 04:44:35
159,TikTok Shop,191000.0,19000.0,172000.0,,,https://www.tiktokshop.vn/search?q=8935324725051,2026-07-06 04:44:35
159,GrabMart,262000.0,0.0,262000.0,,,https://www.grabmart.vn/search?q=8935324725051,2026-07-06 04:44:35
159,Pharmacity,231000.0,0.0,231000.0,,,https://www.pharmacity.vn/search?q=8935324725051,2026-07-06 04:44:35
160,Shopee,345000.0,34000.0,301000.0,Mã giảm 10k,,https://www.shopee.vn/search?q=8931785221156,2026-06-30 04:44:35
160,Lazada,361000.0,36000.0,325000.0,Voucher tích lũy,,https://www.lazada.vn/search?q=8931785221156,2026-06-30 04:44:35
160,TikTok Shop,355000.0,53000.0,282000.0,Voucher Livestream 20k,Flash Sale hàng hiệu,https://www.tiktokshop.vn/search?q=8931785221156,2026-06-30 04:44:35
160,GrabMart,421000.0,0.0,421000.0,,,https://www.grabmart.vn/search?q=8931785221156,2026-06-30 04:44:35
160,Pharmacity,411000.0,21000.0,390000.0,,,https://www.pharmacity.vn/search?q=8931785221156,2026-06-30 04:44:35
160,Shopee,342000.0,51000.0,291000.0,,,https://www.shopee.vn/search?q=8931785221156,2026-07-01 04:44:35
160,Lazada,393000.0,39000.0,354000.0,,Combo mua 2 giảm 5%,https://www.lazada.vn/search?q=8931785221156,2026-07-01 04:44:35
160,TikTok Shop,378000.0,57000.0,321000.0,,,https://www.tiktokshop.vn/search?q=8931785221156,2026-07-01 04:44:35
160,GrabMart,463000.0,0.0,463000.0,,,https://www.grabmart.vn/search?q=8931785221156,2026-07-01 04:44:35
160,Pharmacity,405000.0,0.0,405000.0,,,https://www.pharmacity.vn/search?q=8931785221156,2026-07-01 04:44:35
160,Shopee,376000.0,56000.0,320000.0,Freeship Extra,Flash Sale,https://www.shopee.vn/search?q=8931785221156,2026-07-02 04:44:35
160,Lazada,371000.0,0.0,371000.0,Voucher tích lũy,,https://www.lazada.vn/search?q=8931785221156,2026-07-02 04:44:35
160,TikTok Shop,334000.0,0.0,334000.0,,Flash Sale hàng hiệu,https://www.tiktokshop.vn/search?q=8931785221156,2026-07-02 04:44:35
160,GrabMart,457000.0,0.0,457000.0,,,https://www.grabmart.vn/search?q=8931785221156,2026-07-02 04:44:35
160,Pharmacity,415000.0,0.0,415000.0,,,https://www.pharmacity.vn/search?q=8931785221156,2026-07-02 04:44:35
160,Shopee,340000.0,34000.0,296000.0,Mã giảm 10k,,https://www.shopee.vn/search?q=8931785221156,2026-07-03 04:44:35
160,Lazada,353000.0,0.0,353000.0,Voucher tích lũy,,https://www.lazada.vn/search?q=8931785221156,2026-07-03 04:44:35
160,TikTok Shop,374000.0,0.0,354000.0,Voucher Livestream 20k,,https://www.tiktokshop.vn/search?q=8931785221156,2026-07-03 04:44:35
160,GrabMart,425000.0,0.0,425000.0,,,https://www.grabmart.vn/search?q=8931785221156,2026-07-03 04:44:35
160,Pharmacity,411000.0,0.0,411000.0,,,https://www.pharmacity.vn/search?q=8931785221156,2026-07-03 04:44:35
160,Shopee,346000.0,0.0,346000.0,Freeship Extra,Flash Sale,https://www.shopee.vn/search?q=8931785221156,2026-07-04 04:44:35
160,Lazada,362000.0,36000.0,326000.0,,,https://www.lazada.vn/search?q=8931785221156,2026-07-04 04:44:35
160,TikTok Shop,376000.0,56000.0,320000.0,,Flash Sale hàng hiệu,https://www.tiktokshop.vn/search?q=8931785221156,2026-07-04 04:44:35
160,GrabMart,469000.0,0.0,469000.0,,,https://www.grabmart.vn/search?q=8931785221156,2026-07-04 04:44:35
160,Pharmacity,418000.0,0.0,418000.0,,,https://www.pharmacity.vn/search?q=8931785221156,2026-07-04 04:44:35
160,Shopee,347000.0,52000.0,295000.0,Freeship Extra,Flash Sale,https://www.shopee.vn/search?q=8931785221156,2026-07-05 04:44:35
160,Lazada,368000.0,0.0,368000.0,Voucher tích lũy,,https://www.lazada.vn/search?q=8931785221156,2026-07-05 04:44:35
160,TikTok Shop,386000.0,0.0,386000.0,,Flash Sale hàng hiệu,https://www.tiktokshop.vn/search?q=8931785221156,2026-07-05 04:44:35
160,GrabMart,455000.0,0.0,455000.0,,,https://www.grabmart.vn/search?q=8931785221156,2026-07-05 04:44:35
160,Pharmacity,402000.0,20000.0,382000.0,,,https://www.pharmacity.vn/search?q=8931785221156,2026-07-05 04:44:35
160,Shopee,402000.0,40000.0,362000.0,Freeship Extra,,https://www.shopee.vn/search?q=8931785221156,2026-07-06 04:44:35
160,Lazada,395000.0,0.0,395000.0,,,https://www.lazada.vn/search?q=8931785221156,2026-07-06 04:44:35
160,TikTok Shop,368000.0,37000.0,331000.0,,,https://www.tiktokshop.vn/search?q=8931785221156,2026-07-06 04:44:35
160,GrabMart,462000.0,0.0,462000.0,,,https://www.grabmart.vn/search?q=8931785221156,2026-07-06 04:44:35
160,Pharmacity,409000.0,0.0,409000.0,,,https://www.pharmacity.vn/search?q=8931785221156,2026-07-06 04:44:35
161,Shopee,239000.0,0.0,239000.0,,Flash Sale,https://www.shopee.vn/search?q=8933532366189,2026-06-30 04:44:35
161,Lazada,228000.0,0.0,228000.0,Voucher tích lũy,Combo mua 2 giảm 5%,https://www.lazada.vn/search?q=8933532366189,2026-06-30 04:44:35
161,TikTok Shop,244000.0,0.0,244000.0,,,https://www.tiktokshop.vn/search?q=8933532366189,2026-06-30 04:44:35
161,GrabMart,277000.0,0.0,277000.0,,,https://www.grabmart.vn/search?q=8933532366189,2026-06-30 04:44:35
161,Pharmacity,255000.0,13000.0,242000.0,,,https://www.pharmacity.vn/search?q=8933532366189,2026-06-30 04:44:35
161,Shopee,224000.0,34000.0,190000.0,,Flash Sale,https://www.shopee.vn/search?q=8933532366189,2026-07-01 04:44:35
161,Lazada,247000.0,25000.0,222000.0,,,https://www.lazada.vn/search?q=8933532366189,2026-07-01 04:44:35
161,TikTok Shop,241000.0,24000.0,197000.0,Voucher Livestream 20k,Flash Sale hàng hiệu,https://www.tiktokshop.vn/search?q=8933532366189,2026-07-01 04:44:35
161,GrabMart,284000.0,0.0,284000.0,,,https://www.grabmart.vn/search?q=8933532366189,2026-07-01 04:44:35
161,Pharmacity,258000.0,13000.0,245000.0,,,https://www.pharmacity.vn/search?q=8933532366189,2026-07-01 04:44:35
161,Shopee,239000.0,24000.0,205000.0,Mã giảm 10k,Flash Sale,https://www.shopee.vn/search?q=8933532366189,2026-07-02 04:44:35
161,Lazada,231000.0,0.0,231000.0,,,https://www.lazada.vn/search?q=8933532366189,2026-07-02 04:44:35
161,TikTok Shop,217000.0,0.0,217000.0,,,https://www.tiktokshop.vn/search?q=8933532366189,2026-07-02 04:44:35
161,GrabMart,293000.0,0.0,293000.0,,,https://www.grabmart.vn/search?q=8933532366189,2026-07-02 04:44:35
161,Pharmacity,259000.0,0.0,259000.0,,,https://www.pharmacity.vn/search?q=8933532366189,2026-07-02 04:44:35
161,Shopee,234000.0,12000.0,222000.0,Freeship Extra,,https://www.shopee.vn/search?q=8933532366189,2026-07-03 04:44:35
161,Lazada,233000.0,12000.0,221000.0,Voucher tích lũy,,https://www.lazada.vn/search?q=8933532366189,2026-07-03 04:44:35
161,TikTok Shop,227000.0,34000.0,173000.0,Voucher Livestream 20k,,https://www.tiktokshop.vn/search?q=8933532366189,2026-07-03 04:44:35
161,GrabMart,277000.0,0.0,277000.0,,,https://www.grabmart.vn/search?q=8933532366189,2026-07-03 04:44:35
161,Pharmacity,254000.0,13000.0,241000.0,,,https://www.pharmacity.vn/search?q=8933532366189,2026-07-03 04:44:35
161,Shopee,229000.0,34000.0,195000.0,,,https://www.shopee.vn/search?q=8933532366189,2026-07-04 04:44:35
161,Lazada,254000.0,0.0,254000.0,,Combo mua 2 giảm 5%,https://www.lazada.vn/search?q=8933532366189,2026-07-04 04:44:35
161,TikTok Shop,228000.0,23000.0,185000.0,Voucher Livestream 20k,,https://www.tiktokshop.vn/search?q=8933532366189,2026-07-04 04:44:35
161,GrabMart,296000.0,0.0,296000.0,,,https://www.grabmart.vn/search?q=8933532366189,2026-07-04 04:44:35
161,Pharmacity,254000.0,13000.0,241000.0,,,https://www.pharmacity.vn/search?q=8933532366189,2026-07-04 04:44:35
161,Shopee,229000.0,23000.0,206000.0,,Flash Sale,https://www.shopee.vn/search?q=8933532366189,2026-07-05 04:44:35
161,Lazada,232000.0,23000.0,209000.0,,,https://www.lazada.vn/search?q=8933532366189,2026-07-05 04:44:35
161,TikTok Shop,244000.0,0.0,224000.0,Voucher Livestream 20k,,https://www.tiktokshop.vn/search?q=8933532366189,2026-07-05 04:44:35
161,GrabMart,283000.0,0.0,283000.0,,,https://www.grabmart.vn/search?q=8933532366189,2026-07-05 04:44:35
161,Pharmacity,259000.0,13000.0,246000.0,,,https://www.pharmacity.vn/search?q=8933532366189,2026-07-05 04:44:35
161,Shopee,229000.0,34000.0,195000.0,Freeship Extra,Flash Sale,https://www.shopee.vn/search?q=8933532366189,2026-07-06 04:44:35
161,Lazada,239000.0,12000.0,227000.0,Voucher tích lũy,Combo mua 2 giảm 5%,https://www.lazada.vn/search?q=8933532366189,2026-07-06 04:44:35
161,TikTok Shop,213000.0,21000.0,172000.0,Voucher Livestream 20k,,https://www.tiktokshop.vn/search?q=8933532366189,2026-07-06 04:44:35
161,GrabMart,295000.0,0.0,295000.0,,,https://www.grabmart.vn/search?q=8933532366189,2026-07-06 04:44:35
161,Pharmacity,271000.0,0.0,271000.0,,,https://www.pharmacity.vn/search?q=8933532366189,2026-07-06 04:44:35
162,Shopee,97000.0,15000.0,82000.0,Freeship Extra,,https://www.shopee.vn/search?q=8934119556405,2026-06-30 04:44:35
162,Lazada,98000.0,5000.0,93000.0,Voucher tích lũy,Combo mua 2 giảm 5%,https://www.lazada.vn/search?q=8934119556405,2026-06-30 04:44:35
162,TikTok Shop,98000.0,0.0,78000.0,Voucher Livestream 20k,,https://www.tiktokshop.vn/search?q=8934119556405,2026-06-30 04:44:35
162,GrabMart,118000.0,0.0,118000.0,,,https://www.grabmart.vn/search?q=8934119556405,2026-06-30 04:44:35
162,Pharmacity,101000.0,0.0,101000.0,,,https://www.pharmacity.vn/search?q=8934119556405,2026-06-30 04:44:35
162,Shopee,94000.0,5000.0,89000.0,Freeship Extra,,https://www.shopee.vn/search?q=8934119556405,2026-07-01 04:44:35
162,Lazada,91000.0,9000.0,82000.0,Voucher tích lũy,,https://www.lazada.vn/search?q=8934119556405,2026-07-01 04:44:35
162,TikTok Shop,86000.0,13000.0,73000.0,,,https://www.tiktokshop.vn/search?q=8934119556405,2026-07-01 04:44:35
162,GrabMart,109000.0,0.0,109000.0,,,https://www.grabmart.vn/search?q=8934119556405,2026-07-01 04:44:35
162,Pharmacity,108000.0,0.0,108000.0,,,https://www.pharmacity.vn/search?q=8934119556405,2026-07-01 04:44:35
162,Shopee,100000.0,15000.0,85000.0,Freeship Extra,Flash Sale,https://www.shopee.vn/search?q=8934119556405,2026-07-02 04:44:35
162,Lazada,96000.0,10000.0,86000.0,Voucher tích lũy,Combo mua 2 giảm 5%,https://www.lazada.vn/search?q=8934119556405,2026-07-02 04:44:35
162,TikTok Shop,85000.0,13000.0,52000.0,Voucher Livestream 20k,,https://www.tiktokshop.vn/search?q=8934119556405,2026-07-02 04:44:35
162,GrabMart,105000.0,0.0,105000.0,,,https://www.grabmart.vn/search?q=8934119556405,2026-07-02 04:44:35
162,Pharmacity,104000.0,5000.0,99000.0,,,https://www.pharmacity.vn/search?q=8934119556405,2026-07-02 04:44:35
162,Shopee,91000.0,5000.0,86000.0,,Flash Sale,https://www.shopee.vn/search?q=8934119556405,2026-07-03 04:44:35
162,Lazada,99000.0,10000.0,89000.0,,Combo mua 2 giảm 5%,https://www.lazada.vn/search?q=8934119556405,2026-07-03 04:44:35
162,TikTok Shop,100000.0,15000.0,65000.0,Voucher Livestream 20k,Flash Sale hàng hiệu,https://www.tiktokshop.vn/search?q=8934119556405,2026-07-03 04:44:35
162,GrabMart,110000.0,0.0,110000.0,,,https://www.grabmart.vn/search?q=8934119556405,2026-07-03 04:44:35
162,Pharmacity,107000.0,0.0,107000.0,,,https://www.pharmacity.vn/search?q=8934119556405,2026-07-03 04:44:35
162,Shopee,103000.0,10000.0,93000.0,,,https://www.shopee.vn/search?q=8934119556405,2026-07-04 04:44:35
162,Lazada,98000.0,10000.0,88000.0,Voucher tích lũy,Combo mua 2 giảm 5%,https://www.lazada.vn/search?q=8934119556405,2026-07-04 04:44:35
162,TikTok Shop,89000.0,0.0,69000.0,Voucher Livestream 20k,,https://www.tiktokshop.vn/search?q=8934119556405,2026-07-04 04:44:35
162,GrabMart,108000.0,0.0,108000.0,,,https://www.grabmart.vn/search?q=8934119556405,2026-07-04 04:44:35
162,Pharmacity,102000.0,0.0,102000.0,,,https://www.pharmacity.vn/search?q=8934119556405,2026-07-04 04:44:35
162,Shopee,89000.0,0.0,79000.0,Mã giảm 10k,,https://www.shopee.vn/search?q=8934119556405,2026-07-05 04:44:35
162,Lazada,100000.0,5000.0,95000.0,Voucher tích lũy,Combo mua 2 giảm 5%,https://www.lazada.vn/search?q=8934119556405,2026-07-05 04:44:35
162,TikTok Shop,101000.0,15000.0,66000.0,Voucher Livestream 20k,Flash Sale hàng hiệu,https://www.tiktokshop.vn/search?q=8934119556405,2026-07-05 04:44:35
162,GrabMart,112000.0,0.0,112000.0,,,https://www.grabmart.vn/search?q=8934119556405,2026-07-05 04:44:35
162,Pharmacity,106000.0,0.0,106000.0,,,https://www.pharmacity.vn/search?q=8934119556405,2026-07-05 04:44:35
162,Shopee,90000.0,14000.0,66000.0,Mã giảm 10k,Flash Sale,https://www.shopee.vn/search?q=8934119556405,2026-07-06 04:44:35
162,Lazada,94000.0,9000.0,85000.0,Voucher tích lũy,Combo mua 2 giảm 5%,https://www.lazada.vn/search?q=8934119556405,2026-07-06 04:44:35
162,TikTok Shop,91000.0,14000.0,57000.0,Voucher Livestream 20k,Flash Sale hàng hiệu,https://www.tiktokshop.vn/search?q=8934119556405,2026-07-06 04:44:35
162,GrabMart,119000.0,0.0,119000.0,,,https://www.grabmart.vn/search?q=8934119556405,2026-07-06 04:44:35
162,Pharmacity,107000.0,0.0,107000.0,,,https://www.pharmacity.vn/search?q=8934119556405,2026-07-06 04:44:35
163,Shopee,55000.0,0.0,55000.0,Freeship Extra,Flash Sale,https://www.shopee.vn/search?q=8936045006351,2026-06-30 04:44:35
163,Lazada,60000.0,6000.0,54000.0,Voucher tích lũy,,https://www.lazada.vn/search?q=8936045006351,2026-06-30 04:44:35
163,TikTok Shop,58000.0,6000.0,52000.0,,,https://www.tiktokshop.vn/search?q=8936045006351,2026-06-30 04:44:35
163,GrabMart,69000.0,0.0,69000.0,,,https://www.grabmart.vn/search?q=8936045006351,2026-06-30 04:44:35
163,Pharmacity,61000.0,3000.0,58000.0,,,https://www.pharmacity.vn/search?q=8936045006351,2026-06-30 04:44:35
163,Shopee,52000.0,8000.0,44000.0,,Flash Sale,https://www.shopee.vn/search?q=8936045006351,2026-07-01 04:44:35
163,Lazada,54000.0,5000.0,49000.0,Voucher tích lũy,Combo mua 2 giảm 5%,https://www.lazada.vn/search?q=8936045006351,2026-07-01 04:44:35
163,TikTok Shop,56000.0,0.0,36000.0,Voucher Livestream 20k,Flash Sale hàng hiệu,https://www.tiktokshop.vn/search?q=8936045006351,2026-07-01 04:44:35
163,GrabMart,61000.0,0.0,61000.0,,,https://www.grabmart.vn/search?q=8936045006351,2026-07-01 04:44:35
163,Pharmacity,61000.0,3000.0,58000.0,,,https://www.pharmacity.vn/search?q=8936045006351,2026-07-01 04:44:35
163,Shopee,55000.0,3000.0,42000.0,Mã giảm 10k,Flash Sale,https://www.shopee.vn/search?q=8936045006351,2026-07-02 04:44:35
163,Lazada,54000.0,0.0,54000.0,Voucher tích lũy,Combo mua 2 giảm 5%,https://www.lazada.vn/search?q=8936045006351,2026-07-02 04:44:35
163,TikTok Shop,58000.0,9000.0,29000.0,Voucher Livestream 20k,Flash Sale hàng hiệu,https://www.tiktokshop.vn/search?q=8936045006351,2026-07-02 04:44:35
163,GrabMart,64000.0,0.0,64000.0,,,https://www.grabmart.vn/search?q=8936045006351,2026-07-02 04:44:35
163,Pharmacity,60000.0,3000.0,57000.0,,,https://www.pharmacity.vn/search?q=8936045006351,2026-07-02 04:44:35
163,Shopee,53000.0,5000.0,38000.0,Mã giảm 10k,Flash Sale,https://www.shopee.vn/search?q=8936045006351,2026-07-03 04:44:35
163,Lazada,58000.0,3000.0,55000.0,Voucher tích lũy,,https://www.lazada.vn/search?q=8936045006351,2026-07-03 04:44:35
163,TikTok Shop,57000.0,6000.0,51000.0,,Flash Sale hàng hiệu,https://www.tiktokshop.vn/search?q=8936045006351,2026-07-03 04:44:35
163,GrabMart,66000.0,0.0,66000.0,,,https://www.grabmart.vn/search?q=8936045006351,2026-07-03 04:44:35
163,Pharmacity,61000.0,0.0,61000.0,,,https://www.pharmacity.vn/search?q=8936045006351,2026-07-03 04:44:35
163,Shopee,58000.0,3000.0,55000.0,Freeship Extra,Flash Sale,https://www.shopee.vn/search?q=8936045006351,2026-07-04 04:44:35
163,Lazada,54000.0,3000.0,51000.0,Voucher tích lũy,,https://www.lazada.vn/search?q=8936045006351,2026-07-04 04:44:35
163,TikTok Shop,54000.0,5000.0,29000.0,Voucher Livestream 20k,Flash Sale hàng hiệu,https://www.tiktokshop.vn/search?q=8936045006351,2026-07-04 04:44:35
163,GrabMart,61000.0,0.0,61000.0,,,https://www.grabmart.vn/search?q=8936045006351,2026-07-04 04:44:35
163,Pharmacity,62000.0,0.0,62000.0,,,https://www.pharmacity.vn/search?q=8936045006351,2026-07-04 04:44:35
163,Shopee,52000.0,0.0,52000.0,Freeship Extra,Flash Sale,https://www.shopee.vn/search?q=8936045006351,2026-07-05 04:44:35
163,Lazada,56000.0,0.0,56000.0,Voucher tích lũy,,https://www.lazada.vn/search?q=8936045006351,2026-07-05 04:44:35
163,TikTok Shop,58000.0,9000.0,29000.0,Voucher Livestream 20k,,https://www.tiktokshop.vn/search?q=8936045006351,2026-07-05 04:44:35
163,GrabMart,63000.0,0.0,63000.0,,,https://www.grabmart.vn/search?q=8936045006351,2026-07-05 04:44:35
163,Pharmacity,59000.0,0.0,59000.0,,,https://www.pharmacity.vn/search?q=8936045006351,2026-07-05 04:44:35
163,Shopee,60000.0,9000.0,51000.0,,,https://www.shopee.vn/search?q=8936045006351,2026-07-06 04:44:35
163,Lazada,58000.0,0.0,58000.0,Voucher tích lũy,,https://www.lazada.vn/search?q=8936045006351,2026-07-06 04:44:35
163,TikTok Shop,53000.0,5000.0,28000.0,Voucher Livestream 20k,,https://www.tiktokshop.vn/search?q=8936045006351,2026-07-06 04:44:35
163,GrabMart,63000.0,0.0,63000.0,,,https://www.grabmart.vn/search?q=8936045006351,2026-07-06 04:44:35
163,Pharmacity,62000.0,3000.0,59000.0,,,https://www.pharmacity.vn/search?q=8936045006351,2026-07-06 04:44:35
164,Shopee,100000.0,15000.0,85000.0,,,https://www.shopee.vn/search?q=8939220300442,2026-06-30 04:44:35
164,Lazada,98000.0,0.0,98000.0,,,https://www.lazada.vn/search?q=8939220300442,2026-06-30 04:44:35
164,TikTok Shop,86000.0,13000.0,53000.0,Voucher Livestream 20k,,https://www.tiktokshop.vn/search?q=8939220300442,2026-06-30 04:44:35
164,GrabMart,105000.0,0.0,105000.0,,,https://www.grabmart.vn/search?q=8939220300442,2026-06-30 04:44:35
164,Pharmacity,101000.0,5000.0,96000.0,,,https://www.pharmacity.vn/search?q=8939220300442,2026-06-30 04:44:35
164,Shopee,92000.0,14000.0,68000.0,Mã giảm 10k,Flash Sale,https://www.shopee.vn/search?q=8939220300442,2026-07-01 04:44:35
164,Lazada,92000.0,9000.0,83000.0,Voucher tích lũy,Combo mua 2 giảm 5%,https://www.lazada.vn/search?q=8939220300442,2026-07-01 04:44:35
164,TikTok Shop,99000.0,15000.0,64000.0,Voucher Livestream 20k,,https://www.tiktokshop.vn/search?q=8939220300442,2026-07-01 04:44:35
164,GrabMart,118000.0,0.0,118000.0,,,https://www.grabmart.vn/search?q=8939220300442,2026-07-01 04:44:35
164,Pharmacity,104000.0,0.0,104000.0,,,https://www.pharmacity.vn/search?q=8939220300442,2026-07-01 04:44:35
164,Shopee,91000.0,9000.0,82000.0,Freeship Extra,Flash Sale,https://www.shopee.vn/search?q=8939220300442,2026-07-02 04:44:35
164,Lazada,92000.0,9000.0,83000.0,Voucher tích lũy,Combo mua 2 giảm 5%,https://www.lazada.vn/search?q=8939220300442,2026-07-02 04:44:35
164,TikTok Shop,90000.0,0.0,90000.0,,,https://www.tiktokshop.vn/search?q=8939220300442,2026-07-02 04:44:35
164,GrabMart,119000.0,0.0,119000.0,,,https://www.grabmart.vn/search?q=8939220300442,2026-07-02 04:44:35
164,Pharmacity,104000.0,0.0,104000.0,,,https://www.pharmacity.vn/search?q=8939220300442,2026-07-02 04:44:35
164,Shopee,101000.0,10000.0,91000.0,,,https://www.shopee.vn/search?q=8939220300442,2026-07-03 04:44:35
164,Lazada,100000.0,0.0,100000.0,,,https://www.lazada.vn/search?q=8939220300442,2026-07-03 04:44:35
164,TikTok Shop,97000.0,0.0,77000.0,Voucher Livestream 20k,Flash Sale hàng hiệu,https://www.tiktokshop.vn/search?q=8939220300442,2026-07-03 04:44:35
164,GrabMart,108000.0,0.0,108000.0,,,https://www.grabmart.vn/search?q=8939220300442,2026-07-03 04:44:35
164,Pharmacity,102000.0,0.0,102000.0,,,https://www.pharmacity.vn/search?q=8939220300442,2026-07-03 04:44:35
164,Shopee,97000.0,0.0,87000.0,Mã giảm 10k,,https://www.shopee.vn/search?q=8939220300442,2026-07-04 04:44:35
164,Lazada,98000.0,10000.0,88000.0,Voucher tích lũy,Combo mua 2 giảm 5%,https://www.lazada.vn/search?q=8939220300442,2026-07-04 04:44:35
164,TikTok Shop,96000.0,14000.0,82000.0,,,https://www.tiktokshop.vn/search?q=8939220300442,2026-07-04 04:44:35
164,GrabMart,112000.0,0.0,112000.0,,,https://www.grabmart.vn/search?q=8939220300442,2026-07-04 04:44:35
164,Pharmacity,106000.0,5000.0,101000.0,,,https://www.pharmacity.vn/search?q=8939220300442,2026-07-04 04:44:35
164,Shopee,98000.0,5000.0,93000.0,Freeship Extra,Flash Sale,https://www.shopee.vn/search?q=8939220300442,2026-07-05 04:44:35
164,Lazada,94000.0,9000.0,85000.0,,,https://www.lazada.vn/search?q=8939220300442,2026-07-05 04:44:35
164,TikTok Shop,98000.0,15000.0,83000.0,,Flash Sale hàng hiệu,https://www.tiktokshop.vn/search?q=8939220300442,2026-07-05 04:44:35
164,GrabMart,110000.0,0.0,110000.0,,,https://www.grabmart.vn/search?q=8939220300442,2026-07-05 04:44:35
164,Pharmacity,102000.0,5000.0,97000.0,,,https://www.pharmacity.vn/search?q=8939220300442,2026-07-05 04:44:35
164,Shopee,91000.0,0.0,81000.0,Mã giảm 10k,,https://www.shopee.vn/search?q=8939220300442,2026-07-06 04:44:35
164,Lazada,100000.0,0.0,100000.0,,,https://www.lazada.vn/search?q=8939220300442,2026-07-06 04:44:35
164,TikTok Shop,92000.0,9000.0,83000.0,,,https://www.tiktokshop.vn/search?q=8939220300442,2026-07-06 04:44:35
164,GrabMart,106000.0,0.0,106000.0,,,https://www.grabmart.vn/search?q=8939220300442,2026-07-06 04:44:35
164,Pharmacity,104000.0,5000.0,99000.0,,,https://www.pharmacity.vn/search?q=8939220300442,2026-07-06 04:44:35
165,Shopee,95000.0,5000.0,80000.0,Mã giảm 10k,Flash Sale,https://www.shopee.vn/search?q=8937523328293,2026-06-30 04:44:35
165,Lazada,103000.0,0.0,103000.0,,,https://www.lazada.vn/search?q=8937523328293,2026-06-30 04:44:35
165,TikTok Shop,104000.0,0.0,104000.0,,,https://www.tiktokshop.vn/search?q=8937523328293,2026-06-30 04:44:35
165,GrabMart,113000.0,0.0,113000.0,,,https://www.grabmart.vn/search?q=8937523328293,2026-06-30 04:44:35
165,Pharmacity,110000.0,6000.0,104000.0,,,https://www.pharmacity.vn/search?q=8937523328293,2026-06-30 04:44:35
165,Shopee,93000.0,0.0,93000.0,Freeship Extra,Flash Sale,https://www.shopee.vn/search?q=8937523328293,2026-07-01 04:44:35
165,Lazada,106000.0,5000.0,101000.0,,Combo mua 2 giảm 5%,https://www.lazada.vn/search?q=8937523328293,2026-07-01 04:44:35
165,TikTok Shop,104000.0,0.0,84000.0,Voucher Livestream 20k,Flash Sale hàng hiệu,https://www.tiktokshop.vn/search?q=8937523328293,2026-07-01 04:44:35
165,GrabMart,123000.0,0.0,123000.0,,,https://www.grabmart.vn/search?q=8937523328293,2026-07-01 04:44:35
165,Pharmacity,109000.0,0.0,109000.0,,,https://www.pharmacity.vn/search?q=8937523328293,2026-07-01 04:44:35
165,Shopee,95000.0,10000.0,85000.0,,,https://www.shopee.vn/search?q=8937523328293,2026-07-02 04:44:35
165,Lazada,97000.0,0.0,97000.0,,Combo mua 2 giảm 5%,https://www.lazada.vn/search?q=8937523328293,2026-07-02 04:44:35
165,TikTok Shop,103000.0,0.0,103000.0,,,https://www.tiktokshop.vn/search?q=8937523328293,2026-07-02 04:44:35
165,GrabMart,114000.0,0.0,114000.0,,,https://www.grabmart.vn/search?q=8937523328293,2026-07-02 04:44:35
165,Pharmacity,112000.0,0.0,112000.0,,,https://www.pharmacity.vn/search?q=8937523328293,2026-07-02 04:44:35
165,Shopee,93000.0,9000.0,74000.0,Mã giảm 10k,,https://www.shopee.vn/search?q=8937523328293,2026-07-03 04:44:35
165,Lazada,108000.0,11000.0,97000.0,,,https://www.lazada.vn/search?q=8937523328293,2026-07-03 04:44:35
165,TikTok Shop,97000.0,0.0,97000.0,,,https://www.tiktokshop.vn/search?q=8937523328293,2026-07-03 04:44:35
165,GrabMart,115000.0,0.0,115000.0,,,https://www.grabmart.vn/search?q=8937523328293,2026-07-03 04:44:35
165,Pharmacity,113000.0,0.0,113000.0,,,https://www.pharmacity.vn/search?q=8937523328293,2026-07-03 04:44:35
165,Shopee,100000.0,15000.0,75000.0,Mã giảm 10k,Flash Sale,https://www.shopee.vn/search?q=8937523328293,2026-07-04 04:44:35
165,Lazada,105000.0,0.0,105000.0,Voucher tích lũy,Combo mua 2 giảm 5%,https://www.lazada.vn/search?q=8937523328293,2026-07-04 04:44:35
165,TikTok Shop,95000.0,10000.0,65000.0,Voucher Livestream 20k,,https://www.tiktokshop.vn/search?q=8937523328293,2026-07-04 04:44:35
165,GrabMart,121000.0,0.0,121000.0,,,https://www.grabmart.vn/search?q=8937523328293,2026-07-04 04:44:35
165,Pharmacity,113000.0,0.0,113000.0,,,https://www.pharmacity.vn/search?q=8937523328293,2026-07-04 04:44:35
165,Shopee,109000.0,0.0,99000.0,Mã giảm 10k,Flash Sale,https://www.shopee.vn/search?q=8937523328293,2026-07-05 04:44:35
165,Lazada,104000.0,0.0,104000.0,Voucher tích lũy,,https://www.lazada.vn/search?q=8937523328293,2026-07-05 04:44:35
165,TikTok Shop,103000.0,10000.0,93000.0,,Flash Sale hàng hiệu,https://www.tiktokshop.vn/search?q=8937523328293,2026-07-05 04:44:35
165,GrabMart,119000.0,0.0,119000.0,,,https://www.grabmart.vn/search?q=8937523328293,2026-07-05 04:44:35
165,Pharmacity,114000.0,0.0,114000.0,,,https://www.pharmacity.vn/search?q=8937523328293,2026-07-05 04:44:35
165,Shopee,95000.0,0.0,95000.0,Freeship Extra,Flash Sale,https://www.shopee.vn/search?q=8937523328293,2026-07-06 04:44:35
165,Lazada,101000.0,10000.0,91000.0,Voucher tích lũy,Combo mua 2 giảm 5%,https://www.lazada.vn/search?q=8937523328293,2026-07-06 04:44:35
165,TikTok Shop,105000.0,16000.0,89000.0,,,https://www.tiktokshop.vn/search?q=8937523328293,2026-07-06 04:44:35
165,GrabMart,119000.0,0.0,119000.0,,,https://www.grabmart.vn/search?q=8937523328293,2026-07-06 04:44:35
165,Pharmacity,111000.0,6000.0,105000.0,,,https://www.pharmacity.vn/search?q=8937523328293,2026-07-06 04:44:35
166,Shopee,508000.0,76000.0,432000.0,Freeship Extra,,https://www.shopee.vn/search?q=8931101878033,2026-06-30 04:44:35
166,Lazada,484000.0,0.0,484000.0,Voucher tích lũy,,https://www.lazada.vn/search?q=8931101878033,2026-06-30 04:44:35
166,TikTok Shop,483000.0,48000.0,415000.0,Voucher Livestream 20k,,https://www.tiktokshop.vn/search?q=8931101878033,2026-06-30 04:44:35
166,GrabMart,576000.0,0.0,576000.0,,,https://www.grabmart.vn/search?q=8931101878033,2026-06-30 04:44:35
166,Pharmacity,528000.0,0.0,528000.0,,,https://www.pharmacity.vn/search?q=8931101878033,2026-06-30 04:44:35
166,Shopee,456000.0,46000.0,410000.0,Freeship Extra,Flash Sale,https://www.shopee.vn/search?q=8931101878033,2026-07-01 04:44:35
166,Lazada,454000.0,23000.0,431000.0,,Combo mua 2 giảm 5%,https://www.lazada.vn/search?q=8931101878033,2026-07-01 04:44:35
166,TikTok Shop,420000.0,0.0,420000.0,,Flash Sale hàng hiệu,https://www.tiktokshop.vn/search?q=8931101878033,2026-07-01 04:44:35
166,GrabMart,588000.0,0.0,588000.0,,,https://www.grabmart.vn/search?q=8931101878033,2026-07-01 04:44:35
166,Pharmacity,521000.0,0.0,521000.0,,,https://www.pharmacity.vn/search?q=8931101878033,2026-07-01 04:44:35
166,Shopee,446000.0,67000.0,379000.0,,,https://www.shopee.vn/search?q=8931101878033,2026-07-02 04:44:35
166,Lazada,444000.0,22000.0,422000.0,,,https://www.lazada.vn/search?q=8931101878033,2026-07-02 04:44:35
166,TikTok Shop,421000.0,0.0,401000.0,Voucher Livestream 20k,Flash Sale hàng hiệu,https://www.tiktokshop.vn/search?q=8931101878033,2026-07-02 04:44:35
166,GrabMart,566000.0,0.0,566000.0,,,https://www.grabmart.vn/search?q=8931101878033,2026-07-02 04:44:35
166,Pharmacity,504000.0,25000.0,479000.0,,,https://www.pharmacity.vn/search?q=8931101878033,2026-07-02 04:44:35
166,Shopee,497000.0,25000.0,472000.0,,,https://www.shopee.vn/search?q=8931101878033,2026-07-03 04:44:35
166,Lazada,486000.0,0.0,486000.0,,Combo mua 2 giảm 5%,https://www.lazada.vn/search?q=8931101878033,2026-07-03 04:44:35
166,TikTok Shop,436000.0,44000.0,392000.0,,Flash Sale hàng hiệu,https://www.tiktokshop.vn/search?q=8931101878033,2026-07-03 04:44:35
166,GrabMart,551000.0,0.0,551000.0,,,https://www.grabmart.vn/search?q=8931101878033,2026-07-03 04:44:35
166,Pharmacity,513000.0,26000.0,487000.0,,,https://www.pharmacity.vn/search?q=8931101878033,2026-07-03 04:44:35
166,Shopee,428000.0,64000.0,364000.0,,,https://www.shopee.vn/search?q=8931101878033,2026-07-04 04:44:35
166,Lazada,444000.0,22000.0,422000.0,Voucher tích lũy,Combo mua 2 giảm 5%,https://www.lazada.vn/search?q=8931101878033,2026-07-04 04:44:35
166,TikTok Shop,418000.0,42000.0,376000.0,,Flash Sale hàng hiệu,https://www.tiktokshop.vn/search?q=8931101878033,2026-07-04 04:44:35
166,GrabMart,551000.0,0.0,551000.0,,,https://www.grabmart.vn/search?q=8931101878033,2026-07-04 04:44:35
166,Pharmacity,517000.0,0.0,517000.0,,,https://www.pharmacity.vn/search?q=8931101878033,2026-07-04 04:44:35
166,Shopee,460000.0,23000.0,437000.0,,Flash Sale,https://www.shopee.vn/search?q=8931101878033,2026-07-05 04:44:35
166,Lazada,468000.0,23000.0,445000.0,,Combo mua 2 giảm 5%,https://www.lazada.vn/search?q=8931101878033,2026-07-05 04:44:35
166,TikTok Shop,488000.0,49000.0,419000.0,Voucher Livestream 20k,,https://www.tiktokshop.vn/search?q=8931101878033,2026-07-05 04:44:35
166,GrabMart,523000.0,0.0,523000.0,,,https://www.grabmart.vn/search?q=8931101878033,2026-07-05 04:44:35
166,Pharmacity,507000.0,0.0,507000.0,,,https://www.pharmacity.vn/search?q=8931101878033,2026-07-05 04:44:35
166,Shopee,429000.0,0.0,419000.0,Mã giảm 10k,Flash Sale,https://www.shopee.vn/search?q=8931101878033,2026-07-06 04:44:35
166,Lazada,476000.0,0.0,476000.0,,,https://www.lazada.vn/search?q=8931101878033,2026-07-06 04:44:35
166,TikTok Shop,466000.0,70000.0,396000.0,,,https://www.tiktokshop.vn/search?q=8931101878033,2026-07-06 04:44:35
166,GrabMart,559000.0,0.0,559000.0,,,https://www.grabmart.vn/search?q=8931101878033,2026-07-06 04:44:35
166,Pharmacity,499000.0,25000.0,474000.0,,,https://www.pharmacity.vn/search?q=8931101878033,2026-07-06 04:44:35
167,Shopee,353000.0,35000.0,318000.0,Freeship Extra,,https://www.shopee.vn/search?q=8939559636373,2026-06-30 04:44:35
167,Lazada,356000.0,18000.0,338000.0,,Combo mua 2 giảm 5%,https://www.lazada.vn/search?q=8939559636373,2026-06-30 04:44:35
167,TikTok Shop,373000.0,56000.0,317000.0,,Flash Sale hàng hiệu,https://www.tiktokshop.vn/search?q=8939559636373,2026-06-30 04:44:35
167,GrabMart,414000.0,0.0,414000.0,,,https://www.grabmart.vn/search?q=8939559636373,2026-06-30 04:44:35
167,Pharmacity,401000.0,0.0,401000.0,,,https://www.pharmacity.vn/search?q=8939559636373,2026-06-30 04:44:35
167,Shopee,357000.0,0.0,357000.0,,Flash Sale,https://www.shopee.vn/search?q=8939559636373,2026-07-01 04:44:35
167,Lazada,383000.0,0.0,383000.0,,,https://www.lazada.vn/search?q=8939559636373,2026-07-01 04:44:35
167,TikTok Shop,384000.0,0.0,384000.0,,,https://www.tiktokshop.vn/search?q=8939559636373,2026-07-01 04:44:35
167,GrabMart,414000.0,0.0,414000.0,,,https://www.grabmart.vn/search?q=8939559636373,2026-07-01 04:44:35
167,Pharmacity,419000.0,0.0,419000.0,,,https://www.pharmacity.vn/search?q=8939559636373,2026-07-01 04:44:35
167,Shopee,366000.0,37000.0,329000.0,Freeship Extra,,https://www.shopee.vn/search?q=8939559636373,2026-07-02 04:44:35
167,Lazada,389000.0,39000.0,350000.0,,Combo mua 2 giảm 5%,https://www.lazada.vn/search?q=8939559636373,2026-07-02 04:44:35
167,TikTok Shop,365000.0,55000.0,290000.0,Voucher Livestream 20k,Flash Sale hàng hiệu,https://www.tiktokshop.vn/search?q=8939559636373,2026-07-02 04:44:35
167,GrabMart,428000.0,0.0,428000.0,,,https://www.grabmart.vn/search?q=8939559636373,2026-07-02 04:44:35
167,Pharmacity,396000.0,0.0,396000.0,,,https://www.pharmacity.vn/search?q=8939559636373,2026-07-02 04:44:35
167,Shopee,377000.0,38000.0,339000.0,Freeship Extra,,https://www.shopee.vn/search?q=8939559636373,2026-07-03 04:44:35
167,Lazada,374000.0,19000.0,355000.0,,,https://www.lazada.vn/search?q=8939559636373,2026-07-03 04:44:35
167,TikTok Shop,332000.0,33000.0,299000.0,,Flash Sale hàng hiệu,https://www.tiktokshop.vn/search?q=8939559636373,2026-07-03 04:44:35
167,GrabMart,437000.0,0.0,437000.0,,,https://www.grabmart.vn/search?q=8939559636373,2026-07-03 04:44:35
167,Pharmacity,411000.0,0.0,411000.0,,,https://www.pharmacity.vn/search?q=8939559636373,2026-07-03 04:44:35
167,Shopee,397000.0,40000.0,357000.0,Freeship Extra,Flash Sale,https://www.shopee.vn/search?q=8939559636373,2026-07-04 04:44:35
167,Lazada,386000.0,19000.0,367000.0,Voucher tích lũy,Combo mua 2 giảm 5%,https://www.lazada.vn/search?q=8939559636373,2026-07-04 04:44:35
167,TikTok Shop,381000.0,0.0,361000.0,Voucher Livestream 20k,,https://www.tiktokshop.vn/search?q=8939559636373,2026-07-04 04:44:35
167,GrabMart,422000.0,0.0,422000.0,,,https://www.grabmart.vn/search?q=8939559636373,2026-07-04 04:44:35
167,Pharmacity,415000.0,0.0,415000.0,,,https://www.pharmacity.vn/search?q=8939559636373,2026-07-04 04:44:35
167,Shopee,382000.0,57000.0,325000.0,,,https://www.shopee.vn/search?q=8939559636373,2026-07-05 04:44:35
167,Lazada,358000.0,0.0,358000.0,,Combo mua 2 giảm 5%,https://www.lazada.vn/search?q=8939559636373,2026-07-05 04:44:35
167,TikTok Shop,375000.0,0.0,355000.0,Voucher Livestream 20k,,https://www.tiktokshop.vn/search?q=8939559636373,2026-07-05 04:44:35
167,GrabMart,448000.0,0.0,448000.0,,,https://www.grabmart.vn/search?q=8939559636373,2026-07-05 04:44:35
167,Pharmacity,411000.0,0.0,411000.0,,,https://www.pharmacity.vn/search?q=8939559636373,2026-07-05 04:44:35
167,Shopee,361000.0,54000.0,307000.0,Freeship Extra,,https://www.shopee.vn/search?q=8939559636373,2026-07-06 04:44:35
167,Lazada,359000.0,36000.0,323000.0,Voucher tích lũy,,https://www.lazada.vn/search?q=8939559636373,2026-07-06 04:44:35
167,TikTok Shop,384000.0,38000.0,326000.0,Voucher Livestream 20k,,https://www.tiktokshop.vn/search?q=8939559636373,2026-07-06 04:44:35
167,GrabMart,451000.0,0.0,451000.0,,,https://www.grabmart.vn/search?q=8939559636373,2026-07-06 04:44:35
167,Pharmacity,410000.0,0.0,410000.0,,,https://www.pharmacity.vn/search?q=8939559636373,2026-07-06 04:44:35
168,Shopee,153000.0,8000.0,145000.0,Freeship Extra,Flash Sale,https://www.shopee.vn/search?q=8930366602001,2026-06-30 04:44:35
168,Lazada,138000.0,7000.0,131000.0,,,https://www.lazada.vn/search?q=8930366602001,2026-06-30 04:44:35
168,TikTok Shop,125000.0,19000.0,106000.0,,Flash Sale hàng hiệu,https://www.tiktokshop.vn/search?q=8930366602001,2026-06-30 04:44:35
168,GrabMart,175000.0,0.0,175000.0,,,https://www.grabmart.vn/search?q=8930366602001,2026-06-30 04:44:35
168,Pharmacity,153000.0,0.0,153000.0,,,https://www.pharmacity.vn/search?q=8930366602001,2026-06-30 04:44:35
168,Shopee,143000.0,0.0,133000.0,Mã giảm 10k,,https://www.shopee.vn/search?q=8930366602001,2026-07-01 04:44:35
168,Lazada,151000.0,15000.0,136000.0,,,https://www.lazada.vn/search?q=8930366602001,2026-07-01 04:44:35
168,TikTok Shop,126000.0,13000.0,93000.0,Voucher Livestream 20k,,https://www.tiktokshop.vn/search?q=8930366602001,2026-07-01 04:44:35
168,GrabMart,175000.0,0.0,175000.0,,,https://www.grabmart.vn/search?q=8930366602001,2026-07-01 04:44:35
168,Pharmacity,158000.0,0.0,158000.0,,,https://www.pharmacity.vn/search?q=8930366602001,2026-07-01 04:44:35
168,Shopee,151000.0,8000.0,143000.0,Freeship Extra,,https://www.shopee.vn/search?q=8930366602001,2026-07-02 04:44:35
168,Lazada,151000.0,15000.0,136000.0,Voucher tích lũy,,https://www.lazada.vn/search?q=8930366602001,2026-07-02 04:44:35
168,TikTok Shop,130000.0,13000.0,97000.0,Voucher Livestream 20k,,https://www.tiktokshop.vn/search?q=8930366602001,2026-07-02 04:44:35
168,GrabMart,167000.0,0.0,167000.0,,,https://www.grabmart.vn/search?q=8930366602001,2026-07-02 04:44:35
168,Pharmacity,157000.0,8000.0,149000.0,,,https://www.pharmacity.vn/search?q=8930366602001,2026-07-02 04:44:35
168,Shopee,134000.0,20000.0,114000.0,,,https://www.shopee.vn/search?q=8930366602001,2026-07-03 04:44:35
168,Lazada,142000.0,7000.0,135000.0,,,https://www.lazada.vn/search?q=8930366602001,2026-07-03 04:44:35
168,TikTok Shop,149000.0,0.0,149000.0,,,https://www.tiktokshop.vn/search?q=8930366602001,2026-07-03 04:44:35
168,GrabMart,159000.0,0.0,159000.0,,,https://www.grabmart.vn/search?q=8930366602001,2026-07-03 04:44:35
168,Pharmacity,152000.0,0.0,152000.0,,,https://www.pharmacity.vn/search?q=8930366602001,2026-07-03 04:44:35
168,Shopee,132000.0,7000.0,115000.0,Mã giảm 10k,,https://www.shopee.vn/search?q=8930366602001,2026-07-04 04:44:35
168,Lazada,143000.0,14000.0,129000.0,,Combo mua 2 giảm 5%,https://www.lazada.vn/search?q=8930366602001,2026-07-04 04:44:35
168,TikTok Shop,133000.0,20000.0,113000.0,,Flash Sale hàng hiệu,https://www.tiktokshop.vn/search?q=8930366602001,2026-07-04 04:44:35
168,GrabMart,178000.0,0.0,178000.0,,,https://www.grabmart.vn/search?q=8930366602001,2026-07-04 04:44:35
168,Pharmacity,155000.0,8000.0,147000.0,,,https://www.pharmacity.vn/search?q=8930366602001,2026-07-04 04:44:35
168,Shopee,132000.0,0.0,122000.0,Mã giảm 10k,Flash Sale,https://www.shopee.vn/search?q=8930366602001,2026-07-05 04:44:35
168,Lazada,150000.0,0.0,150000.0,,,https://www.lazada.vn/search?q=8930366602001,2026-07-05 04:44:35
168,TikTok Shop,146000.0,15000.0,131000.0,,,https://www.tiktokshop.vn/search?q=8930366602001,2026-07-05 04:44:35
168,GrabMart,170000.0,0.0,170000.0,,,https://www.grabmart.vn/search?q=8930366602001,2026-07-05 04:44:35
168,Pharmacity,155000.0,8000.0,147000.0,,,https://www.pharmacity.vn/search?q=8930366602001,2026-07-05 04:44:35
168,Shopee,153000.0,0.0,143000.0,Mã giảm 10k,,https://www.shopee.vn/search?q=8930366602001,2026-07-06 04:44:35
168,Lazada,141000.0,14000.0,127000.0,Voucher tích lũy,,https://www.lazada.vn/search?q=8930366602001,2026-07-06 04:44:35
168,TikTok Shop,138000.0,14000.0,104000.0,Voucher Livestream 20k,Flash Sale hàng hiệu,https://www.tiktokshop.vn/search?q=8930366602001,2026-07-06 04:44:35
168,GrabMart,159000.0,0.0,159000.0,,,https://www.grabmart.vn/search?q=8930366602001,2026-07-06 04:44:35
168,Pharmacity,157000.0,0.0,157000.0,,,https://www.pharmacity.vn/search?q=8930366602001,2026-07-06 04:44:35
169,Shopee,116000.0,6000.0,100000.0,Mã giảm 10k,Flash Sale,https://www.shopee.vn/search?q=8936862959120,2026-06-30 04:44:35
169,Lazada,120000.0,6000.0,114000.0,Voucher tích lũy,,https://www.lazada.vn/search?q=8936862959120,2026-06-30 04:44:35
169,TikTok Shop,125000.0,19000.0,86000.0,Voucher Livestream 20k,,https://www.tiktokshop.vn/search?q=8936862959120,2026-06-30 04:44:35
169,GrabMart,146000.0,0.0,146000.0,,,https://www.grabmart.vn/search?q=8936862959120,2026-06-30 04:44:35
169,Pharmacity,135000.0,7000.0,128000.0,,,https://www.pharmacity.vn/search?q=8936862959120,2026-06-30 04:44:35
169,Shopee,118000.0,18000.0,100000.0,,Flash Sale,https://www.shopee.vn/search?q=8936862959120,2026-07-01 04:44:35
169,Lazada,123000.0,6000.0,117000.0,,Combo mua 2 giảm 5%,https://www.lazada.vn/search?q=8936862959120,2026-07-01 04:44:35
169,TikTok Shop,120000.0,12000.0,88000.0,Voucher Livestream 20k,,https://www.tiktokshop.vn/search?q=8936862959120,2026-07-01 04:44:35
169,GrabMart,146000.0,0.0,146000.0,,,https://www.grabmart.vn/search?q=8936862959120,2026-07-01 04:44:35
169,Pharmacity,135000.0,7000.0,128000.0,,,https://www.pharmacity.vn/search?q=8936862959120,2026-07-01 04:44:35
169,Shopee,119000.0,18000.0,91000.0,Mã giảm 10k,Flash Sale,https://www.shopee.vn/search?q=8936862959120,2026-07-02 04:44:35
169,Lazada,127000.0,13000.0,114000.0,Voucher tích lũy,Combo mua 2 giảm 5%,https://www.lazada.vn/search?q=8936862959120,2026-07-02 04:44:35
169,TikTok Shop,114000.0,17000.0,97000.0,,Flash Sale hàng hiệu,https://www.tiktokshop.vn/search?q=8936862959120,2026-07-02 04:44:35
169,GrabMart,136000.0,0.0,136000.0,,,https://www.grabmart.vn/search?q=8936862959120,2026-07-02 04:44:35
169,Pharmacity,134000.0,7000.0,127000.0,,,https://www.pharmacity.vn/search?q=8936862959120,2026-07-02 04:44:35
169,Shopee,130000.0,13000.0,117000.0,,Flash Sale,https://www.shopee.vn/search?q=8936862959120,2026-07-03 04:44:35
169,Lazada,128000.0,13000.0,115000.0,,Combo mua 2 giảm 5%,https://www.lazada.vn/search?q=8936862959120,2026-07-03 04:44:35
169,TikTok Shop,114000.0,17000.0,97000.0,,Flash Sale hàng hiệu,https://www.tiktokshop.vn/search?q=8936862959120,2026-07-03 04:44:35
169,GrabMart,140000.0,0.0,140000.0,,,https://www.grabmart.vn/search?q=8936862959120,2026-07-03 04:44:35
169,Pharmacity,130000.0,0.0,130000.0,,,https://www.pharmacity.vn/search?q=8936862959120,2026-07-03 04:44:35
169,Shopee,126000.0,19000.0,107000.0,,Flash Sale,https://www.shopee.vn/search?q=8936862959120,2026-07-04 04:44:35
169,Lazada,132000.0,0.0,132000.0,,,https://www.lazada.vn/search?q=8936862959120,2026-07-04 04:44:35
169,TikTok Shop,117000.0,12000.0,105000.0,,Flash Sale hàng hiệu,https://www.tiktokshop.vn/search?q=8936862959120,2026-07-04 04:44:35
169,GrabMart,142000.0,0.0,142000.0,,,https://www.grabmart.vn/search?q=8936862959120,2026-07-04 04:44:35
169,Pharmacity,135000.0,0.0,135000.0,,,https://www.pharmacity.vn/search?q=8936862959120,2026-07-04 04:44:35
169,Shopee,112000.0,6000.0,96000.0,Mã giảm 10k,Flash Sale,https://www.shopee.vn/search?q=8936862959120,2026-07-05 04:44:35
169,Lazada,122000.0,0.0,122000.0,,,https://www.lazada.vn/search?q=8936862959120,2026-07-05 04:44:35
169,TikTok Shop,120000.0,18000.0,102000.0,,,https://www.tiktokshop.vn/search?q=8936862959120,2026-07-05 04:44:35
169,GrabMart,141000.0,0.0,141000.0,,,https://www.grabmart.vn/search?q=8936862959120,2026-07-05 04:44:35
169,Pharmacity,132000.0,0.0,132000.0,,,https://www.pharmacity.vn/search?q=8936862959120,2026-07-05 04:44:35
169,Shopee,125000.0,19000.0,96000.0,Mã giảm 10k,,https://www.shopee.vn/search?q=8936862959120,2026-07-06 04:44:35
169,Lazada,125000.0,6000.0,119000.0,,,https://www.lazada.vn/search?q=8936862959120,2026-07-06 04:44:35
169,TikTok Shop,111000.0,11000.0,80000.0,Voucher Livestream 20k,,https://www.tiktokshop.vn/search?q=8936862959120,2026-07-06 04:44:35
169,GrabMart,135000.0,0.0,135000.0,,,https://www.grabmart.vn/search?q=8936862959120,2026-07-06 04:44:35
169,Pharmacity,132000.0,7000.0,125000.0,,,https://www.pharmacity.vn/search?q=8936862959120,2026-07-06 04:44:35
170,Shopee,504000.0,50000.0,444000.0,Mã giảm 10k,Flash Sale,https://www.shopee.vn/search?q=8939530564183,2026-06-30 04:44:35
170,Lazada,486000.0,49000.0,437000.0,Voucher tích lũy,,https://www.lazada.vn/search?q=8939530564183,2026-06-30 04:44:35
170,TikTok Shop,474000.0,71000.0,383000.0,Voucher Livestream 20k,,https://www.tiktokshop.vn/search?q=8939530564183,2026-06-30 04:44:35
170,GrabMart,554000.0,0.0,554000.0,,,https://www.grabmart.vn/search?q=8939530564183,2026-06-30 04:44:35
170,Pharmacity,527000.0,0.0,527000.0,,,https://www.pharmacity.vn/search?q=8939530564183,2026-06-30 04:44:35
170,Shopee,438000.0,22000.0,406000.0,Mã giảm 10k,Flash Sale,https://www.shopee.vn/search?q=8939530564183,2026-07-01 04:44:35
170,Lazada,507000.0,0.0,507000.0,,,https://www.lazada.vn/search?q=8939530564183,2026-07-01 04:44:35
170,TikTok Shop,442000.0,44000.0,378000.0,Voucher Livestream 20k,Flash Sale hàng hiệu,https://www.tiktokshop.vn/search?q=8939530564183,2026-07-01 04:44:35
170,GrabMart,530000.0,0.0,530000.0,,,https://www.grabmart.vn/search?q=8939530564183,2026-07-01 04:44:35
170,Pharmacity,525000.0,0.0,525000.0,,,https://www.pharmacity.vn/search?q=8939530564183,2026-07-01 04:44:35
170,Shopee,468000.0,47000.0,421000.0,Freeship Extra,Flash Sale,https://www.shopee.vn/search?q=8939530564183,2026-07-02 04:44:35
170,Lazada,511000.0,51000.0,460000.0,Voucher tích lũy,Combo mua 2 giảm 5%,https://www.lazada.vn/search?q=8939530564183,2026-07-02 04:44:35
170,TikTok Shop,433000.0,0.0,413000.0,Voucher Livestream 20k,,https://www.tiktokshop.vn/search?q=8939530564183,2026-07-02 04:44:35
170,GrabMart,585000.0,0.0,585000.0,,,https://www.grabmart.vn/search?q=8939530564183,2026-07-02 04:44:35
170,Pharmacity,508000.0,25000.0,483000.0,,,https://www.pharmacity.vn/search?q=8939530564183,2026-07-02 04:44:35
170,Shopee,511000.0,77000.0,424000.0,Mã giảm 10k,,https://www.shopee.vn/search?q=8939530564183,2026-07-03 04:44:35
170,Lazada,470000.0,24000.0,446000.0,,,https://www.lazada.vn/search?q=8939530564183,2026-07-03 04:44:35
170,TikTok Shop,498000.0,0.0,498000.0,,,https://www.tiktokshop.vn/search?q=8939530564183,2026-07-03 04:44:35
170,GrabMart,547000.0,0.0,547000.0,,,https://www.grabmart.vn/search?q=8939530564183,2026-07-03 04:44:35
170,Pharmacity,511000.0,26000.0,485000.0,,,https://www.pharmacity.vn/search?q=8939530564183,2026-07-03 04:44:35
170,Shopee,472000.0,0.0,462000.0,Mã giảm 10k,Flash Sale,https://www.shopee.vn/search?q=8939530564183,2026-07-04 04:44:35
170,Lazada,470000.0,24000.0,446000.0,Voucher tích lũy,Combo mua 2 giảm 5%,https://www.lazada.vn/search?q=8939530564183,2026-07-04 04:44:35
170,TikTok Shop,477000.0,48000.0,409000.0,Voucher Livestream 20k,,https://www.tiktokshop.vn/search?q=8939530564183,2026-07-04 04:44:35
170,GrabMart,569000.0,0.0,569000.0,,,https://www.grabmart.vn/search?q=8939530564183,2026-07-04 04:44:35
170,Pharmacity,515000.0,0.0,515000.0,,,https://www.pharmacity.vn/search?q=8939530564183,2026-07-04 04:44:35
170,Shopee,506000.0,25000.0,481000.0,Freeship Extra,,https://www.shopee.vn/search?q=8939530564183,2026-07-05 04:44:35
170,Lazada,470000.0,24000.0,446000.0,,,https://www.lazada.vn/search?q=8939530564183,2026-07-05 04:44:35
170,TikTok Shop,443000.0,66000.0,357000.0,Voucher Livestream 20k,,https://www.tiktokshop.vn/search?q=8939530564183,2026-07-05 04:44:35
170,GrabMart,527000.0,0.0,527000.0,,,https://www.grabmart.vn/search?q=8939530564183,2026-07-05 04:44:35
170,Pharmacity,529000.0,0.0,529000.0,,,https://www.pharmacity.vn/search?q=8939530564183,2026-07-05 04:44:35
170,Shopee,435000.0,22000.0,403000.0,Mã giảm 10k,,https://www.shopee.vn/search?q=8939530564183,2026-07-06 04:44:35
170,Lazada,492000.0,0.0,492000.0,,Combo mua 2 giảm 5%,https://www.lazada.vn/search?q=8939530564183,2026-07-06 04:44:35
170,TikTok Shop,439000.0,66000.0,373000.0,,Flash Sale hàng hiệu,https://www.tiktokshop.vn/search?q=8939530564183,2026-07-06 04:44:35
170,GrabMart,560000.0,0.0,560000.0,,,https://www.grabmart.vn/search?q=8939530564183,2026-07-06 04:44:35
170,Pharmacity,519000.0,26000.0,493000.0,,,https://www.pharmacity.vn/search?q=8939530564183,2026-07-06 04:44:35
171,Shopee,432000.0,43000.0,389000.0,,Flash Sale,https://www.shopee.vn/search?q=8935585229428,2026-06-30 04:44:35
171,Lazada,443000.0,44000.0,399000.0,Voucher tích lũy,Combo mua 2 giảm 5%,https://www.lazada.vn/search?q=8935585229428,2026-06-30 04:44:35
171,TikTok Shop,435000.0,0.0,415000.0,Voucher Livestream 20k,,https://www.tiktokshop.vn/search?q=8935585229428,2026-06-30 04:44:35
171,GrabMart,506000.0,0.0,506000.0,,,https://www.grabmart.vn/search?q=8935585229428,2026-06-30 04:44:35
171,Pharmacity,519000.0,0.0,519000.0,,,https://www.pharmacity.vn/search?q=8935585229428,2026-06-30 04:44:35
171,Shopee,450000.0,0.0,440000.0,Mã giảm 10k,Flash Sale,https://www.shopee.vn/search?q=8935585229428,2026-07-01 04:44:35
171,Lazada,464000.0,23000.0,441000.0,Voucher tích lũy,,https://www.lazada.vn/search?q=8935585229428,2026-07-01 04:44:35
171,TikTok Shop,468000.0,70000.0,398000.0,,Flash Sale hàng hiệu,https://www.tiktokshop.vn/search?q=8935585229428,2026-07-01 04:44:35
171,GrabMart,565000.0,0.0,565000.0,,,https://www.grabmart.vn/search?q=8935585229428,2026-07-01 04:44:35
171,Pharmacity,497000.0,25000.0,472000.0,,,https://www.pharmacity.vn/search?q=8935585229428,2026-07-01 04:44:35
171,Shopee,430000.0,64000.0,366000.0,,Flash Sale,https://www.shopee.vn/search?q=8935585229428,2026-07-02 04:44:35
171,Lazada,471000.0,47000.0,424000.0,Voucher tích lũy,,https://www.lazada.vn/search?q=8935585229428,2026-07-02 04:44:35
171,TikTok Shop,427000.0,64000.0,363000.0,,,https://www.tiktokshop.vn/search?q=8935585229428,2026-07-02 04:44:35
171,GrabMart,529000.0,0.0,529000.0,,,https://www.grabmart.vn/search?q=8935585229428,2026-07-02 04:44:35
171,Pharmacity,504000.0,0.0,504000.0,,,https://www.pharmacity.vn/search?q=8935585229428,2026-07-02 04:44:35
171,Shopee,439000.0,0.0,439000.0,Freeship Extra,,https://www.shopee.vn/search?q=8935585229428,2026-07-03 04:44:35
171,Lazada,462000.0,0.0,462000.0,,,https://www.lazada.vn/search?q=8935585229428,2026-07-03 04:44:35
171,TikTok Shop,473000.0,71000.0,402000.0,,Flash Sale hàng hiệu,https://www.tiktokshop.vn/search?q=8935585229428,2026-07-03 04:44:35
171,GrabMart,578000.0,0.0,578000.0,,,https://www.grabmart.vn/search?q=8935585229428,2026-07-03 04:44:35
171,Pharmacity,505000.0,0.0,505000.0,,,https://www.pharmacity.vn/search?q=8935585229428,2026-07-03 04:44:35
171,Shopee,487000.0,0.0,477000.0,Mã giảm 10k,,https://www.shopee.vn/search?q=8935585229428,2026-07-04 04:44:35
171,Lazada,465000.0,23000.0,442000.0,,,https://www.lazada.vn/search?q=8935585229428,2026-07-04 04:44:35
171,TikTok Shop,429000.0,64000.0,345000.0,Voucher Livestream 20k,,https://www.tiktokshop.vn/search?q=8935585229428,2026-07-04 04:44:35
171,GrabMart,528000.0,0.0,528000.0,,,https://www.grabmart.vn/search?q=8935585229428,2026-07-04 04:44:35
171,Pharmacity,489000.0,0.0,489000.0,,,https://www.pharmacity.vn/search?q=8935585229428,2026-07-04 04:44:35
171,Shopee,431000.0,43000.0,378000.0,Mã giảm 10k,Flash Sale,https://www.shopee.vn/search?q=8935585229428,2026-07-05 04:44:35
171,Lazada,487000.0,0.0,487000.0,Voucher tích lũy,,https://www.lazada.vn/search?q=8935585229428,2026-07-05 04:44:35
171,TikTok Shop,445000.0,67000.0,378000.0,,,https://www.tiktokshop.vn/search?q=8935585229428,2026-07-05 04:44:35
171,GrabMart,543000.0,0.0,543000.0,,,https://www.grabmart.vn/search?q=8935585229428,2026-07-05 04:44:35
171,Pharmacity,517000.0,26000.0,491000.0,,,https://www.pharmacity.vn/search?q=8935585229428,2026-07-05 04:44:35
171,Shopee,455000.0,68000.0,387000.0,,Flash Sale,https://www.shopee.vn/search?q=8935585229428,2026-07-06 04:44:35
171,Lazada,453000.0,23000.0,430000.0,Voucher tích lũy,,https://www.lazada.vn/search?q=8935585229428,2026-07-06 04:44:35
171,TikTok Shop,465000.0,46000.0,399000.0,Voucher Livestream 20k,,https://www.tiktokshop.vn/search?q=8935585229428,2026-07-06 04:44:35
171,GrabMart,550000.0,0.0,550000.0,,,https://www.grabmart.vn/search?q=8935585229428,2026-07-06 04:44:35
171,Pharmacity,501000.0,0.0,501000.0,,,https://www.pharmacity.vn/search?q=8935585229428,2026-07-06 04:44:35
172,Shopee,98000.0,0.0,98000.0,,Flash Sale,https://www.shopee.vn/search?q=8932999466456,2026-06-30 04:44:35
172,Lazada,95000.0,10000.0,85000.0,,,https://www.lazada.vn/search?q=8932999466456,2026-06-30 04:44:35
172,TikTok Shop,97000.0,15000.0,62000.0,Voucher Livestream 20k,,https://www.tiktokshop.vn/search?q=8932999466456,2026-06-30 04:44:35
172,GrabMart,105000.0,0.0,105000.0,,,https://www.grabmart.vn/search?q=8932999466456,2026-06-30 04:44:35
172,Pharmacity,100000.0,5000.0,95000.0,,,https://www.pharmacity.vn/search?q=8932999466456,2026-06-30 04:44:35
172,Shopee,97000.0,10000.0,77000.0,Mã giảm 10k,,https://www.shopee.vn/search?q=8932999466456,2026-07-01 04:44:35
172,Lazada,98000.0,5000.0,93000.0,Voucher tích lũy,Combo mua 2 giảm 5%,https://www.lazada.vn/search?q=8932999466456,2026-07-01 04:44:35
172,TikTok Shop,94000.0,14000.0,60000.0,Voucher Livestream 20k,Flash Sale hàng hiệu,https://www.tiktokshop.vn/search?q=8932999466456,2026-07-01 04:44:35
172,GrabMart,110000.0,0.0,110000.0,,,https://www.grabmart.vn/search?q=8932999466456,2026-07-01 04:44:35
172,Pharmacity,104000.0,5000.0,99000.0,,,https://www.pharmacity.vn/search?q=8932999466456,2026-07-01 04:44:35
172,Shopee,100000.0,15000.0,75000.0,Mã giảm 10k,Flash Sale,https://www.shopee.vn/search?q=8932999466456,2026-07-02 04:44:35
172,Lazada,99000.0,0.0,99000.0,,,https://www.lazada.vn/search?q=8932999466456,2026-07-02 04:44:35
172,TikTok Shop,86000.0,0.0,66000.0,Voucher Livestream 20k,Flash Sale hàng hiệu,https://www.tiktokshop.vn/search?q=8932999466456,2026-07-02 04:44:35
172,GrabMart,115000.0,0.0,115000.0,,,https://www.grabmart.vn/search?q=8932999466456,2026-07-02 04:44:35
172,Pharmacity,104000.0,0.0,104000.0,,,https://www.pharmacity.vn/search?q=8932999466456,2026-07-02 04:44:35
172,Shopee,100000.0,10000.0,90000.0,Freeship Extra,,https://www.shopee.vn/search?q=8932999466456,2026-07-03 04:44:35
172,Lazada,97000.0,5000.0,92000.0,,Combo mua 2 giảm 5%,https://www.lazada.vn/search?q=8932999466456,2026-07-03 04:44:35
172,TikTok Shop,83000.0,8000.0,55000.0,Voucher Livestream 20k,Flash Sale hàng hiệu,https://www.tiktokshop.vn/search?q=8932999466456,2026-07-03 04:44:35
172,GrabMart,118000.0,0.0,118000.0,,,https://www.grabmart.vn/search?q=8932999466456,2026-07-03 04:44:35
172,Pharmacity,106000.0,5000.0,101000.0,,,https://www.pharmacity.vn/search?q=8932999466456,2026-07-03 04:44:35
172,Shopee,100000.0,5000.0,85000.0,Mã giảm 10k,Flash Sale,https://www.shopee.vn/search?q=8932999466456,2026-07-04 04:44:35
172,Lazada,99000.0,0.0,99000.0,Voucher tích lũy,,https://www.lazada.vn/search?q=8932999466456,2026-07-04 04:44:35
172,TikTok Shop,85000.0,13000.0,72000.0,,,https://www.tiktokshop.vn/search?q=8932999466456,2026-07-04 04:44:35
172,GrabMart,106000.0,0.0,106000.0,,,https://www.grabmart.vn/search?q=8932999466456,2026-07-04 04:44:35
172,Pharmacity,104000.0,5000.0,99000.0,,,https://www.pharmacity.vn/search?q=8932999466456,2026-07-04 04:44:35
172,Shopee,100000.0,0.0,100000.0,,,https://www.shopee.vn/search?q=8932999466456,2026-07-05 04:44:35
172,Lazada,97000.0,5000.0,92000.0,,Combo mua 2 giảm 5%,https://www.lazada.vn/search?q=8932999466456,2026-07-05 04:44:35
172,TikTok Shop,99000.0,10000.0,89000.0,,,https://www.tiktokshop.vn/search?q=8932999466456,2026-07-05 04:44:35
172,GrabMart,115000.0,0.0,115000.0,,,https://www.grabmart.vn/search?q=8932999466456,2026-07-05 04:44:35
172,Pharmacity,104000.0,0.0,104000.0,,,https://www.pharmacity.vn/search?q=8932999466456,2026-07-05 04:44:35
172,Shopee,100000.0,15000.0,75000.0,Mã giảm 10k,,https://www.shopee.vn/search?q=8932999466456,2026-07-06 04:44:35
172,Lazada,94000.0,0.0,94000.0,Voucher tích lũy,Combo mua 2 giảm 5%,https://www.lazada.vn/search?q=8932999466456,2026-07-06 04:44:35
172,TikTok Shop,93000.0,0.0,73000.0,Voucher Livestream 20k,,https://www.tiktokshop.vn/search?q=8932999466456,2026-07-06 04:44:35
172,GrabMart,113000.0,0.0,113000.0,,,https://www.grabmart.vn/search?q=8932999466456,2026-07-06 04:44:35
172,Pharmacity,105000.0,0.0,105000.0,,,https://www.pharmacity.vn/search?q=8932999466456,2026-07-06 04:44:35
173,Shopee,421000.0,21000.0,400000.0,Freeship Extra,Flash Sale,https://www.shopee.vn/search?q=8933260119392,2026-06-30 04:44:35
173,Lazada,434000.0,43000.0,391000.0,Voucher tích lũy,Combo mua 2 giảm 5%,https://www.lazada.vn/search?q=8933260119392,2026-06-30 04:44:35
173,TikTok Shop,397000.0,60000.0,317000.0,Voucher Livestream 20k,,https://www.tiktokshop.vn/search?q=8933260119392,2026-06-30 04:44:35
173,GrabMart,524000.0,0.0,524000.0,,,https://www.grabmart.vn/search?q=8933260119392,2026-06-30 04:44:35
173,Pharmacity,488000.0,24000.0,464000.0,,,https://www.pharmacity.vn/search?q=8933260119392,2026-06-30 04:44:35
173,Shopee,466000.0,0.0,466000.0,Freeship Extra,,https://www.shopee.vn/search?q=8933260119392,2026-07-01 04:44:35
173,Lazada,419000.0,21000.0,398000.0,,,https://www.lazada.vn/search?q=8933260119392,2026-07-01 04:44:35
173,TikTok Shop,410000.0,62000.0,328000.0,Voucher Livestream 20k,,https://www.tiktokshop.vn/search?q=8933260119392,2026-07-01 04:44:35
173,GrabMart,510000.0,0.0,510000.0,,,https://www.grabmart.vn/search?q=8933260119392,2026-07-01 04:44:35
173,Pharmacity,495000.0,25000.0,470000.0,,,https://www.pharmacity.vn/search?q=8933260119392,2026-07-01 04:44:35
173,Shopee,418000.0,63000.0,355000.0,,Flash Sale,https://www.shopee.vn/search?q=8933260119392,2026-07-02 04:44:35
173,Lazada,421000.0,42000.0,379000.0,Voucher tích lũy,Combo mua 2 giảm 5%,https://www.lazada.vn/search?q=8933260119392,2026-07-02 04:44:35
173,TikTok Shop,431000.0,0.0,411000.0,Voucher Livestream 20k,,https://www.tiktokshop.vn/search?q=8933260119392,2026-07-02 04:44:35
173,GrabMart,541000.0,0.0,541000.0,,,https://www.grabmart.vn/search?q=8933260119392,2026-07-02 04:44:35
173,Pharmacity,467000.0,0.0,467000.0,,,https://www.pharmacity.vn/search?q=8933260119392,2026-07-02 04:44:35
173,Shopee,450000.0,45000.0,395000.0,Mã giảm 10k,,https://www.shopee.vn/search?q=8933260119392,2026-07-03 04:44:35
173,Lazada,438000.0,22000.0,416000.0,Voucher tích lũy,,https://www.lazada.vn/search?q=8933260119392,2026-07-03 04:44:35
173,TikTok Shop,394000.0,39000.0,335000.0,Voucher Livestream 20k,Flash Sale hàng hiệu,https://www.tiktokshop.vn/search?q=8933260119392,2026-07-03 04:44:35
173,GrabMart,498000.0,0.0,498000.0,,,https://www.grabmart.vn/search?q=8933260119392,2026-07-03 04:44:35
173,Pharmacity,481000.0,0.0,481000.0,,,https://www.pharmacity.vn/search?q=8933260119392,2026-07-03 04:44:35
173,Shopee,429000.0,0.0,429000.0,,Flash Sale,https://www.shopee.vn/search?q=8933260119392,2026-07-04 04:44:35
173,Lazada,433000.0,22000.0,411000.0,,,https://www.lazada.vn/search?q=8933260119392,2026-07-04 04:44:35
173,TikTok Shop,452000.0,0.0,432000.0,Voucher Livestream 20k,Flash Sale hàng hiệu,https://www.tiktokshop.vn/search?q=8933260119392,2026-07-04 04:44:35
173,GrabMart,493000.0,0.0,493000.0,,,https://www.grabmart.vn/search?q=8933260119392,2026-07-04 04:44:35
173,Pharmacity,466000.0,0.0,466000.0,,,https://www.pharmacity.vn/search?q=8933260119392,2026-07-04 04:44:35
173,Shopee,444000.0,67000.0,377000.0,Freeship Extra,Flash Sale,https://www.shopee.vn/search?q=8933260119392,2026-07-05 04:44:35
173,Lazada,440000.0,22000.0,418000.0,,Combo mua 2 giảm 5%,https://www.lazada.vn/search?q=8933260119392,2026-07-05 04:44:35
173,TikTok Shop,401000.0,0.0,381000.0,Voucher Livestream 20k,Flash Sale hàng hiệu,https://www.tiktokshop.vn/search?q=8933260119392,2026-07-05 04:44:35
173,GrabMart,499000.0,0.0,499000.0,,,https://www.grabmart.vn/search?q=8933260119392,2026-07-05 04:44:35
173,Pharmacity,492000.0,25000.0,467000.0,,,https://www.pharmacity.vn/search?q=8933260119392,2026-07-05 04:44:35
173,Shopee,408000.0,0.0,408000.0,Freeship Extra,Flash Sale,https://www.shopee.vn/search?q=8933260119392,2026-07-06 04:44:35
173,Lazada,472000.0,24000.0,448000.0,,Combo mua 2 giảm 5%,https://www.lazada.vn/search?q=8933260119392,2026-07-06 04:44:35
173,TikTok Shop,429000.0,64000.0,345000.0,Voucher Livestream 20k,Flash Sale hàng hiệu,https://www.tiktokshop.vn/search?q=8933260119392,2026-07-06 04:44:35
173,GrabMart,543000.0,0.0,543000.0,,,https://www.grabmart.vn/search?q=8933260119392,2026-07-06 04:44:35
173,Pharmacity,466000.0,23000.0,443000.0,,,https://www.pharmacity.vn/search?q=8933260119392,2026-07-06 04:44:35
174,Shopee,0.0,0.0,0.0,Freeship Extra,,https://www.shopee.vn/search?q=8938802730424,2026-06-30 04:44:35
174,Lazada,0.0,0.0,0.0,Voucher tích lũy,Combo mua 2 giảm 5%,https://www.lazada.vn/search?q=8938802730424,2026-06-30 04:44:35
174,TikTok Shop,0.0,0.0,0.0,,Flash Sale hàng hiệu,https://www.tiktokshop.vn/search?q=8938802730424,2026-06-30 04:44:35
174,GrabMart,0.0,0.0,0.0,,,https://www.grabmart.vn/search?q=8938802730424,2026-06-30 04:44:35
174,Pharmacity,0.0,0.0,0.0,,,https://www.pharmacity.vn/search?q=8938802730424,2026-06-30 04:44:35
174,Shopee,0.0,0.0,1000,Mã giảm 10k,Flash Sale,https://www.shopee.vn/search?q=8938802730424,2026-07-01 04:44:35
174,Lazada,0.0,0.0,0.0,,,https://www.lazada.vn/search?q=8938802730424,2026-07-01 04:44:35
174,TikTok Shop,0.0,0.0,1000,Voucher Livestream 20k,Flash Sale hàng hiệu,https://www.tiktokshop.vn/search?q=8938802730424,2026-07-01 04:44:35
174,GrabMart,0.0,0.0,0.0,,,https://www.grabmart.vn/search?q=8938802730424,2026-07-01 04:44:35
174,Pharmacity,0.0,0.0,0.0,,,https://www.pharmacity.vn/search?q=8938802730424,2026-07-01 04:44:35
174,Shopee,0.0,0.0,1000,Mã giảm 10k,Flash Sale,https://www.shopee.vn/search?q=8938802730424,2026-07-02 04:44:35
174,Lazada,0.0,0.0,0.0,,Combo mua 2 giảm 5%,https://www.lazada.vn/search?q=8938802730424,2026-07-02 04:44:35
174,TikTok Shop,0.0,0.0,0.0,,Flash Sale hàng hiệu,https://www.tiktokshop.vn/search?q=8938802730424,2026-07-02 04:44:35
174,GrabMart,0.0,0.0,0.0,,,https://www.grabmart.vn/search?q=8938802730424,2026-07-02 04:44:35
174,Pharmacity,0.0,0.0,0.0,,,https://www.pharmacity.vn/search?q=8938802730424,2026-07-02 04:44:35
174,Shopee,0.0,0.0,1000,Mã giảm 10k,,https://www.shopee.vn/search?q=8938802730424,2026-07-03 04:44:35
174,Lazada,0.0,0.0,0.0,,Combo mua 2 giảm 5%,https://www.lazada.vn/search?q=8938802730424,2026-07-03 04:44:35
174,TikTok Shop,0.0,0.0,1000,Voucher Livestream 20k,Flash Sale hàng hiệu,https://www.tiktokshop.vn/search?q=8938802730424,2026-07-03 04:44:35
174,GrabMart,0.0,0.0,0.0,,,https://www.grabmart.vn/search?q=8938802730424,2026-07-03 04:44:35
174,Pharmacity,0.0,0.0,0.0,,,https://www.pharmacity.vn/search?q=8938802730424,2026-07-03 04:44:35
174,Shopee,0.0,0.0,1000,Mã giảm 10k,Flash Sale,https://www.shopee.vn/search?q=8938802730424,2026-07-04 04:44:35
174,Lazada,0.0,0.0,0.0,,,https://www.lazada.vn/search?q=8938802730424,2026-07-04 04:44:35
174,TikTok Shop,0.0,0.0,0.0,,,https://www.tiktokshop.vn/search?q=8938802730424,2026-07-04 04:44:35
174,GrabMart,0.0,0.0,0.0,,,https://www.grabmart.vn/search?q=8938802730424,2026-07-04 04:44:35
174,Pharmacity,0.0,0.0,0.0,,,https://www.pharmacity.vn/search?q=8938802730424,2026-07-04 04:44:35
174,Shopee,0.0,0.0,0.0,Freeship Extra,,https://www.shopee.vn/search?q=8938802730424,2026-07-05 04:44:35
174,Lazada,0.0,0.0,0.0,Voucher tích lũy,,https://www.lazada.vn/search?q=8938802730424,2026-07-05 04:44:35
174,TikTok Shop,0.0,0.0,0.0,,,https://www.tiktokshop.vn/search?q=8938802730424,2026-07-05 04:44:35
174,GrabMart,0.0,0.0,0.0,,,https://www.grabmart.vn/search?q=8938802730424,2026-07-05 04:44:35
174,Pharmacity,0.0,0.0,0.0,,,https://www.pharmacity.vn/search?q=8938802730424,2026-07-05 04:44:35
174,Shopee,0.0,0.0,1000,Mã giảm 10k,Flash Sale,https://www.shopee.vn/search?q=8938802730424,2026-07-06 04:44:35
174,Lazada,0.0,0.0,0.0,Voucher tích lũy,,https://www.lazada.vn/search?q=8938802730424,2026-07-06 04:44:35
174,TikTok Shop,0.0,0.0,1000,Voucher Livestream 20k,Flash Sale hàng hiệu,https://www.tiktokshop.vn/search?q=8938802730424,2026-07-06 04:44:35
174,GrabMart,0.0,0.0,0.0,,,https://www.grabmart.vn/search?q=8938802730424,2026-07-06 04:44:35
174,Pharmacity,0.0,0.0,0.0,,,https://www.pharmacity.vn/search?q=8938802730424,2026-07-06 04:44:35
175,Shopee,136000.0,20000.0,116000.0,,Flash Sale,https://www.shopee.vn/search?q=8931097941223,2026-06-30 04:44:35
175,Lazada,130000.0,6000.0,124000.0,Voucher tích lũy,Combo mua 2 giảm 5%,https://www.lazada.vn/search?q=8931097941223,2026-06-30 04:44:35
175,TikTok Shop,123000.0,0.0,103000.0,Voucher Livestream 20k,,https://www.tiktokshop.vn/search?q=8931097941223,2026-06-30 04:44:35
175,GrabMart,170000.0,0.0,170000.0,,,https://www.grabmart.vn/search?q=8931097941223,2026-06-30 04:44:35
175,Pharmacity,151000.0,0.0,151000.0,,,https://www.pharmacity.vn/search?q=8931097941223,2026-06-30 04:44:35
175,Shopee,127000.0,0.0,117000.0,Mã giảm 10k,,https://www.shopee.vn/search?q=8931097941223,2026-07-01 04:44:35
175,Lazada,130000.0,0.0,130000.0,,,https://www.lazada.vn/search?q=8931097941223,2026-07-01 04:44:35
175,TikTok Shop,119000.0,12000.0,87000.0,Voucher Livestream 20k,Flash Sale hàng hiệu,https://www.tiktokshop.vn/search?q=8931097941223,2026-07-01 04:44:35
175,GrabMart,149000.0,0.0,149000.0,,,https://www.grabmart.vn/search?q=8931097941223,2026-07-01 04:44:35
175,Pharmacity,146000.0,0.0,146000.0,,,https://www.pharmacity.vn/search?q=8931097941223,2026-07-01 04:44:35
175,Shopee,134000.0,7000.0,127000.0,Freeship Extra,Flash Sale,https://www.shopee.vn/search?q=8931097941223,2026-07-02 04:44:35
175,Lazada,135000.0,14000.0,121000.0,,,https://www.lazada.vn/search?q=8931097941223,2026-07-02 04:44:35
175,TikTok Shop,141000.0,0.0,141000.0,,,https://www.tiktokshop.vn/search?q=8931097941223,2026-07-02 04:44:35
175,GrabMart,161000.0,0.0,161000.0,,,https://www.grabmart.vn/search?q=8931097941223,2026-07-02 04:44:35
175,Pharmacity,150000.0,0.0,150000.0,,,https://www.pharmacity.vn/search?q=8931097941223,2026-07-02 04:44:35
175,Shopee,132000.0,20000.0,112000.0,Freeship Extra,,https://www.shopee.vn/search?q=8931097941223,2026-07-03 04:44:35
175,Lazada,129000.0,6000.0,123000.0,,Combo mua 2 giảm 5%,https://www.lazada.vn/search?q=8931097941223,2026-07-03 04:44:35
175,TikTok Shop,141000.0,21000.0,120000.0,,,https://www.tiktokshop.vn/search?q=8931097941223,2026-07-03 04:44:35
175,GrabMart,155000.0,0.0,155000.0,,,https://www.grabmart.vn/search?q=8931097941223,2026-07-03 04:44:35
175,Pharmacity,147000.0,7000.0,140000.0,,,https://www.pharmacity.vn/search?q=8931097941223,2026-07-03 04:44:35
175,Shopee,124000.0,0.0,114000.0,Mã giảm 10k,,https://www.shopee.vn/search?q=8931097941223,2026-07-04 04:44:35
175,Lazada,130000.0,13000.0,117000.0,,,https://www.lazada.vn/search?q=8931097941223,2026-07-04 04:44:35
175,TikTok Shop,137000.0,0.0,117000.0,Voucher Livestream 20k,,https://www.tiktokshop.vn/search?q=8931097941223,2026-07-04 04:44:35
175,GrabMart,151000.0,0.0,151000.0,,,https://www.grabmart.vn/search?q=8931097941223,2026-07-04 04:44:35
175,Pharmacity,150000.0,8000.0,142000.0,,,https://www.pharmacity.vn/search?q=8931097941223,2026-07-04 04:44:35
175,Shopee,127000.0,0.0,127000.0,,,https://www.shopee.vn/search?q=8931097941223,2026-07-05 04:44:35
175,Lazada,137000.0,7000.0,130000.0,,Combo mua 2 giảm 5%,https://www.lazada.vn/search?q=8931097941223,2026-07-05 04:44:35
175,TikTok Shop,139000.0,21000.0,98000.0,Voucher Livestream 20k,Flash Sale hàng hiệu,https://www.tiktokshop.vn/search?q=8931097941223,2026-07-05 04:44:35
175,GrabMart,150000.0,0.0,150000.0,,,https://www.grabmart.vn/search?q=8931097941223,2026-07-05 04:44:35
175,Pharmacity,143000.0,7000.0,136000.0,,,https://www.pharmacity.vn/search?q=8931097941223,2026-07-05 04:44:35
175,Shopee,130000.0,13000.0,117000.0,Freeship Extra,Flash Sale,https://www.shopee.vn/search?q=8931097941223,2026-07-06 04:44:35
175,Lazada,141000.0,7000.0,134000.0,,,https://www.lazada.vn/search?q=8931097941223,2026-07-06 04:44:35
175,TikTok Shop,131000.0,0.0,111000.0,Voucher Livestream 20k,,https://www.tiktokshop.vn/search?q=8931097941223,2026-07-06 04:44:35
175,GrabMart,157000.0,0.0,157000.0,,,https://www.grabmart.vn/search?q=8931097941223,2026-07-06 04:44:35
175,Pharmacity,145000.0,7000.0,138000.0,,,https://www.pharmacity.vn/search?q=8931097941223,2026-07-06 04:44:35
176,Shopee,0.0,0.0,0.0,,,https://www.shopee.vn/search?q=8934422521602,2026-06-30 04:44:35
176,Lazada,0.0,0.0,0.0,,Combo mua 2 giảm 5%,https://www.lazada.vn/search?q=8934422521602,2026-06-30 04:44:35
176,TikTok Shop,0.0,0.0,1000,Voucher Livestream 20k,,https://www.tiktokshop.vn/search?q=8934422521602,2026-06-30 04:44:35
176,GrabMart,0.0,0.0,0.0,,,https://www.grabmart.vn/search?q=8934422521602,2026-06-30 04:44:35
176,Pharmacity,0.0,0.0,0.0,,,https://www.pharmacity.vn/search?q=8934422521602,2026-06-30 04:44:35
176,Shopee,0.0,0.0,1000,Mã giảm 10k,,https://www.shopee.vn/search?q=8934422521602,2026-07-01 04:44:35
176,Lazada,0.0,0.0,0.0,Voucher tích lũy,Combo mua 2 giảm 5%,https://www.lazada.vn/search?q=8934422521602,2026-07-01 04:44:35
176,TikTok Shop,0.0,0.0,1000,Voucher Livestream 20k,,https://www.tiktokshop.vn/search?q=8934422521602,2026-07-01 04:44:35
176,GrabMart,0.0,0.0,0.0,,,https://www.grabmart.vn/search?q=8934422521602,2026-07-01 04:44:35
176,Pharmacity,0.0,0.0,0.0,,,https://www.pharmacity.vn/search?q=8934422521602,2026-07-01 04:44:35
176,Shopee,0.0,0.0,0.0,Freeship Extra,Flash Sale,https://www.shopee.vn/search?q=8934422521602,2026-07-02 04:44:35
176,Lazada,0.0,0.0,0.0,,,https://www.lazada.vn/search?q=8934422521602,2026-07-02 04:44:35
176,TikTok Shop,0.0,0.0,0.0,,Flash Sale hàng hiệu,https://www.tiktokshop.vn/search?q=8934422521602,2026-07-02 04:44:35
176,GrabMart,0.0,0.0,0.0,,,https://www.grabmart.vn/search?q=8934422521602,2026-07-02 04:44:35
176,Pharmacity,0.0,0.0,0.0,,,https://www.pharmacity.vn/search?q=8934422521602,2026-07-02 04:44:35
176,Shopee,0.0,0.0,0.0,Freeship Extra,Flash Sale,https://www.shopee.vn/search?q=8934422521602,2026-07-03 04:44:35
176,Lazada,0.0,0.0,0.0,Voucher tích lũy,Combo mua 2 giảm 5%,https://www.lazada.vn/search?q=8934422521602,2026-07-03 04:44:35
176,TikTok Shop,0.0,0.0,1000,Voucher Livestream 20k,Flash Sale hàng hiệu,https://www.tiktokshop.vn/search?q=8934422521602,2026-07-03 04:44:35
176,GrabMart,0.0,0.0,0.0,,,https://www.grabmart.vn/search?q=8934422521602,2026-07-03 04:44:35
176,Pharmacity,0.0,0.0,0.0,,,https://www.pharmacity.vn/search?q=8934422521602,2026-07-03 04:44:35
176,Shopee,0.0,0.0,1000,Mã giảm 10k,Flash Sale,https://www.shopee.vn/search?q=8934422521602,2026-07-04 04:44:35
176,Lazada,0.0,0.0,0.0,,Combo mua 2 giảm 5%,https://www.lazada.vn/search?q=8934422521602,2026-07-04 04:44:35
176,TikTok Shop,0.0,0.0,0.0,,,https://www.tiktokshop.vn/search?q=8934422521602,2026-07-04 04:44:35
176,GrabMart,0.0,0.0,0.0,,,https://www.grabmart.vn/search?q=8934422521602,2026-07-04 04:44:35
176,Pharmacity,0.0,0.0,0.0,,,https://www.pharmacity.vn/search?q=8934422521602,2026-07-04 04:44:35
176,Shopee,0.0,0.0,0.0,,,https://www.shopee.vn/search?q=8934422521602,2026-07-05 04:44:35
176,Lazada,0.0,0.0,0.0,,Combo mua 2 giảm 5%,https://www.lazada.vn/search?q=8934422521602,2026-07-05 04:44:35
176,TikTok Shop,0.0,0.0,0.0,,,https://www.tiktokshop.vn/search?q=8934422521602,2026-07-05 04:44:35
176,GrabMart,0.0,0.0,0.0,,,https://www.grabmart.vn/search?q=8934422521602,2026-07-05 04:44:35
176,Pharmacity,0.0,0.0,0.0,,,https://www.pharmacity.vn/search?q=8934422521602,2026-07-05 04:44:35
176,Shopee,0.0,0.0,1000,Mã giảm 10k,Flash Sale,https://www.shopee.vn/search?q=8934422521602,2026-07-06 04:44:35
176,Lazada,0.0,0.0,0.0,,,https://www.lazada.vn/search?q=8934422521602,2026-07-06 04:44:35
176,TikTok Shop,0.0,0.0,1000,Voucher Livestream 20k,Flash Sale hàng hiệu,https://www.tiktokshop.vn/search?q=8934422521602,2026-07-06 04:44:35
176,GrabMart,0.0,0.0,0.0,,,https://www.grabmart.vn/search?q=8934422521602,2026-07-06 04:44:35
176,Pharmacity,0.0,0.0,0.0,,,https://www.pharmacity.vn/search?q=8934422521602,2026-07-06 04:44:35
177,Shopee,193000.0,29000.0,164000.0,,Flash Sale,https://www.shopee.vn/search?q=8937205503307,2026-06-30 04:44:35
177,Lazada,220000.0,11000.0,209000.0,Voucher tích lũy,,https://www.lazada.vn/search?q=8937205503307,2026-06-30 04:44:35
177,TikTok Shop,208000.0,31000.0,177000.0,,,https://www.tiktokshop.vn/search?q=8937205503307,2026-06-30 04:44:35
177,GrabMart,249000.0,0.0,249000.0,,,https://www.grabmart.vn/search?q=8937205503307,2026-06-30 04:44:35
177,Pharmacity,232000.0,0.0,232000.0,,,https://www.pharmacity.vn/search?q=8937205503307,2026-06-30 04:44:35
177,Shopee,197000.0,0.0,187000.0,Mã giảm 10k,,https://www.shopee.vn/search?q=8937205503307,2026-07-01 04:44:35
177,Lazada,200000.0,0.0,200000.0,Voucher tích lũy,,https://www.lazada.vn/search?q=8937205503307,2026-07-01 04:44:35
177,TikTok Shop,216000.0,0.0,196000.0,Voucher Livestream 20k,,https://www.tiktokshop.vn/search?q=8937205503307,2026-07-01 04:44:35
177,GrabMart,264000.0,0.0,264000.0,,,https://www.grabmart.vn/search?q=8937205503307,2026-07-01 04:44:35
177,Pharmacity,235000.0,12000.0,223000.0,,,https://www.pharmacity.vn/search?q=8937205503307,2026-07-01 04:44:35
177,Shopee,220000.0,0.0,210000.0,Mã giảm 10k,,https://www.shopee.vn/search?q=8937205503307,2026-07-02 04:44:35
177,Lazada,215000.0,22000.0,193000.0,Voucher tích lũy,Combo mua 2 giảm 5%,https://www.lazada.vn/search?q=8937205503307,2026-07-02 04:44:35
177,TikTok Shop,206000.0,0.0,186000.0,Voucher Livestream 20k,Flash Sale hàng hiệu,https://www.tiktokshop.vn/search?q=8937205503307,2026-07-02 04:44:35
177,GrabMart,267000.0,0.0,267000.0,,,https://www.grabmart.vn/search?q=8937205503307,2026-07-02 04:44:35
177,Pharmacity,229000.0,0.0,229000.0,,,https://www.pharmacity.vn/search?q=8937205503307,2026-07-02 04:44:35
177,Shopee,194000.0,19000.0,175000.0,Freeship Extra,,https://www.shopee.vn/search?q=8937205503307,2026-07-03 04:44:35
177,Lazada,206000.0,0.0,206000.0,,,https://www.lazada.vn/search?q=8937205503307,2026-07-03 04:44:35
177,TikTok Shop,221000.0,0.0,221000.0,,,https://www.tiktokshop.vn/search?q=8937205503307,2026-07-03 04:44:35
177,GrabMart,241000.0,0.0,241000.0,,,https://www.grabmart.vn/search?q=8937205503307,2026-07-03 04:44:35
177,Pharmacity,233000.0,12000.0,221000.0,,,https://www.pharmacity.vn/search?q=8937205503307,2026-07-03 04:44:35
177,Shopee,218000.0,22000.0,196000.0,Freeship Extra,,https://www.shopee.vn/search?q=8937205503307,2026-07-04 04:44:35
177,Lazada,221000.0,11000.0,210000.0,,,https://www.lazada.vn/search?q=8937205503307,2026-07-04 04:44:35
177,TikTok Shop,193000.0,19000.0,174000.0,,,https://www.tiktokshop.vn/search?q=8937205503307,2026-07-04 04:44:35
177,GrabMart,243000.0,0.0,243000.0,,,https://www.grabmart.vn/search?q=8937205503307,2026-07-04 04:44:35
177,Pharmacity,228000.0,0.0,228000.0,,,https://www.pharmacity.vn/search?q=8937205503307,2026-07-04 04:44:35
177,Shopee,203000.0,30000.0,173000.0,,Flash Sale,https://www.shopee.vn/search?q=8937205503307,2026-07-05 04:44:35
177,Lazada,208000.0,21000.0,187000.0,Voucher tích lũy,Combo mua 2 giảm 5%,https://www.lazada.vn/search?q=8937205503307,2026-07-05 04:44:35
177,TikTok Shop,207000.0,31000.0,156000.0,Voucher Livestream 20k,Flash Sale hàng hiệu,https://www.tiktokshop.vn/search?q=8937205503307,2026-07-05 04:44:35
177,GrabMart,246000.0,0.0,246000.0,,,https://www.grabmart.vn/search?q=8937205503307,2026-07-05 04:44:35
177,Pharmacity,225000.0,0.0,225000.0,,,https://www.pharmacity.vn/search?q=8937205503307,2026-07-05 04:44:35
177,Shopee,196000.0,10000.0,176000.0,Mã giảm 10k,,https://www.shopee.vn/search?q=8937205503307,2026-07-06 04:44:35
177,Lazada,222000.0,22000.0,200000.0,,,https://www.lazada.vn/search?q=8937205503307,2026-07-06 04:44:35
177,TikTok Shop,220000.0,33000.0,187000.0,,Flash Sale hàng hiệu,https://www.tiktokshop.vn/search?q=8937205503307,2026-07-06 04:44:35
177,GrabMart,252000.0,0.0,252000.0,,,https://www.grabmart.vn/search?q=8937205503307,2026-07-06 04:44:35
177,Pharmacity,235000.0,0.0,235000.0,,,https://www.pharmacity.vn/search?q=8937205503307,2026-07-06 04:44:35
178,Shopee,297000.0,15000.0,272000.0,Mã giảm 10k,Flash Sale,https://www.shopee.vn/search?q=8938581745275,2026-06-30 04:44:35
178,Lazada,280000.0,0.0,280000.0,Voucher tích lũy,Combo mua 2 giảm 5%,https://www.lazada.vn/search?q=8938581745275,2026-06-30 04:44:35
178,TikTok Shop,256000.0,26000.0,230000.0,,,https://www.tiktokshop.vn/search?q=8938581745275,2026-06-30 04:44:35
178,GrabMart,347000.0,0.0,347000.0,,,https://www.grabmart.vn/search?q=8938581745275,2026-06-30 04:44:35
178,Pharmacity,328000.0,0.0,328000.0,,,https://www.pharmacity.vn/search?q=8938581745275,2026-06-30 04:44:35
178,Shopee,293000.0,29000.0,264000.0,,,https://www.shopee.vn/search?q=8938581745275,2026-07-01 04:44:35
178,Lazada,301000.0,0.0,301000.0,,Combo mua 2 giảm 5%,https://www.lazada.vn/search?q=8938581745275,2026-07-01 04:44:35
178,TikTok Shop,273000.0,0.0,253000.0,Voucher Livestream 20k,Flash Sale hàng hiệu,https://www.tiktokshop.vn/search?q=8938581745275,2026-07-01 04:44:35
178,GrabMart,322000.0,0.0,322000.0,,,https://www.grabmart.vn/search?q=8938581745275,2026-07-01 04:44:35
178,Pharmacity,307000.0,15000.0,292000.0,,,https://www.pharmacity.vn/search?q=8938581745275,2026-07-01 04:44:35
178,Shopee,295000.0,15000.0,280000.0,,Flash Sale,https://www.shopee.vn/search?q=8938581745275,2026-07-02 04:44:35
178,Lazada,291000.0,0.0,291000.0,,,https://www.lazada.vn/search?q=8938581745275,2026-07-02 04:44:35
178,TikTok Shop,262000.0,0.0,262000.0,,Flash Sale hàng hiệu,https://www.tiktokshop.vn/search?q=8938581745275,2026-07-02 04:44:35
178,GrabMart,320000.0,0.0,320000.0,,,https://www.grabmart.vn/search?q=8938581745275,2026-07-02 04:44:35
178,Pharmacity,308000.0,0.0,308000.0,,,https://www.pharmacity.vn/search?q=8938581745275,2026-07-02 04:44:35
178,Shopee,275000.0,14000.0,261000.0,Freeship Extra,Flash Sale,https://www.shopee.vn/search?q=8938581745275,2026-07-03 04:44:35
178,Lazada,277000.0,0.0,277000.0,,,https://www.lazada.vn/search?q=8938581745275,2026-07-03 04:44:35
178,TikTok Shop,289000.0,29000.0,240000.0,Voucher Livestream 20k,,https://www.tiktokshop.vn/search?q=8938581745275,2026-07-03 04:44:35
178,GrabMart,341000.0,0.0,341000.0,,,https://www.grabmart.vn/search?q=8938581745275,2026-07-03 04:44:35
178,Pharmacity,316000.0,16000.0,300000.0,,,https://www.pharmacity.vn/search?q=8938581745275,2026-07-03 04:44:35
178,Shopee,276000.0,28000.0,238000.0,Mã giảm 10k,Flash Sale,https://www.shopee.vn/search?q=8938581745275,2026-07-04 04:44:35
178,Lazada,302000.0,15000.0,287000.0,,,https://www.lazada.vn/search?q=8938581745275,2026-07-04 04:44:35
178,TikTok Shop,305000.0,30000.0,275000.0,,Flash Sale hàng hiệu,https://www.tiktokshop.vn/search?q=8938581745275,2026-07-04 04:44:35
178,GrabMart,335000.0,0.0,335000.0,,,https://www.grabmart.vn/search?q=8938581745275,2026-07-04 04:44:35
178,Pharmacity,328000.0,0.0,328000.0,,,https://www.pharmacity.vn/search?q=8938581745275,2026-07-04 04:44:35
178,Shopee,297000.0,30000.0,267000.0,,,https://www.shopee.vn/search?q=8938581745275,2026-07-05 04:44:35
178,Lazada,288000.0,29000.0,259000.0,,Combo mua 2 giảm 5%,https://www.lazada.vn/search?q=8938581745275,2026-07-05 04:44:35
178,TikTok Shop,280000.0,0.0,260000.0,Voucher Livestream 20k,,https://www.tiktokshop.vn/search?q=8938581745275,2026-07-05 04:44:35
178,GrabMart,334000.0,0.0,334000.0,,,https://www.grabmart.vn/search?q=8938581745275,2026-07-05 04:44:35
178,Pharmacity,328000.0,0.0,328000.0,,,https://www.pharmacity.vn/search?q=8938581745275,2026-07-05 04:44:35
178,Shopee,290000.0,44000.0,246000.0,Freeship Extra,,https://www.shopee.vn/search?q=8938581745275,2026-07-06 04:44:35
178,Lazada,281000.0,14000.0,267000.0,,,https://www.lazada.vn/search?q=8938581745275,2026-07-06 04:44:35
178,TikTok Shop,297000.0,45000.0,252000.0,,Flash Sale hàng hiệu,https://www.tiktokshop.vn/search?q=8938581745275,2026-07-06 04:44:35
178,GrabMart,339000.0,0.0,339000.0,,,https://www.grabmart.vn/search?q=8938581745275,2026-07-06 04:44:35
178,Pharmacity,306000.0,15000.0,291000.0,,,https://www.pharmacity.vn/search?q=8938581745275,2026-07-06 04:44:35
179,Shopee,159000.0,16000.0,133000.0,Mã giảm 10k,Flash Sale,https://www.shopee.vn/search?q=8936224197689,2026-06-30 04:44:35
179,Lazada,159000.0,16000.0,143000.0,,,https://www.lazada.vn/search?q=8936224197689,2026-06-30 04:44:35
179,TikTok Shop,150000.0,15000.0,135000.0,,,https://www.tiktokshop.vn/search?q=8936224197689,2026-06-30 04:44:35
179,GrabMart,175000.0,0.0,175000.0,,,https://www.grabmart.vn/search?q=8936224197689,2026-06-30 04:44:35
179,Pharmacity,170000.0,8000.0,162000.0,,,https://www.pharmacity.vn/search?q=8936224197689,2026-06-30 04:44:35
179,Shopee,151000.0,23000.0,118000.0,Mã giảm 10k,,https://www.shopee.vn/search?q=8936224197689,2026-07-01 04:44:35
179,Lazada,145000.0,7000.0,138000.0,Voucher tích lũy,,https://www.lazada.vn/search?q=8936224197689,2026-07-01 04:44:35
179,TikTok Shop,141000.0,14000.0,107000.0,Voucher Livestream 20k,Flash Sale hàng hiệu,https://www.tiktokshop.vn/search?q=8936224197689,2026-07-01 04:44:35
179,GrabMart,179000.0,0.0,179000.0,,,https://www.grabmart.vn/search?q=8936224197689,2026-07-01 04:44:35
179,Pharmacity,170000.0,0.0,170000.0,,,https://www.pharmacity.vn/search?q=8936224197689,2026-07-01 04:44:35
179,Shopee,140000.0,21000.0,109000.0,Mã giảm 10k,Flash Sale,https://www.shopee.vn/search?q=8936224197689,2026-07-02 04:44:35
179,Lazada,146000.0,7000.0,139000.0,,,https://www.lazada.vn/search?q=8936224197689,2026-07-02 04:44:35
179,TikTok Shop,159000.0,24000.0,115000.0,Voucher Livestream 20k,Flash Sale hàng hiệu,https://www.tiktokshop.vn/search?q=8936224197689,2026-07-02 04:44:35
179,GrabMart,181000.0,0.0,181000.0,,,https://www.grabmart.vn/search?q=8936224197689,2026-07-02 04:44:35
179,Pharmacity,160000.0,0.0,160000.0,,,https://www.pharmacity.vn/search?q=8936224197689,2026-07-02 04:44:35
179,Shopee,140000.0,21000.0,119000.0,,,https://www.shopee.vn/search?q=8936224197689,2026-07-03 04:44:35
179,Lazada,153000.0,8000.0,145000.0,,,https://www.lazada.vn/search?q=8936224197689,2026-07-03 04:44:35
179,TikTok Shop,156000.0,16000.0,140000.0,,Flash Sale hàng hiệu,https://www.tiktokshop.vn/search?q=8936224197689,2026-07-03 04:44:35
179,GrabMart,170000.0,0.0,170000.0,,,https://www.grabmart.vn/search?q=8936224197689,2026-07-03 04:44:35
179,Pharmacity,167000.0,8000.0,159000.0,,,https://www.pharmacity.vn/search?q=8936224197689,2026-07-03 04:44:35
179,Shopee,151000.0,8000.0,143000.0,Freeship Extra,,https://www.shopee.vn/search?q=8936224197689,2026-07-04 04:44:35
179,Lazada,153000.0,8000.0,145000.0,Voucher tích lũy,,https://www.lazada.vn/search?q=8936224197689,2026-07-04 04:44:35
179,TikTok Shop,159000.0,16000.0,123000.0,Voucher Livestream 20k,,https://www.tiktokshop.vn/search?q=8936224197689,2026-07-04 04:44:35
179,GrabMart,174000.0,0.0,174000.0,,,https://www.grabmart.vn/search?q=8936224197689,2026-07-04 04:44:35
179,Pharmacity,161000.0,0.0,161000.0,,,https://www.pharmacity.vn/search?q=8936224197689,2026-07-04 04:44:35
179,Shopee,164000.0,8000.0,156000.0,,,https://www.shopee.vn/search?q=8936224197689,2026-07-05 04:44:35
179,Lazada,159000.0,8000.0,151000.0,Voucher tích lũy,,https://www.lazada.vn/search?q=8936224197689,2026-07-05 04:44:35
179,TikTok Shop,150000.0,15000.0,135000.0,,,https://www.tiktokshop.vn/search?q=8936224197689,2026-07-05 04:44:35
179,GrabMart,171000.0,0.0,171000.0,,,https://www.grabmart.vn/search?q=8936224197689,2026-07-05 04:44:35
179,Pharmacity,160000.0,8000.0,152000.0,,,https://www.pharmacity.vn/search?q=8936224197689,2026-07-05 04:44:35
179,Shopee,139000.0,21000.0,118000.0,,,https://www.shopee.vn/search?q=8936224197689,2026-07-06 04:44:35
179,Lazada,153000.0,0.0,153000.0,Voucher tích lũy,,https://www.lazada.vn/search?q=8936224197689,2026-07-06 04:44:35
179,TikTok Shop,159000.0,0.0,159000.0,,,https://www.tiktokshop.vn/search?q=8936224197689,2026-07-06 04:44:35
179,GrabMart,191000.0,0.0,191000.0,,,https://www.grabmart.vn/search?q=8936224197689,2026-07-06 04:44:35
179,Pharmacity,162000.0,8000.0,154000.0,,,https://www.pharmacity.vn/search?q=8936224197689,2026-07-06 04:44:35
180,Shopee,516000.0,77000.0,439000.0,Freeship Extra,Flash Sale,https://www.shopee.vn/search?q=8934003471319,2026-06-30 04:44:35
180,Lazada,470000.0,47000.0,423000.0,,Combo mua 2 giảm 5%,https://www.lazada.vn/search?q=8934003471319,2026-06-30 04:44:35
180,TikTok Shop,511000.0,0.0,491000.0,Voucher Livestream 20k,,https://www.tiktokshop.vn/search?q=8934003471319,2026-06-30 04:44:35
180,GrabMart,600000.0,0.0,600000.0,,,https://www.grabmart.vn/search?q=8934003471319,2026-06-30 04:44:35
180,Pharmacity,531000.0,27000.0,504000.0,,,https://www.pharmacity.vn/search?q=8934003471319,2026-06-30 04:44:35
180,Shopee,524000.0,79000.0,445000.0,Freeship Extra,Flash Sale,https://www.shopee.vn/search?q=8934003471319,2026-07-01 04:44:35
180,Lazada,523000.0,0.0,523000.0,,,https://www.lazada.vn/search?q=8934003471319,2026-07-01 04:44:35
180,TikTok Shop,452000.0,45000.0,387000.0,Voucher Livestream 20k,,https://www.tiktokshop.vn/search?q=8934003471319,2026-07-01 04:44:35
180,GrabMart,567000.0,0.0,567000.0,,,https://www.grabmart.vn/search?q=8934003471319,2026-07-01 04:44:35
180,Pharmacity,528000.0,0.0,528000.0,,,https://www.pharmacity.vn/search?q=8934003471319,2026-07-01 04:44:35
180,Shopee,453000.0,23000.0,430000.0,Freeship Extra,Flash Sale,https://www.shopee.vn/search?q=8934003471319,2026-07-02 04:44:35
180,Lazada,501000.0,0.0,501000.0,Voucher tích lũy,,https://www.lazada.vn/search?q=8934003471319,2026-07-02 04:44:35
180,TikTok Shop,502000.0,75000.0,427000.0,,,https://www.tiktokshop.vn/search?q=8934003471319,2026-07-02 04:44:35
180,GrabMart,578000.0,0.0,578000.0,,,https://www.grabmart.vn/search?q=8934003471319,2026-07-02 04:44:35
180,Pharmacity,557000.0,0.0,557000.0,,,https://www.pharmacity.vn/search?q=8934003471319,2026-07-02 04:44:35
180,Shopee,488000.0,0.0,488000.0,Freeship Extra,Flash Sale,https://www.shopee.vn/search?q=8934003471319,2026-07-03 04:44:35
180,Lazada,531000.0,0.0,531000.0,,,https://www.lazada.vn/search?q=8934003471319,2026-07-03 04:44:35
180,TikTok Shop,493000.0,74000.0,399000.0,Voucher Livestream 20k,Flash Sale hàng hiệu,https://www.tiktokshop.vn/search?q=8934003471319,2026-07-03 04:44:35
180,GrabMart,579000.0,0.0,579000.0,,,https://www.grabmart.vn/search?q=8934003471319,2026-07-03 04:44:35
180,Pharmacity,551000.0,0.0,551000.0,,,https://www.pharmacity.vn/search?q=8934003471319,2026-07-03 04:44:35
180,Shopee,493000.0,25000.0,468000.0,,Flash Sale,https://www.shopee.vn/search?q=8934003471319,2026-07-04 04:44:35
180,Lazada,524000.0,52000.0,472000.0,,,https://www.lazada.vn/search?q=8934003471319,2026-07-04 04:44:35
180,TikTok Shop,450000.0,45000.0,405000.0,,Flash Sale hàng hiệu,https://www.tiktokshop.vn/search?q=8934003471319,2026-07-04 04:44:35
180,GrabMart,606000.0,0.0,606000.0,,,https://www.grabmart.vn/search?q=8934003471319,2026-07-04 04:44:35
180,Pharmacity,539000.0,0.0,539000.0,,,https://www.pharmacity.vn/search?q=8934003471319,2026-07-04 04:44:35
180,Shopee,452000.0,45000.0,407000.0,Freeship Extra,Flash Sale,https://www.shopee.vn/search?q=8934003471319,2026-07-05 04:44:35
180,Lazada,480000.0,0.0,480000.0,,Combo mua 2 giảm 5%,https://www.lazada.vn/search?q=8934003471319,2026-07-05 04:44:35
180,TikTok Shop,518000.0,0.0,518000.0,,Flash Sale hàng hiệu,https://www.tiktokshop.vn/search?q=8934003471319,2026-07-05 04:44:35
180,GrabMart,588000.0,0.0,588000.0,,,https://www.grabmart.vn/search?q=8934003471319,2026-07-05 04:44:35
180,Pharmacity,551000.0,28000.0,523000.0,,,https://www.pharmacity.vn/search?q=8934003471319,2026-07-05 04:44:35
180,Shopee,503000.0,75000.0,428000.0,Freeship Extra,Flash Sale,https://www.shopee.vn/search?q=8934003471319,2026-07-06 04:44:35
180,Lazada,522000.0,26000.0,496000.0,Voucher tích lũy,Combo mua 2 giảm 5%,https://www.lazada.vn/search?q=8934003471319,2026-07-06 04:44:35
180,TikTok Shop,436000.0,44000.0,372000.0,Voucher Livestream 20k,,https://www.tiktokshop.vn/search?q=8934003471319,2026-07-06 04:44:35
180,GrabMart,576000.0,0.0,576000.0,,,https://www.grabmart.vn/search?q=8934003471319,2026-07-06 04:44:35
180,Pharmacity,548000.0,0.0,548000.0,,,https://www.pharmacity.vn/search?q=8934003471319,2026-07-06 04:44:35
181,Shopee,40000.0,2000.0,38000.0,,Flash Sale,https://www.shopee.vn/search?q=8931501642616,2026-06-30 04:44:35
181,Lazada,35000.0,4000.0,31000.0,Voucher tích lũy,,https://www.lazada.vn/search?q=8931501642616,2026-06-30 04:44:35
181,TikTok Shop,35000.0,0.0,35000.0,,,https://www.tiktokshop.vn/search?q=8931501642616,2026-06-30 04:44:35
181,GrabMart,44000.0,0.0,44000.0,,,https://www.grabmart.vn/search?q=8931501642616,2026-06-30 04:44:35
181,Pharmacity,40000.0,2000.0,38000.0,,,https://www.pharmacity.vn/search?q=8931501642616,2026-06-30 04:44:35
181,Shopee,37000.0,2000.0,35000.0,,,https://www.shopee.vn/search?q=8931501642616,2026-07-01 04:44:35
181,Lazada,37000.0,0.0,37000.0,Voucher tích lũy,,https://www.lazada.vn/search?q=8931501642616,2026-07-01 04:44:35
181,TikTok Shop,38000.0,4000.0,34000.0,,,https://www.tiktokshop.vn/search?q=8931501642616,2026-07-01 04:44:35
181,GrabMart,42000.0,0.0,42000.0,,,https://www.grabmart.vn/search?q=8931501642616,2026-07-01 04:44:35
181,Pharmacity,40000.0,0.0,40000.0,,,https://www.pharmacity.vn/search?q=8931501642616,2026-07-01 04:44:35
181,Shopee,37000.0,4000.0,33000.0,Freeship Extra,Flash Sale,https://www.shopee.vn/search?q=8931501642616,2026-07-02 04:44:35
181,Lazada,39000.0,2000.0,37000.0,,,https://www.lazada.vn/search?q=8931501642616,2026-07-02 04:44:35
181,TikTok Shop,37000.0,6000.0,11000.0,Voucher Livestream 20k,,https://www.tiktokshop.vn/search?q=8931501642616,2026-07-02 04:44:35
181,GrabMart,43000.0,0.0,43000.0,,,https://www.grabmart.vn/search?q=8931501642616,2026-07-02 04:44:35
181,Pharmacity,40000.0,0.0,40000.0,,,https://www.pharmacity.vn/search?q=8931501642616,2026-07-02 04:44:35
181,Shopee,36000.0,0.0,26000.0,Mã giảm 10k,Flash Sale,https://www.shopee.vn/search?q=8931501642616,2026-07-03 04:44:35
181,Lazada,37000.0,0.0,37000.0,Voucher tích lũy,Combo mua 2 giảm 5%,https://www.lazada.vn/search?q=8931501642616,2026-07-03 04:44:35
181,TikTok Shop,38000.0,0.0,18000.0,Voucher Livestream 20k,Flash Sale hàng hiệu,https://www.tiktokshop.vn/search?q=8931501642616,2026-07-03 04:44:35
181,GrabMart,42000.0,0.0,42000.0,,,https://www.grabmart.vn/search?q=8931501642616,2026-07-03 04:44:35
181,Pharmacity,40000.0,0.0,40000.0,,,https://www.pharmacity.vn/search?q=8931501642616,2026-07-03 04:44:35
181,Shopee,35000.0,0.0,25000.0,Mã giảm 10k,Flash Sale,https://www.shopee.vn/search?q=8931501642616,2026-07-04 04:44:35
181,Lazada,37000.0,0.0,37000.0,,,https://www.lazada.vn/search?q=8931501642616,2026-07-04 04:44:35
181,TikTok Shop,37000.0,6000.0,11000.0,Voucher Livestream 20k,,https://www.tiktokshop.vn/search?q=8931501642616,2026-07-04 04:44:35
181,GrabMart,43000.0,0.0,43000.0,,,https://www.grabmart.vn/search?q=8931501642616,2026-07-04 04:44:35
181,Pharmacity,40000.0,2000.0,38000.0,,,https://www.pharmacity.vn/search?q=8931501642616,2026-07-04 04:44:35
181,Shopee,40000.0,0.0,40000.0,Freeship Extra,Flash Sale,https://www.shopee.vn/search?q=8931501642616,2026-07-05 04:44:35
181,Lazada,36000.0,4000.0,32000.0,Voucher tích lũy,,https://www.lazada.vn/search?q=8931501642616,2026-07-05 04:44:35
181,TikTok Shop,34000.0,3000.0,11000.0,Voucher Livestream 20k,Flash Sale hàng hiệu,https://www.tiktokshop.vn/search?q=8931501642616,2026-07-05 04:44:35
181,GrabMart,46000.0,0.0,46000.0,,,https://www.grabmart.vn/search?q=8931501642616,2026-07-05 04:44:35
181,Pharmacity,41000.0,2000.0,39000.0,,,https://www.pharmacity.vn/search?q=8931501642616,2026-07-05 04:44:35
181,Shopee,37000.0,0.0,27000.0,Mã giảm 10k,,https://www.shopee.vn/search?q=8931501642616,2026-07-06 04:44:35
181,Lazada,37000.0,0.0,37000.0,Voucher tích lũy,,https://www.lazada.vn/search?q=8931501642616,2026-07-06 04:44:35
181,TikTok Shop,33000.0,5000.0,8000.0,Voucher Livestream 20k,,https://www.tiktokshop.vn/search?q=8931501642616,2026-07-06 04:44:35
181,GrabMart,43000.0,0.0,43000.0,,,https://www.grabmart.vn/search?q=8931501642616,2026-07-06 04:44:35
181,Pharmacity,42000.0,2000.0,40000.0,,,https://www.pharmacity.vn/search?q=8931501642616,2026-07-06 04:44:35
182,Shopee,190000.0,0.0,180000.0,Mã giảm 10k,Flash Sale,https://www.shopee.vn/search?q=8930317543803,2026-06-30 04:44:35
182,Lazada,205000.0,20000.0,185000.0,,Combo mua 2 giảm 5%,https://www.lazada.vn/search?q=8930317543803,2026-06-30 04:44:35
182,TikTok Shop,175000.0,26000.0,149000.0,,Flash Sale hàng hiệu,https://www.tiktokshop.vn/search?q=8930317543803,2026-06-30 04:44:35
182,GrabMart,224000.0,0.0,224000.0,,,https://www.grabmart.vn/search?q=8930317543803,2026-06-30 04:44:35
182,Pharmacity,220000.0,11000.0,209000.0,,,https://www.pharmacity.vn/search?q=8930317543803,2026-06-30 04:44:35
182,Shopee,214000.0,32000.0,182000.0,,Flash Sale,https://www.shopee.vn/search?q=8930317543803,2026-07-01 04:44:35
182,Lazada,213000.0,11000.0,202000.0,Voucher tích lũy,Combo mua 2 giảm 5%,https://www.lazada.vn/search?q=8930317543803,2026-07-01 04:44:35
182,TikTok Shop,182000.0,0.0,162000.0,Voucher Livestream 20k,Flash Sale hàng hiệu,https://www.tiktokshop.vn/search?q=8930317543803,2026-07-01 04:44:35
182,GrabMart,239000.0,0.0,239000.0,,,https://www.grabmart.vn/search?q=8930317543803,2026-07-01 04:44:35
182,Pharmacity,211000.0,0.0,211000.0,,,https://www.pharmacity.vn/search?q=8930317543803,2026-07-01 04:44:35
182,Shopee,210000.0,10000.0,190000.0,Mã giảm 10k,,https://www.shopee.vn/search?q=8930317543803,2026-07-02 04:44:35
182,Lazada,206000.0,10000.0,196000.0,Voucher tích lũy,Combo mua 2 giảm 5%,https://www.lazada.vn/search?q=8930317543803,2026-07-02 04:44:35
182,TikTok Shop,198000.0,20000.0,178000.0,,,https://www.tiktokshop.vn/search?q=8930317543803,2026-07-02 04:44:35
182,GrabMart,246000.0,0.0,246000.0,,,https://www.grabmart.vn/search?q=8930317543803,2026-07-02 04:44:35
182,Pharmacity,215000.0,11000.0,204000.0,,,https://www.pharmacity.vn/search?q=8930317543803,2026-07-02 04:44:35
182,Shopee,201000.0,30000.0,171000.0,Freeship Extra,,https://www.shopee.vn/search?q=8930317543803,2026-07-03 04:44:35
182,Lazada,207000.0,21000.0,186000.0,Voucher tích lũy,,https://www.lazada.vn/search?q=8930317543803,2026-07-03 04:44:35
182,TikTok Shop,180000.0,27000.0,133000.0,Voucher Livestream 20k,Flash Sale hàng hiệu,https://www.tiktokshop.vn/search?q=8930317543803,2026-07-03 04:44:35
182,GrabMart,242000.0,0.0,242000.0,,,https://www.grabmart.vn/search?q=8930317543803,2026-07-03 04:44:35
182,Pharmacity,212000.0,11000.0,201000.0,,,https://www.pharmacity.vn/search?q=8930317543803,2026-07-03 04:44:35
182,Shopee,207000.0,10000.0,187000.0,Mã giảm 10k,,https://www.shopee.vn/search?q=8930317543803,2026-07-04 04:44:35
182,Lazada,202000.0,20000.0,182000.0,,Combo mua 2 giảm 5%,https://www.lazada.vn/search?q=8930317543803,2026-07-04 04:44:35
182,TikTok Shop,194000.0,19000.0,155000.0,Voucher Livestream 20k,Flash Sale hàng hiệu,https://www.tiktokshop.vn/search?q=8930317543803,2026-07-04 04:44:35
182,GrabMart,242000.0,0.0,242000.0,,,https://www.grabmart.vn/search?q=8930317543803,2026-07-04 04:44:35
182,Pharmacity,213000.0,11000.0,202000.0,,,https://www.pharmacity.vn/search?q=8930317543803,2026-07-04 04:44:35
182,Shopee,194000.0,0.0,194000.0,Freeship Extra,Flash Sale,https://www.shopee.vn/search?q=8930317543803,2026-07-05 04:44:35
182,Lazada,200000.0,10000.0,190000.0,Voucher tích lũy,Combo mua 2 giảm 5%,https://www.lazada.vn/search?q=8930317543803,2026-07-05 04:44:35
182,TikTok Shop,186000.0,0.0,166000.0,Voucher Livestream 20k,,https://www.tiktokshop.vn/search?q=8930317543803,2026-07-05 04:44:35
182,GrabMart,235000.0,0.0,235000.0,,,https://www.grabmart.vn/search?q=8930317543803,2026-07-05 04:44:35
182,Pharmacity,221000.0,0.0,221000.0,,,https://www.pharmacity.vn/search?q=8930317543803,2026-07-05 04:44:35
182,Shopee,209000.0,21000.0,188000.0,,,https://www.shopee.vn/search?q=8930317543803,2026-07-06 04:44:35
182,Lazada,199000.0,10000.0,189000.0,,Combo mua 2 giảm 5%,https://www.lazada.vn/search?q=8930317543803,2026-07-06 04:44:35
182,TikTok Shop,199000.0,0.0,199000.0,,,https://www.tiktokshop.vn/search?q=8930317543803,2026-07-06 04:44:35
182,GrabMart,221000.0,0.0,221000.0,,,https://www.grabmart.vn/search?q=8930317543803,2026-07-06 04:44:35
182,Pharmacity,218000.0,11000.0,207000.0,,,https://www.pharmacity.vn/search?q=8930317543803,2026-07-06 04:44:35
183,Shopee,154000.0,15000.0,139000.0,,Flash Sale,https://www.shopee.vn/search?q=8935769171628,2026-06-30 04:44:35
183,Lazada,161000.0,16000.0,145000.0,Voucher tích lũy,,https://www.lazada.vn/search?q=8935769171628,2026-06-30 04:44:35
183,TikTok Shop,145000.0,0.0,145000.0,,Flash Sale hàng hiệu,https://www.tiktokshop.vn/search?q=8935769171628,2026-06-30 04:44:35
183,GrabMart,206000.0,0.0,206000.0,,,https://www.grabmart.vn/search?q=8935769171628,2026-06-30 04:44:35
183,Pharmacity,173000.0,0.0,173000.0,,,https://www.pharmacity.vn/search?q=8935769171628,2026-06-30 04:44:35
183,Shopee,155000.0,8000.0,147000.0,Freeship Extra,Flash Sale,https://www.shopee.vn/search?q=8935769171628,2026-07-01 04:44:35
183,Lazada,176000.0,18000.0,158000.0,,,https://www.lazada.vn/search?q=8935769171628,2026-07-01 04:44:35
183,TikTok Shop,173000.0,17000.0,156000.0,,Flash Sale hàng hiệu,https://www.tiktokshop.vn/search?q=8935769171628,2026-07-01 04:44:35
183,GrabMart,186000.0,0.0,186000.0,,,https://www.grabmart.vn/search?q=8935769171628,2026-07-01 04:44:35
183,Pharmacity,183000.0,0.0,183000.0,,,https://www.pharmacity.vn/search?q=8935769171628,2026-07-01 04:44:35
183,Shopee,162000.0,0.0,162000.0,,Flash Sale,https://www.shopee.vn/search?q=8935769171628,2026-07-02 04:44:35
183,Lazada,165000.0,0.0,165000.0,,,https://www.lazada.vn/search?q=8935769171628,2026-07-02 04:44:35
183,TikTok Shop,156000.0,0.0,136000.0,Voucher Livestream 20k,,https://www.tiktokshop.vn/search?q=8935769171628,2026-07-02 04:44:35
183,GrabMart,204000.0,0.0,204000.0,,,https://www.grabmart.vn/search?q=8935769171628,2026-07-02 04:44:35
183,Pharmacity,181000.0,0.0,181000.0,,,https://www.pharmacity.vn/search?q=8935769171628,2026-07-02 04:44:35
183,Shopee,158000.0,8000.0,150000.0,,,https://www.shopee.vn/search?q=8935769171628,2026-07-03 04:44:35
183,Lazada,164000.0,8000.0,156000.0,,Combo mua 2 giảm 5%,https://www.lazada.vn/search?q=8935769171628,2026-07-03 04:44:35
183,TikTok Shop,170000.0,17000.0,153000.0,,,https://www.tiktokshop.vn/search?q=8935769171628,2026-07-03 04:44:35
183,GrabMart,203000.0,0.0,203000.0,,,https://www.grabmart.vn/search?q=8935769171628,2026-07-03 04:44:35
183,Pharmacity,178000.0,9000.0,169000.0,,,https://www.pharmacity.vn/search?q=8935769171628,2026-07-03 04:44:35
183,Shopee,172000.0,26000.0,146000.0,,,https://www.shopee.vn/search?q=8935769171628,2026-07-04 04:44:35
183,Lazada,166000.0,17000.0,149000.0,,Combo mua 2 giảm 5%,https://www.lazada.vn/search?q=8935769171628,2026-07-04 04:44:35
183,TikTok Shop,166000.0,17000.0,129000.0,Voucher Livestream 20k,,https://www.tiktokshop.vn/search?q=8935769171628,2026-07-04 04:44:35
183,GrabMart,183000.0,0.0,183000.0,,,https://www.grabmart.vn/search?q=8935769171628,2026-07-04 04:44:35
183,Pharmacity,177000.0,9000.0,168000.0,,,https://www.pharmacity.vn/search?q=8935769171628,2026-07-04 04:44:35
183,Shopee,153000.0,8000.0,145000.0,Freeship Extra,,https://www.shopee.vn/search?q=8935769171628,2026-07-05 04:44:35
183,Lazada,158000.0,16000.0,142000.0,,Combo mua 2 giảm 5%,https://www.lazada.vn/search?q=8935769171628,2026-07-05 04:44:35
183,TikTok Shop,149000.0,0.0,149000.0,,,https://www.tiktokshop.vn/search?q=8935769171628,2026-07-05 04:44:35
183,GrabMart,202000.0,0.0,202000.0,,,https://www.grabmart.vn/search?q=8935769171628,2026-07-05 04:44:35
183,Pharmacity,176000.0,0.0,176000.0,,,https://www.pharmacity.vn/search?q=8935769171628,2026-07-05 04:44:35
183,Shopee,158000.0,24000.0,134000.0,,,https://www.shopee.vn/search?q=8935769171628,2026-07-06 04:44:35
183,Lazada,173000.0,17000.0,156000.0,Voucher tích lũy,Combo mua 2 giảm 5%,https://www.lazada.vn/search?q=8935769171628,2026-07-06 04:44:35
183,TikTok Shop,155000.0,16000.0,139000.0,,Flash Sale hàng hiệu,https://www.tiktokshop.vn/search?q=8935769171628,2026-07-06 04:44:35
183,GrabMart,203000.0,0.0,203000.0,,,https://www.grabmart.vn/search?q=8935769171628,2026-07-06 04:44:35
183,Pharmacity,180000.0,9000.0,171000.0,,,https://www.pharmacity.vn/search?q=8935769171628,2026-07-06 04:44:35
184,Shopee,103000.0,15000.0,88000.0,Freeship Extra,Flash Sale,https://www.shopee.vn/search?q=8934995070880,2026-06-30 04:44:35
184,Lazada,105000.0,5000.0,100000.0,,,https://www.lazada.vn/search?q=8934995070880,2026-06-30 04:44:35
184,TikTok Shop,86000.0,0.0,86000.0,,,https://www.tiktokshop.vn/search?q=8934995070880,2026-06-30 04:44:35
184,GrabMart,116000.0,0.0,116000.0,,,https://www.grabmart.vn/search?q=8934995070880,2026-06-30 04:44:35
184,Pharmacity,104000.0,0.0,104000.0,,,https://www.pharmacity.vn/search?q=8934995070880,2026-06-30 04:44:35
184,Shopee,104000.0,10000.0,94000.0,,,https://www.shopee.vn/search?q=8934995070880,2026-07-01 04:44:35
184,Lazada,96000.0,10000.0,86000.0,,,https://www.lazada.vn/search?q=8934995070880,2026-07-01 04:44:35
184,TikTok Shop,89000.0,0.0,69000.0,Voucher Livestream 20k,,https://www.tiktokshop.vn/search?q=8934995070880,2026-07-01 04:44:35
184,GrabMart,110000.0,0.0,110000.0,,,https://www.grabmart.vn/search?q=8934995070880,2026-07-01 04:44:35
184,Pharmacity,104000.0,0.0,104000.0,,,https://www.pharmacity.vn/search?q=8934995070880,2026-07-01 04:44:35
184,Shopee,93000.0,0.0,93000.0,,,https://www.shopee.vn/search?q=8934995070880,2026-07-02 04:44:35
184,Lazada,102000.0,10000.0,92000.0,Voucher tích lũy,Combo mua 2 giảm 5%,https://www.lazada.vn/search?q=8934995070880,2026-07-02 04:44:35
184,TikTok Shop,100000.0,0.0,100000.0,,,https://www.tiktokshop.vn/search?q=8934995070880,2026-07-02 04:44:35
184,GrabMart,123000.0,0.0,123000.0,,,https://www.grabmart.vn/search?q=8934995070880,2026-07-02 04:44:35
184,Pharmacity,105000.0,0.0,105000.0,,,https://www.pharmacity.vn/search?q=8934995070880,2026-07-02 04:44:35
184,Shopee,93000.0,14000.0,79000.0,Freeship Extra,Flash Sale,https://www.shopee.vn/search?q=8934995070880,2026-07-03 04:44:35
184,Lazada,101000.0,0.0,101000.0,,,https://www.lazada.vn/search?q=8934995070880,2026-07-03 04:44:35
184,TikTok Shop,89000.0,0.0,69000.0,Voucher Livestream 20k,,https://www.tiktokshop.vn/search?q=8934995070880,2026-07-03 04:44:35
184,GrabMart,113000.0,0.0,113000.0,,,https://www.grabmart.vn/search?q=8934995070880,2026-07-03 04:44:35
184,Pharmacity,104000.0,5000.0,99000.0,,,https://www.pharmacity.vn/search?q=8934995070880,2026-07-03 04:44:35
184,Shopee,91000.0,0.0,81000.0,Mã giảm 10k,,https://www.shopee.vn/search?q=8934995070880,2026-07-04 04:44:35
184,Lazada,94000.0,5000.0,89000.0,Voucher tích lũy,,https://www.lazada.vn/search?q=8934995070880,2026-07-04 04:44:35
184,TikTok Shop,88000.0,13000.0,75000.0,,Flash Sale hàng hiệu,https://www.tiktokshop.vn/search?q=8934995070880,2026-07-04 04:44:35
184,GrabMart,119000.0,0.0,119000.0,,,https://www.grabmart.vn/search?q=8934995070880,2026-07-04 04:44:35
184,Pharmacity,108000.0,5000.0,103000.0,,,https://www.pharmacity.vn/search?q=8934995070880,2026-07-04 04:44:35
184,Shopee,94000.0,5000.0,89000.0,,,https://www.shopee.vn/search?q=8934995070880,2026-07-05 04:44:35
184,Lazada,94000.0,5000.0,89000.0,Voucher tích lũy,,https://www.lazada.vn/search?q=8934995070880,2026-07-05 04:44:35
184,TikTok Shop,87000.0,9000.0,58000.0,Voucher Livestream 20k,Flash Sale hàng hiệu,https://www.tiktokshop.vn/search?q=8934995070880,2026-07-05 04:44:35
184,GrabMart,111000.0,0.0,111000.0,,,https://www.grabmart.vn/search?q=8934995070880,2026-07-05 04:44:35
184,Pharmacity,103000.0,0.0,103000.0,,,https://www.pharmacity.vn/search?q=8934995070880,2026-07-05 04:44:35
184,Shopee,95000.0,10000.0,85000.0,Freeship Extra,,https://www.shopee.vn/search?q=8934995070880,2026-07-06 04:44:35
184,Lazada,99000.0,5000.0,94000.0,Voucher tích lũy,,https://www.lazada.vn/search?q=8934995070880,2026-07-06 04:44:35
184,TikTok Shop,96000.0,0.0,76000.0,Voucher Livestream 20k,Flash Sale hàng hiệu,https://www.tiktokshop.vn/search?q=8934995070880,2026-07-06 04:44:35
184,GrabMart,107000.0,0.0,107000.0,,,https://www.grabmart.vn/search?q=8934995070880,2026-07-06 04:44:35
184,Pharmacity,104000.0,5000.0,99000.0,,,https://www.pharmacity.vn/search?q=8934995070880,2026-07-06 04:44:35
185,Shopee,88000.0,4000.0,84000.0,Freeship Extra,,https://www.shopee.vn/search?q=8932647528642,2026-06-30 04:44:35
185,Lazada,87000.0,4000.0,83000.0,,Combo mua 2 giảm 5%,https://www.lazada.vn/search?q=8932647528642,2026-06-30 04:44:35
185,TikTok Shop,84000.0,0.0,84000.0,,,https://www.tiktokshop.vn/search?q=8932647528642,2026-06-30 04:44:35
185,GrabMart,97000.0,0.0,97000.0,,,https://www.grabmart.vn/search?q=8932647528642,2026-06-30 04:44:35
185,Pharmacity,87000.0,4000.0,83000.0,,,https://www.pharmacity.vn/search?q=8932647528642,2026-06-30 04:44:35
185,Shopee,79000.0,4000.0,65000.0,Mã giảm 10k,,https://www.shopee.vn/search?q=8932647528642,2026-07-01 04:44:35
185,Lazada,79000.0,8000.0,71000.0,,,https://www.lazada.vn/search?q=8932647528642,2026-07-01 04:44:35
185,TikTok Shop,77000.0,0.0,57000.0,Voucher Livestream 20k,Flash Sale hàng hiệu,https://www.tiktokshop.vn/search?q=8932647528642,2026-07-01 04:44:35
185,GrabMart,89000.0,0.0,89000.0,,,https://www.grabmart.vn/search?q=8932647528642,2026-07-01 04:44:35
185,Pharmacity,87000.0,0.0,87000.0,,,https://www.pharmacity.vn/search?q=8932647528642,2026-07-01 04:44:35
185,Shopee,85000.0,4000.0,81000.0,,,https://www.shopee.vn/search?q=8932647528642,2026-07-02 04:44:35
185,Lazada,81000.0,8000.0,73000.0,,Combo mua 2 giảm 5%,https://www.lazada.vn/search?q=8932647528642,2026-07-02 04:44:35
185,TikTok Shop,79000.0,12000.0,47000.0,Voucher Livestream 20k,,https://www.tiktokshop.vn/search?q=8932647528642,2026-07-02 04:44:35
185,GrabMart,93000.0,0.0,93000.0,,,https://www.grabmart.vn/search?q=8932647528642,2026-07-02 04:44:35
185,Pharmacity,90000.0,0.0,90000.0,,,https://www.pharmacity.vn/search?q=8932647528642,2026-07-02 04:44:35
185,Shopee,80000.0,8000.0,72000.0,,,https://www.shopee.vn/search?q=8932647528642,2026-07-03 04:44:35
185,Lazada,88000.0,9000.0,79000.0,,Combo mua 2 giảm 5%,https://www.lazada.vn/search?q=8932647528642,2026-07-03 04:44:35
185,TikTok Shop,81000.0,12000.0,49000.0,Voucher Livestream 20k,,https://www.tiktokshop.vn/search?q=8932647528642,2026-07-03 04:44:35
185,GrabMart,98000.0,0.0,98000.0,,,https://www.grabmart.vn/search?q=8932647528642,2026-07-03 04:44:35
185,Pharmacity,91000.0,0.0,91000.0,,,https://www.pharmacity.vn/search?q=8932647528642,2026-07-03 04:44:35
185,Shopee,79000.0,12000.0,57000.0,Mã giảm 10k,,https://www.shopee.vn/search?q=8932647528642,2026-07-04 04:44:35
185,Lazada,82000.0,8000.0,74000.0,Voucher tích lũy,,https://www.lazada.vn/search?q=8932647528642,2026-07-04 04:44:35
185,TikTok Shop,86000.0,0.0,86000.0,,Flash Sale hàng hiệu,https://www.tiktokshop.vn/search?q=8932647528642,2026-07-04 04:44:35
185,GrabMart,94000.0,0.0,94000.0,,,https://www.grabmart.vn/search?q=8932647528642,2026-07-04 04:44:35
185,Pharmacity,89000.0,0.0,89000.0,,,https://www.pharmacity.vn/search?q=8932647528642,2026-07-04 04:44:35
185,Shopee,77000.0,12000.0,65000.0,Freeship Extra,Flash Sale,https://www.shopee.vn/search?q=8932647528642,2026-07-05 04:44:35
185,Lazada,88000.0,4000.0,84000.0,,Combo mua 2 giảm 5%,https://www.lazada.vn/search?q=8932647528642,2026-07-05 04:44:35
185,TikTok Shop,81000.0,8000.0,73000.0,,,https://www.tiktokshop.vn/search?q=8932647528642,2026-07-05 04:44:35
185,GrabMart,103000.0,0.0,103000.0,,,https://www.grabmart.vn/search?q=8932647528642,2026-07-05 04:44:35
185,Pharmacity,88000.0,4000.0,84000.0,,,https://www.pharmacity.vn/search?q=8932647528642,2026-07-05 04:44:35
185,Shopee,85000.0,13000.0,72000.0,,Flash Sale,https://www.shopee.vn/search?q=8932647528642,2026-07-06 04:44:35
185,Lazada,86000.0,0.0,86000.0,Voucher tích lũy,Combo mua 2 giảm 5%,https://www.lazada.vn/search?q=8932647528642,2026-07-06 04:44:35
185,TikTok Shop,79000.0,12000.0,67000.0,,Flash Sale hàng hiệu,https://www.tiktokshop.vn/search?q=8932647528642,2026-07-06 04:44:35
185,GrabMart,93000.0,0.0,93000.0,,,https://www.grabmart.vn/search?q=8932647528642,2026-07-06 04:44:35
185,Pharmacity,88000.0,4000.0,84000.0,,,https://www.pharmacity.vn/search?q=8932647528642,2026-07-06 04:44:35
186,Shopee,70000.0,10000.0,60000.0,,Flash Sale,https://www.shopee.vn/search?q=8932822250184,2026-06-30 04:44:35
186,Lazada,68000.0,7000.0,61000.0,Voucher tích lũy,,https://www.lazada.vn/search?q=8932822250184,2026-06-30 04:44:35
186,TikTok Shop,66000.0,7000.0,59000.0,,,https://www.tiktokshop.vn/search?q=8932822250184,2026-06-30 04:44:35
186,GrabMart,74000.0,0.0,74000.0,,,https://www.grabmart.vn/search?q=8932822250184,2026-06-30 04:44:35
186,Pharmacity,76000.0,0.0,76000.0,,,https://www.pharmacity.vn/search?q=8932822250184,2026-06-30 04:44:35
186,Shopee,64000.0,6000.0,58000.0,,Flash Sale,https://www.shopee.vn/search?q=8932822250184,2026-07-01 04:44:35
186,Lazada,69000.0,0.0,69000.0,,,https://www.lazada.vn/search?q=8932822250184,2026-07-01 04:44:35
186,TikTok Shop,66000.0,10000.0,36000.0,Voucher Livestream 20k,Flash Sale hàng hiệu,https://www.tiktokshop.vn/search?q=8932822250184,2026-07-01 04:44:35
186,GrabMart,75000.0,0.0,75000.0,,,https://www.grabmart.vn/search?q=8932822250184,2026-07-01 04:44:35
186,Pharmacity,75000.0,0.0,75000.0,,,https://www.pharmacity.vn/search?q=8932822250184,2026-07-01 04:44:35
186,Shopee,63000.0,9000.0,54000.0,,Flash Sale,https://www.shopee.vn/search?q=8932822250184,2026-07-02 04:44:35
186,Lazada,72000.0,4000.0,68000.0,,Combo mua 2 giảm 5%,https://www.lazada.vn/search?q=8932822250184,2026-07-02 04:44:35
186,TikTok Shop,64000.0,0.0,64000.0,,Flash Sale hàng hiệu,https://www.tiktokshop.vn/search?q=8932822250184,2026-07-02 04:44:35
186,GrabMart,83000.0,0.0,83000.0,,,https://www.grabmart.vn/search?q=8932822250184,2026-07-02 04:44:35
186,Pharmacity,74000.0,0.0,74000.0,,,https://www.pharmacity.vn/search?q=8932822250184,2026-07-02 04:44:35
186,Shopee,70000.0,0.0,70000.0,,,https://www.shopee.vn/search?q=8932822250184,2026-07-03 04:44:35
186,Lazada,69000.0,0.0,69000.0,Voucher tích lũy,,https://www.lazada.vn/search?q=8932822250184,2026-07-03 04:44:35
186,TikTok Shop,66000.0,0.0,66000.0,,,https://www.tiktokshop.vn/search?q=8932822250184,2026-07-03 04:44:35
186,GrabMart,77000.0,0.0,77000.0,,,https://www.grabmart.vn/search?q=8932822250184,2026-07-03 04:44:35
186,Pharmacity,73000.0,0.0,73000.0,,,https://www.pharmacity.vn/search?q=8932822250184,2026-07-03 04:44:35
186,Shopee,73000.0,4000.0,59000.0,Mã giảm 10k,,https://www.shopee.vn/search?q=8932822250184,2026-07-04 04:44:35
186,Lazada,70000.0,4000.0,66000.0,,,https://www.lazada.vn/search?q=8932822250184,2026-07-04 04:44:35
186,TikTok Shop,65000.0,10000.0,55000.0,,Flash Sale hàng hiệu,https://www.tiktokshop.vn/search?q=8932822250184,2026-07-04 04:44:35
186,GrabMart,78000.0,0.0,78000.0,,,https://www.grabmart.vn/search?q=8932822250184,2026-07-04 04:44:35
186,Pharmacity,73000.0,4000.0,69000.0,,,https://www.pharmacity.vn/search?q=8932822250184,2026-07-04 04:44:35
186,Shopee,71000.0,0.0,61000.0,Mã giảm 10k,Flash Sale,https://www.shopee.vn/search?q=8932822250184,2026-07-05 04:44:35
186,Lazada,71000.0,4000.0,67000.0,Voucher tích lũy,,https://www.lazada.vn/search?q=8932822250184,2026-07-05 04:44:35
186,TikTok Shop,68000.0,10000.0,38000.0,Voucher Livestream 20k,,https://www.tiktokshop.vn/search?q=8932822250184,2026-07-05 04:44:35
186,GrabMart,73000.0,0.0,73000.0,,,https://www.grabmart.vn/search?q=8932822250184,2026-07-05 04:44:35
186,Pharmacity,73000.0,4000.0,69000.0,,,https://www.pharmacity.vn/search?q=8932822250184,2026-07-05 04:44:35
186,Shopee,63000.0,6000.0,47000.0,Mã giảm 10k,,https://www.shopee.vn/search?q=8932822250184,2026-07-06 04:44:35
186,Lazada,68000.0,3000.0,65000.0,,,https://www.lazada.vn/search?q=8932822250184,2026-07-06 04:44:35
186,TikTok Shop,67000.0,0.0,67000.0,,Flash Sale hàng hiệu,https://www.tiktokshop.vn/search?q=8932822250184,2026-07-06 04:44:35
186,GrabMart,75000.0,0.0,75000.0,,,https://www.grabmart.vn/search?q=8932822250184,2026-07-06 04:44:35
186,Pharmacity,74000.0,4000.0,70000.0,,,https://www.pharmacity.vn/search?q=8932822250184,2026-07-06 04:44:35
187,Shopee,249000.0,37000.0,202000.0,Mã giảm 10k,Flash Sale,https://www.shopee.vn/search?q=8934231654416,2026-06-30 04:44:35
187,Lazada,255000.0,13000.0,242000.0,Voucher tích lũy,,https://www.lazada.vn/search?q=8934231654416,2026-06-30 04:44:35
187,TikTok Shop,239000.0,36000.0,203000.0,,Flash Sale hàng hiệu,https://www.tiktokshop.vn/search?q=8934231654416,2026-06-30 04:44:35
187,GrabMart,300000.0,0.0,300000.0,,,https://www.grabmart.vn/search?q=8934231654416,2026-06-30 04:44:35
187,Pharmacity,268000.0,0.0,268000.0,,,https://www.pharmacity.vn/search?q=8934231654416,2026-06-30 04:44:35
187,Shopee,265000.0,40000.0,225000.0,,Flash Sale,https://www.shopee.vn/search?q=8934231654416,2026-07-01 04:44:35
187,Lazada,248000.0,12000.0,236000.0,,Combo mua 2 giảm 5%,https://www.lazada.vn/search?q=8934231654416,2026-07-01 04:44:35
187,TikTok Shop,222000.0,0.0,202000.0,Voucher Livestream 20k,,https://www.tiktokshop.vn/search?q=8934231654416,2026-07-01 04:44:35
187,GrabMart,281000.0,0.0,281000.0,,,https://www.grabmart.vn/search?q=8934231654416,2026-07-01 04:44:35
187,Pharmacity,278000.0,0.0,278000.0,,,https://www.pharmacity.vn/search?q=8934231654416,2026-07-01 04:44:35
187,Shopee,268000.0,27000.0,241000.0,Freeship Extra,,https://www.shopee.vn/search?q=8934231654416,2026-07-02 04:44:35
187,Lazada,252000.0,13000.0,239000.0,Voucher tích lũy,,https://www.lazada.vn/search?q=8934231654416,2026-07-02 04:44:35
187,TikTok Shop,255000.0,0.0,255000.0,,Flash Sale hàng hiệu,https://www.tiktokshop.vn/search?q=8934231654416,2026-07-02 04:44:35
187,GrabMart,288000.0,0.0,288000.0,,,https://www.grabmart.vn/search?q=8934231654416,2026-07-02 04:44:35
187,Pharmacity,280000.0,0.0,280000.0,,,https://www.pharmacity.vn/search?q=8934231654416,2026-07-02 04:44:35
187,Shopee,251000.0,38000.0,213000.0,Freeship Extra,Flash Sale,https://www.shopee.vn/search?q=8934231654416,2026-07-03 04:44:35
187,Lazada,252000.0,0.0,252000.0,,Combo mua 2 giảm 5%,https://www.lazada.vn/search?q=8934231654416,2026-07-03 04:44:35
187,TikTok Shop,259000.0,39000.0,200000.0,Voucher Livestream 20k,,https://www.tiktokshop.vn/search?q=8934231654416,2026-07-03 04:44:35
187,GrabMart,290000.0,0.0,290000.0,,,https://www.grabmart.vn/search?q=8934231654416,2026-07-03 04:44:35
187,Pharmacity,280000.0,14000.0,266000.0,,,https://www.pharmacity.vn/search?q=8934231654416,2026-07-03 04:44:35
187,Shopee,254000.0,0.0,244000.0,Mã giảm 10k,Flash Sale,https://www.shopee.vn/search?q=8934231654416,2026-07-04 04:44:35
187,Lazada,243000.0,24000.0,219000.0,Voucher tích lũy,Combo mua 2 giảm 5%,https://www.lazada.vn/search?q=8934231654416,2026-07-04 04:44:35
187,TikTok Shop,224000.0,0.0,224000.0,,Flash Sale hàng hiệu,https://www.tiktokshop.vn/search?q=8934231654416,2026-07-04 04:44:35
187,GrabMart,283000.0,0.0,283000.0,,,https://www.grabmart.vn/search?q=8934231654416,2026-07-04 04:44:35
187,Pharmacity,282000.0,14000.0,268000.0,,,https://www.pharmacity.vn/search?q=8934231654416,2026-07-04 04:44:35
187,Shopee,250000.0,25000.0,225000.0,,,https://www.shopee.vn/search?q=8934231654416,2026-07-05 04:44:35
187,Lazada,250000.0,12000.0,238000.0,,Combo mua 2 giảm 5%,https://www.lazada.vn/search?q=8934231654416,2026-07-05 04:44:35
187,TikTok Shop,255000.0,38000.0,217000.0,,,https://www.tiktokshop.vn/search?q=8934231654416,2026-07-05 04:44:35
187,GrabMart,299000.0,0.0,299000.0,,,https://www.grabmart.vn/search?q=8934231654416,2026-07-05 04:44:35
187,Pharmacity,269000.0,0.0,269000.0,,,https://www.pharmacity.vn/search?q=8934231654416,2026-07-05 04:44:35
187,Shopee,241000.0,36000.0,205000.0,,Flash Sale,https://www.shopee.vn/search?q=8934231654416,2026-07-06 04:44:35
187,Lazada,254000.0,25000.0,229000.0,Voucher tích lũy,,https://www.lazada.vn/search?q=8934231654416,2026-07-06 04:44:35
187,TikTok Shop,234000.0,23000.0,191000.0,Voucher Livestream 20k,Flash Sale hàng hiệu,https://www.tiktokshop.vn/search?q=8934231654416,2026-07-06 04:44:35
187,GrabMart,283000.0,0.0,283000.0,,,https://www.grabmart.vn/search?q=8934231654416,2026-07-06 04:44:35
187,Pharmacity,266000.0,13000.0,253000.0,,,https://www.pharmacity.vn/search?q=8934231654416,2026-07-06 04:44:35
188,Shopee,782000.0,78000.0,704000.0,Freeship Extra,,https://www.shopee.vn/search?q=8935646726361,2026-06-30 04:44:35
188,Lazada,812000.0,81000.0,731000.0,,,https://www.lazada.vn/search?q=8935646726361,2026-06-30 04:44:35
188,TikTok Shop,725000.0,72000.0,653000.0,,,https://www.tiktokshop.vn/search?q=8935646726361,2026-06-30 04:44:35
188,GrabMart,873000.0,0.0,873000.0,,,https://www.grabmart.vn/search?q=8935646726361,2026-06-30 04:44:35
188,Pharmacity,877000.0,44000.0,833000.0,,,https://www.pharmacity.vn/search?q=8935646726361,2026-06-30 04:44:35
188,Shopee,736000.0,110000.0,626000.0,Freeship Extra,Flash Sale,https://www.shopee.vn/search?q=8935646726361,2026-07-01 04:44:35
188,Lazada,759000.0,0.0,759000.0,Voucher tích lũy,Combo mua 2 giảm 5%,https://www.lazada.vn/search?q=8935646726361,2026-07-01 04:44:35
188,TikTok Shop,810000.0,81000.0,729000.0,,Flash Sale hàng hiệu,https://www.tiktokshop.vn/search?q=8935646726361,2026-07-01 04:44:35
188,GrabMart,998000.0,0.0,998000.0,,,https://www.grabmart.vn/search?q=8935646726361,2026-07-01 04:44:35
188,Pharmacity,859000.0,0.0,859000.0,,,https://www.pharmacity.vn/search?q=8935646726361,2026-07-01 04:44:35
188,Shopee,793000.0,119000.0,674000.0,Freeship Extra,,https://www.shopee.vn/search?q=8935646726361,2026-07-02 04:44:35
188,Lazada,779000.0,39000.0,740000.0,Voucher tích lũy,Combo mua 2 giảm 5%,https://www.lazada.vn/search?q=8935646726361,2026-07-02 04:44:35
188,TikTok Shop,798000.0,0.0,778000.0,Voucher Livestream 20k,Flash Sale hàng hiệu,https://www.tiktokshop.vn/search?q=8935646726361,2026-07-02 04:44:35
188,GrabMart,970000.0,0.0,970000.0,,,https://www.grabmart.vn/search?q=8935646726361,2026-07-02 04:44:35
188,Pharmacity,899000.0,0.0,899000.0,,,https://www.pharmacity.vn/search?q=8935646726361,2026-07-02 04:44:35
188,Shopee,808000.0,40000.0,768000.0,,,https://www.shopee.vn/search?q=8935646726361,2026-07-03 04:44:35
188,Lazada,801000.0,40000.0,761000.0,Voucher tích lũy,,https://www.lazada.vn/search?q=8935646726361,2026-07-03 04:44:35
188,TikTok Shop,790000.0,118000.0,652000.0,Voucher Livestream 20k,Flash Sale hàng hiệu,https://www.tiktokshop.vn/search?q=8935646726361,2026-07-03 04:44:35
188,GrabMart,918000.0,0.0,918000.0,,,https://www.grabmart.vn/search?q=8935646726361,2026-07-03 04:44:35
188,Pharmacity,876000.0,44000.0,832000.0,,,https://www.pharmacity.vn/search?q=8935646726361,2026-07-03 04:44:35
188,Shopee,826000.0,0.0,816000.0,Mã giảm 10k,Flash Sale,https://www.shopee.vn/search?q=8935646726361,2026-07-04 04:44:35
188,Lazada,836000.0,84000.0,752000.0,Voucher tích lũy,,https://www.lazada.vn/search?q=8935646726361,2026-07-04 04:44:35
188,TikTok Shop,747000.0,0.0,727000.0,Voucher Livestream 20k,Flash Sale hàng hiệu,https://www.tiktokshop.vn/search?q=8935646726361,2026-07-04 04:44:35
188,GrabMart,875000.0,0.0,875000.0,,,https://www.grabmart.vn/search?q=8935646726361,2026-07-04 04:44:35
188,Pharmacity,897000.0,45000.0,852000.0,,,https://www.pharmacity.vn/search?q=8935646726361,2026-07-04 04:44:35
188,Shopee,850000.0,85000.0,765000.0,Freeship Extra,,https://www.shopee.vn/search?q=8935646726361,2026-07-05 04:44:35
188,Lazada,771000.0,0.0,771000.0,Voucher tích lũy,,https://www.lazada.vn/search?q=8935646726361,2026-07-05 04:44:35
188,TikTok Shop,741000.0,111000.0,610000.0,Voucher Livestream 20k,,https://www.tiktokshop.vn/search?q=8935646726361,2026-07-05 04:44:35
188,GrabMart,948000.0,0.0,948000.0,,,https://www.grabmart.vn/search?q=8935646726361,2026-07-05 04:44:35
188,Pharmacity,870000.0,44000.0,826000.0,,,https://www.pharmacity.vn/search?q=8935646726361,2026-07-05 04:44:35
188,Shopee,735000.0,110000.0,625000.0,,,https://www.shopee.vn/search?q=8935646726361,2026-07-06 04:44:35
188,Lazada,845000.0,0.0,845000.0,Voucher tích lũy,,https://www.lazada.vn/search?q=8935646726361,2026-07-06 04:44:35
188,TikTok Shop,785000.0,118000.0,667000.0,,Flash Sale hàng hiệu,https://www.tiktokshop.vn/search?q=8935646726361,2026-07-06 04:44:35
188,GrabMart,898000.0,0.0,898000.0,,,https://www.grabmart.vn/search?q=8935646726361,2026-07-06 04:44:35
188,Pharmacity,895000.0,0.0,895000.0,,,https://www.pharmacity.vn/search?q=8935646726361,2026-07-06 04:44:35
189,Shopee,574000.0,0.0,574000.0,Freeship Extra,Flash Sale,https://www.shopee.vn/search?q=8932718265339,2026-06-30 04:44:35
189,Lazada,610000.0,30000.0,580000.0,Voucher tích lũy,,https://www.lazada.vn/search?q=8932718265339,2026-06-30 04:44:35
189,TikTok Shop,550000.0,55000.0,495000.0,,,https://www.tiktokshop.vn/search?q=8932718265339,2026-06-30 04:44:35
189,GrabMart,651000.0,0.0,651000.0,,,https://www.grabmart.vn/search?q=8932718265339,2026-06-30 04:44:35
189,Pharmacity,642000.0,0.0,642000.0,,,https://www.pharmacity.vn/search?q=8932718265339,2026-06-30 04:44:35
189,Shopee,627000.0,0.0,627000.0,Freeship Extra,,https://www.shopee.vn/search?q=8932718265339,2026-07-01 04:44:35
189,Lazada,620000.0,31000.0,589000.0,,,https://www.lazada.vn/search?q=8932718265339,2026-07-01 04:44:35
189,TikTok Shop,538000.0,81000.0,437000.0,Voucher Livestream 20k,Flash Sale hàng hiệu,https://www.tiktokshop.vn/search?q=8932718265339,2026-07-01 04:44:35
189,GrabMart,632000.0,0.0,632000.0,,,https://www.grabmart.vn/search?q=8932718265339,2026-07-01 04:44:35
189,Pharmacity,627000.0,0.0,627000.0,,,https://www.pharmacity.vn/search?q=8932718265339,2026-07-01 04:44:35
189,Shopee,534000.0,53000.0,481000.0,Freeship Extra,Flash Sale,https://www.shopee.vn/search?q=8932718265339,2026-07-02 04:44:35
189,Lazada,561000.0,28000.0,533000.0,Voucher tích lũy,,https://www.lazada.vn/search?q=8932718265339,2026-07-02 04:44:35
189,TikTok Shop,606000.0,61000.0,545000.0,,Flash Sale hàng hiệu,https://www.tiktokshop.vn/search?q=8932718265339,2026-07-02 04:44:35
189,GrabMart,697000.0,0.0,697000.0,,,https://www.grabmart.vn/search?q=8932718265339,2026-07-02 04:44:35
189,Pharmacity,621000.0,0.0,621000.0,,,https://www.pharmacity.vn/search?q=8932718265339,2026-07-02 04:44:35
189,Shopee,599000.0,0.0,589000.0,Mã giảm 10k,,https://www.shopee.vn/search?q=8932718265339,2026-07-03 04:44:35
189,Lazada,579000.0,58000.0,521000.0,,Combo mua 2 giảm 5%,https://www.lazada.vn/search?q=8932718265339,2026-07-03 04:44:35
189,TikTok Shop,573000.0,86000.0,467000.0,Voucher Livestream 20k,,https://www.tiktokshop.vn/search?q=8932718265339,2026-07-03 04:44:35
189,GrabMart,699000.0,0.0,699000.0,,,https://www.grabmart.vn/search?q=8932718265339,2026-07-03 04:44:35
189,Pharmacity,626000.0,0.0,626000.0,,,https://www.pharmacity.vn/search?q=8932718265339,2026-07-03 04:44:35
189,Shopee,538000.0,54000.0,484000.0,Freeship Extra,,https://www.shopee.vn/search?q=8932718265339,2026-07-04 04:44:35
189,Lazada,616000.0,62000.0,554000.0,,Combo mua 2 giảm 5%,https://www.lazada.vn/search?q=8932718265339,2026-07-04 04:44:35
189,TikTok Shop,509000.0,51000.0,458000.0,,,https://www.tiktokshop.vn/search?q=8932718265339,2026-07-04 04:44:35
189,GrabMart,678000.0,0.0,678000.0,,,https://www.grabmart.vn/search?q=8932718265339,2026-07-04 04:44:35
189,Pharmacity,652000.0,0.0,652000.0,,,https://www.pharmacity.vn/search?q=8932718265339,2026-07-04 04:44:35
189,Shopee,570000.0,57000.0,513000.0,,Flash Sale,https://www.shopee.vn/search?q=8932718265339,2026-07-05 04:44:35
189,Lazada,614000.0,0.0,614000.0,,,https://www.lazada.vn/search?q=8932718265339,2026-07-05 04:44:35
189,TikTok Shop,561000.0,0.0,541000.0,Voucher Livestream 20k,,https://www.tiktokshop.vn/search?q=8932718265339,2026-07-05 04:44:35
189,GrabMart,671000.0,0.0,671000.0,,,https://www.grabmart.vn/search?q=8932718265339,2026-07-05 04:44:35
189,Pharmacity,634000.0,32000.0,602000.0,,,https://www.pharmacity.vn/search?q=8932718265339,2026-07-05 04:44:35
189,Shopee,584000.0,58000.0,516000.0,Mã giảm 10k,Flash Sale,https://www.shopee.vn/search?q=8932718265339,2026-07-06 04:44:35
189,Lazada,604000.0,0.0,604000.0,,Combo mua 2 giảm 5%,https://www.lazada.vn/search?q=8932718265339,2026-07-06 04:44:35
189,TikTok Shop,524000.0,79000.0,425000.0,Voucher Livestream 20k,,https://www.tiktokshop.vn/search?q=8932718265339,2026-07-06 04:44:35
189,GrabMart,695000.0,0.0,695000.0,,,https://www.grabmart.vn/search?q=8932718265339,2026-07-06 04:44:35
189,Pharmacity,631000.0,32000.0,599000.0,,,https://www.pharmacity.vn/search?q=8932718265339,2026-07-06 04:44:35
190,Shopee,618000.0,0.0,618000.0,Freeship Extra,,https://www.shopee.vn/search?q=8930691961279,2026-06-30 04:44:35
190,Lazada,698000.0,0.0,698000.0,,Combo mua 2 giảm 5%,https://www.lazada.vn/search?q=8930691961279,2026-06-30 04:44:35
190,TikTok Shop,587000.0,0.0,567000.0,Voucher Livestream 20k,,https://www.tiktokshop.vn/search?q=8930691961279,2026-06-30 04:44:35
190,GrabMart,797000.0,0.0,797000.0,,,https://www.grabmart.vn/search?q=8930691961279,2026-06-30 04:44:35
190,Pharmacity,742000.0,37000.0,705000.0,,,https://www.pharmacity.vn/search?q=8930691961279,2026-06-30 04:44:35
190,Shopee,634000.0,63000.0,571000.0,Freeship Extra,Flash Sale,https://www.shopee.vn/search?q=8930691961279,2026-07-01 04:44:35
190,Lazada,679000.0,0.0,679000.0,Voucher tích lũy,Combo mua 2 giảm 5%,https://www.lazada.vn/search?q=8930691961279,2026-07-01 04:44:35
190,TikTok Shop,697000.0,105000.0,572000.0,Voucher Livestream 20k,,https://www.tiktokshop.vn/search?q=8930691961279,2026-07-01 04:44:35
190,GrabMart,728000.0,0.0,728000.0,,,https://www.grabmart.vn/search?q=8930691961279,2026-07-01 04:44:35
190,Pharmacity,698000.0,35000.0,663000.0,,,https://www.pharmacity.vn/search?q=8930691961279,2026-07-01 04:44:35
190,Shopee,697000.0,35000.0,652000.0,Mã giảm 10k,,https://www.shopee.vn/search?q=8930691961279,2026-07-02 04:44:35
190,Lazada,682000.0,34000.0,648000.0,,Combo mua 2 giảm 5%,https://www.lazada.vn/search?q=8930691961279,2026-07-02 04:44:35
190,TikTok Shop,650000.0,98000.0,552000.0,,,https://www.tiktokshop.vn/search?q=8930691961279,2026-07-02 04:44:35
190,GrabMart,830000.0,0.0,830000.0,,,https://www.grabmart.vn/search?q=8930691961279,2026-07-02 04:44:35
190,Pharmacity,720000.0,0.0,720000.0,,,https://www.pharmacity.vn/search?q=8930691961279,2026-07-02 04:44:35
190,Shopee,604000.0,60000.0,544000.0,Freeship Extra,Flash Sale,https://www.shopee.vn/search?q=8930691961279,2026-07-03 04:44:35
190,Lazada,660000.0,66000.0,594000.0,,,https://www.lazada.vn/search?q=8930691961279,2026-07-03 04:44:35
190,TikTok Shop,652000.0,98000.0,534000.0,Voucher Livestream 20k,,https://www.tiktokshop.vn/search?q=8930691961279,2026-07-03 04:44:35
190,GrabMart,734000.0,0.0,734000.0,,,https://www.grabmart.vn/search?q=8930691961279,2026-07-03 04:44:35
190,Pharmacity,735000.0,0.0,735000.0,,,https://www.pharmacity.vn/search?q=8930691961279,2026-07-03 04:44:35
190,Shopee,646000.0,32000.0,614000.0,Freeship Extra,Flash Sale,https://www.shopee.vn/search?q=8930691961279,2026-07-04 04:44:35
190,Lazada,628000.0,31000.0,597000.0,,Combo mua 2 giảm 5%,https://www.lazada.vn/search?q=8930691961279,2026-07-04 04:44:35
190,TikTok Shop,611000.0,0.0,591000.0,Voucher Livestream 20k,Flash Sale hàng hiệu,https://www.tiktokshop.vn/search?q=8930691961279,2026-07-04 04:44:35
190,GrabMart,809000.0,0.0,809000.0,,,https://www.grabmart.vn/search?q=8930691961279,2026-07-04 04:44:35
190,Pharmacity,711000.0,0.0,711000.0,,,https://www.pharmacity.vn/search?q=8930691961279,2026-07-04 04:44:35
190,Shopee,715000.0,107000.0,608000.0,Freeship Extra,Flash Sale,https://www.shopee.vn/search?q=8930691961279,2026-07-05 04:44:35
190,Lazada,698000.0,70000.0,628000.0,,,https://www.lazada.vn/search?q=8930691961279,2026-07-05 04:44:35
190,TikTok Shop,622000.0,93000.0,509000.0,Voucher Livestream 20k,Flash Sale hàng hiệu,https://www.tiktokshop.vn/search?q=8930691961279,2026-07-05 04:44:35
190,GrabMart,748000.0,0.0,748000.0,,,https://www.grabmart.vn/search?q=8930691961279,2026-07-05 04:44:35
190,Pharmacity,716000.0,36000.0,680000.0,,,https://www.pharmacity.vn/search?q=8930691961279,2026-07-05 04:44:35
190,Shopee,650000.0,32000.0,618000.0,,,https://www.shopee.vn/search?q=8930691961279,2026-07-06 04:44:35
190,Lazada,662000.0,33000.0,629000.0,Voucher tích lũy,Combo mua 2 giảm 5%,https://www.lazada.vn/search?q=8930691961279,2026-07-06 04:44:35
190,TikTok Shop,651000.0,98000.0,533000.0,Voucher Livestream 20k,Flash Sale hàng hiệu,https://www.tiktokshop.vn/search?q=8930691961279,2026-07-06 04:44:35
190,GrabMart,787000.0,0.0,787000.0,,,https://www.grabmart.vn/search?q=8930691961279,2026-07-06 04:44:35
190,Pharmacity,704000.0,35000.0,669000.0,,,https://www.pharmacity.vn/search?q=8930691961279,2026-07-06 04:44:35
191,Shopee,371000.0,56000.0,305000.0,Mã giảm 10k,,https://www.shopee.vn/search?q=8930429862267,2026-06-30 04:44:35
191,Lazada,435000.0,44000.0,391000.0,Voucher tích lũy,,https://www.lazada.vn/search?q=8930429862267,2026-06-30 04:44:35
191,TikTok Shop,370000.0,37000.0,313000.0,Voucher Livestream 20k,,https://www.tiktokshop.vn/search?q=8930429862267,2026-06-30 04:44:35
191,GrabMart,483000.0,0.0,483000.0,,,https://www.grabmart.vn/search?q=8930429862267,2026-06-30 04:44:35
191,Pharmacity,451000.0,0.0,451000.0,,,https://www.pharmacity.vn/search?q=8930429862267,2026-06-30 04:44:35
191,Shopee,386000.0,58000.0,318000.0,Mã giảm 10k,Flash Sale,https://www.shopee.vn/search?q=8930429862267,2026-07-01 04:44:35
191,Lazada,422000.0,21000.0,401000.0,,Combo mua 2 giảm 5%,https://www.lazada.vn/search?q=8930429862267,2026-07-01 04:44:35
191,TikTok Shop,422000.0,42000.0,380000.0,,Flash Sale hàng hiệu,https://www.tiktokshop.vn/search?q=8930429862267,2026-07-01 04:44:35
191,GrabMart,450000.0,0.0,450000.0,,,https://www.grabmart.vn/search?q=8930429862267,2026-07-01 04:44:35
191,Pharmacity,436000.0,0.0,436000.0,,,https://www.pharmacity.vn/search?q=8930429862267,2026-07-01 04:44:35
191,Shopee,374000.0,37000.0,337000.0,Freeship Extra,,https://www.shopee.vn/search?q=8930429862267,2026-07-02 04:44:35
191,Lazada,389000.0,0.0,389000.0,,,https://www.lazada.vn/search?q=8930429862267,2026-07-02 04:44:35
191,TikTok Shop,368000.0,0.0,348000.0,Voucher Livestream 20k,,https://www.tiktokshop.vn/search?q=8930429862267,2026-07-02 04:44:35
191,GrabMart,444000.0,0.0,444000.0,,,https://www.grabmart.vn/search?q=8930429862267,2026-07-02 04:44:35
191,Pharmacity,456000.0,23000.0,433000.0,,,https://www.pharmacity.vn/search?q=8930429862267,2026-07-02 04:44:35
191,Shopee,391000.0,59000.0,322000.0,Mã giảm 10k,,https://www.shopee.vn/search?q=8930429862267,2026-07-03 04:44:35
191,Lazada,429000.0,43000.0,386000.0,,Combo mua 2 giảm 5%,https://www.lazada.vn/search?q=8930429862267,2026-07-03 04:44:35
191,TikTok Shop,410000.0,62000.0,348000.0,,,https://www.tiktokshop.vn/search?q=8930429862267,2026-07-03 04:44:35
191,GrabMart,504000.0,0.0,504000.0,,,https://www.grabmart.vn/search?q=8930429862267,2026-07-03 04:44:35
191,Pharmacity,451000.0,0.0,451000.0,,,https://www.pharmacity.vn/search?q=8930429862267,2026-07-03 04:44:35
191,Shopee,386000.0,0.0,386000.0,,,https://www.shopee.vn/search?q=8930429862267,2026-07-04 04:44:35
191,Lazada,411000.0,41000.0,370000.0,Voucher tích lũy,Combo mua 2 giảm 5%,https://www.lazada.vn/search?q=8930429862267,2026-07-04 04:44:35
191,TikTok Shop,368000.0,55000.0,293000.0,Voucher Livestream 20k,,https://www.tiktokshop.vn/search?q=8930429862267,2026-07-04 04:44:35
191,GrabMart,444000.0,0.0,444000.0,,,https://www.grabmart.vn/search?q=8930429862267,2026-07-04 04:44:35
191,Pharmacity,447000.0,22000.0,425000.0,,,https://www.pharmacity.vn/search?q=8930429862267,2026-07-04 04:44:35
191,Shopee,416000.0,62000.0,344000.0,Mã giảm 10k,,https://www.shopee.vn/search?q=8930429862267,2026-07-05 04:44:35
191,Lazada,423000.0,42000.0,381000.0,,Combo mua 2 giảm 5%,https://www.lazada.vn/search?q=8930429862267,2026-07-05 04:44:35
191,TikTok Shop,422000.0,42000.0,380000.0,,,https://www.tiktokshop.vn/search?q=8930429862267,2026-07-05 04:44:35
191,GrabMart,479000.0,0.0,479000.0,,,https://www.grabmart.vn/search?q=8930429862267,2026-07-05 04:44:35
191,Pharmacity,435000.0,0.0,435000.0,,,https://www.pharmacity.vn/search?q=8930429862267,2026-07-05 04:44:35
191,Shopee,372000.0,56000.0,306000.0,Mã giảm 10k,Flash Sale,https://www.shopee.vn/search?q=8930429862267,2026-07-06 04:44:35
191,Lazada,416000.0,0.0,416000.0,Voucher tích lũy,Combo mua 2 giảm 5%,https://www.lazada.vn/search?q=8930429862267,2026-07-06 04:44:35
191,TikTok Shop,366000.0,55000.0,311000.0,,Flash Sale hàng hiệu,https://www.tiktokshop.vn/search?q=8930429862267,2026-07-06 04:44:35
191,GrabMart,470000.0,0.0,470000.0,,,https://www.grabmart.vn/search?q=8930429862267,2026-07-06 04:44:35
191,Pharmacity,432000.0,0.0,432000.0,,,https://www.pharmacity.vn/search?q=8930429862267,2026-07-06 04:44:35
192,Shopee,414000.0,21000.0,393000.0,Freeship Extra,Flash Sale,https://www.shopee.vn/search?q=8933079661860,2026-06-30 04:44:35
192,Lazada,404000.0,0.0,404000.0,Voucher tích lũy,,https://www.lazada.vn/search?q=8933079661860,2026-06-30 04:44:35
192,TikTok Shop,389000.0,39000.0,330000.0,Voucher Livestream 20k,Flash Sale hàng hiệu,https://www.tiktokshop.vn/search?q=8933079661860,2026-06-30 04:44:35
192,GrabMart,424000.0,0.0,424000.0,,,https://www.grabmart.vn/search?q=8933079661860,2026-06-30 04:44:35
192,Pharmacity,408000.0,0.0,408000.0,,,https://www.pharmacity.vn/search?q=8933079661860,2026-06-30 04:44:35
192,Shopee,413000.0,21000.0,382000.0,Mã giảm 10k,Flash Sale,https://www.shopee.vn/search?q=8933079661860,2026-07-01 04:44:35
192,Lazada,404000.0,0.0,404000.0,,,https://www.lazada.vn/search?q=8933079661860,2026-07-01 04:44:35
192,TikTok Shop,369000.0,37000.0,332000.0,,,https://www.tiktokshop.vn/search?q=8933079661860,2026-07-01 04:44:35
192,GrabMart,421000.0,0.0,421000.0,,,https://www.grabmart.vn/search?q=8933079661860,2026-07-01 04:44:35
192,Pharmacity,432000.0,22000.0,410000.0,,,https://www.pharmacity.vn/search?q=8933079661860,2026-07-01 04:44:35
192,Shopee,353000.0,53000.0,300000.0,,,https://www.shopee.vn/search?q=8933079661860,2026-07-02 04:44:35
192,Lazada,410000.0,0.0,410000.0,Voucher tích lũy,,https://www.lazada.vn/search?q=8933079661860,2026-07-02 04:44:35
192,TikTok Shop,376000.0,56000.0,300000.0,Voucher Livestream 20k,,https://www.tiktokshop.vn/search?q=8933079661860,2026-07-02 04:44:35
192,GrabMart,430000.0,0.0,430000.0,,,https://www.grabmart.vn/search?q=8933079661860,2026-07-02 04:44:35
192,Pharmacity,404000.0,20000.0,384000.0,,,https://www.pharmacity.vn/search?q=8933079661860,2026-07-02 04:44:35
192,Shopee,398000.0,40000.0,348000.0,Mã giảm 10k,Flash Sale,https://www.shopee.vn/search?q=8933079661860,2026-07-03 04:44:35
192,Lazada,404000.0,20000.0,384000.0,,Combo mua 2 giảm 5%,https://www.lazada.vn/search?q=8933079661860,2026-07-03 04:44:35
192,TikTok Shop,369000.0,0.0,349000.0,Voucher Livestream 20k,Flash Sale hàng hiệu,https://www.tiktokshop.vn/search?q=8933079661860,2026-07-03 04:44:35
192,GrabMart,474000.0,0.0,474000.0,,,https://www.grabmart.vn/search?q=8933079661860,2026-07-03 04:44:35
192,Pharmacity,426000.0,21000.0,405000.0,,,https://www.pharmacity.vn/search?q=8933079661860,2026-07-03 04:44:35
192,Shopee,415000.0,0.0,415000.0,Freeship Extra,Flash Sale,https://www.shopee.vn/search?q=8933079661860,2026-07-04 04:44:35
192,Lazada,382000.0,0.0,382000.0,,Combo mua 2 giảm 5%,https://www.lazada.vn/search?q=8933079661860,2026-07-04 04:44:35
192,TikTok Shop,378000.0,57000.0,301000.0,Voucher Livestream 20k,,https://www.tiktokshop.vn/search?q=8933079661860,2026-07-04 04:44:35
192,GrabMart,448000.0,0.0,448000.0,,,https://www.grabmart.vn/search?q=8933079661860,2026-07-04 04:44:35
192,Pharmacity,410000.0,0.0,410000.0,,,https://www.pharmacity.vn/search?q=8933079661860,2026-07-04 04:44:35
192,Shopee,407000.0,41000.0,366000.0,,Flash Sale,https://www.shopee.vn/search?q=8933079661860,2026-07-05 04:44:35
192,Lazada,379000.0,0.0,379000.0,Voucher tích lũy,,https://www.lazada.vn/search?q=8933079661860,2026-07-05 04:44:35
192,TikTok Shop,377000.0,0.0,357000.0,Voucher Livestream 20k,,https://www.tiktokshop.vn/search?q=8933079661860,2026-07-05 04:44:35
192,GrabMart,439000.0,0.0,439000.0,,,https://www.grabmart.vn/search?q=8933079661860,2026-07-05 04:44:35
192,Pharmacity,419000.0,0.0,419000.0,,,https://www.pharmacity.vn/search?q=8933079661860,2026-07-05 04:44:35
192,Shopee,398000.0,0.0,388000.0,Mã giảm 10k,Flash Sale,https://www.shopee.vn/search?q=8933079661860,2026-07-06 04:44:35
192,Lazada,374000.0,37000.0,337000.0,Voucher tích lũy,Combo mua 2 giảm 5%,https://www.lazada.vn/search?q=8933079661860,2026-07-06 04:44:35
192,TikTok Shop,353000.0,53000.0,300000.0,,Flash Sale hàng hiệu,https://www.tiktokshop.vn/search?q=8933079661860,2026-07-06 04:44:35
192,GrabMart,419000.0,0.0,419000.0,,,https://www.grabmart.vn/search?q=8933079661860,2026-07-06 04:44:35
192,Pharmacity,418000.0,21000.0,397000.0,,,https://www.pharmacity.vn/search?q=8933079661860,2026-07-06 04:44:35
193,Shopee,83000.0,4000.0,79000.0,,,https://www.shopee.vn/search?q=8939304541846,2026-06-30 04:44:35
193,Lazada,86000.0,0.0,86000.0,,Combo mua 2 giảm 5%,https://www.lazada.vn/search?q=8939304541846,2026-06-30 04:44:35
193,TikTok Shop,78000.0,0.0,78000.0,,,https://www.tiktokshop.vn/search?q=8939304541846,2026-06-30 04:44:35
193,GrabMart,96000.0,0.0,96000.0,,,https://www.grabmart.vn/search?q=8939304541846,2026-06-30 04:44:35
193,Pharmacity,92000.0,5000.0,87000.0,,,https://www.pharmacity.vn/search?q=8939304541846,2026-06-30 04:44:35
193,Shopee,85000.0,8000.0,77000.0,Freeship Extra,,https://www.shopee.vn/search?q=8939304541846,2026-07-01 04:44:35
193,Lazada,85000.0,8000.0,77000.0,,,https://www.lazada.vn/search?q=8939304541846,2026-07-01 04:44:35
193,TikTok Shop,78000.0,0.0,58000.0,Voucher Livestream 20k,,https://www.tiktokshop.vn/search?q=8939304541846,2026-07-01 04:44:35
193,GrabMart,103000.0,0.0,103000.0,,,https://www.grabmart.vn/search?q=8939304541846,2026-07-01 04:44:35
193,Pharmacity,89000.0,4000.0,85000.0,,,https://www.pharmacity.vn/search?q=8939304541846,2026-07-01 04:44:35
193,Shopee,85000.0,4000.0,81000.0,,,https://www.shopee.vn/search?q=8939304541846,2026-07-02 04:44:35
193,Lazada,81000.0,4000.0,77000.0,,,https://www.lazada.vn/search?q=8939304541846,2026-07-02 04:44:35
193,TikTok Shop,73000.0,0.0,53000.0,Voucher Livestream 20k,Flash Sale hàng hiệu,https://www.tiktokshop.vn/search?q=8939304541846,2026-07-02 04:44:35
193,GrabMart,93000.0,0.0,93000.0,,,https://www.grabmart.vn/search?q=8939304541846,2026-07-02 04:44:35
193,Pharmacity,87000.0,0.0,87000.0,,,https://www.pharmacity.vn/search?q=8939304541846,2026-07-02 04:44:35
193,Shopee,86000.0,13000.0,63000.0,Mã giảm 10k,,https://www.shopee.vn/search?q=8939304541846,2026-07-03 04:44:35
193,Lazada,83000.0,8000.0,75000.0,Voucher tích lũy,,https://www.lazada.vn/search?q=8939304541846,2026-07-03 04:44:35
193,TikTok Shop,81000.0,0.0,81000.0,,,https://www.tiktokshop.vn/search?q=8939304541846,2026-07-03 04:44:35
193,GrabMart,97000.0,0.0,97000.0,,,https://www.grabmart.vn/search?q=8939304541846,2026-07-03 04:44:35
193,Pharmacity,91000.0,5000.0,86000.0,,,https://www.pharmacity.vn/search?q=8939304541846,2026-07-03 04:44:35
193,Shopee,87000.0,0.0,87000.0,,,https://www.shopee.vn/search?q=8939304541846,2026-07-04 04:44:35
193,Lazada,85000.0,0.0,85000.0,Voucher tích lũy,Combo mua 2 giảm 5%,https://www.lazada.vn/search?q=8939304541846,2026-07-04 04:44:35
193,TikTok Shop,73000.0,7000.0,46000.0,Voucher Livestream 20k,Flash Sale hàng hiệu,https://www.tiktokshop.vn/search?q=8939304541846,2026-07-04 04:44:35
193,GrabMart,97000.0,0.0,97000.0,,,https://www.grabmart.vn/search?q=8939304541846,2026-07-04 04:44:35
193,Pharmacity,89000.0,4000.0,85000.0,,,https://www.pharmacity.vn/search?q=8939304541846,2026-07-04 04:44:35
193,Shopee,78000.0,0.0,78000.0,,Flash Sale,https://www.shopee.vn/search?q=8939304541846,2026-07-05 04:44:35
193,Lazada,78000.0,4000.0,74000.0,,,https://www.lazada.vn/search?q=8939304541846,2026-07-05 04:44:35
193,TikTok Shop,72000.0,0.0,52000.0,Voucher Livestream 20k,,https://www.tiktokshop.vn/search?q=8939304541846,2026-07-05 04:44:35
193,GrabMart,96000.0,0.0,96000.0,,,https://www.grabmart.vn/search?q=8939304541846,2026-07-05 04:44:35
193,Pharmacity,92000.0,5000.0,87000.0,,,https://www.pharmacity.vn/search?q=8939304541846,2026-07-05 04:44:35
193,Shopee,85000.0,8000.0,67000.0,Mã giảm 10k,,https://www.shopee.vn/search?q=8939304541846,2026-07-06 04:44:35
193,Lazada,87000.0,9000.0,78000.0,,,https://www.lazada.vn/search?q=8939304541846,2026-07-06 04:44:35
193,TikTok Shop,73000.0,0.0,53000.0,Voucher Livestream 20k,Flash Sale hàng hiệu,https://www.tiktokshop.vn/search?q=8939304541846,2026-07-06 04:44:35
193,GrabMart,100000.0,0.0,100000.0,,,https://www.grabmart.vn/search?q=8939304541846,2026-07-06 04:44:35
193,Pharmacity,92000.0,5000.0,87000.0,,,https://www.pharmacity.vn/search?q=8939304541846,2026-07-06 04:44:35
194,Shopee,308000.0,0.0,308000.0,,Flash Sale,https://www.shopee.vn/search?q=8937662623594,2026-06-30 04:44:35
194,Lazada,301000.0,30000.0,271000.0,Voucher tích lũy,,https://www.lazada.vn/search?q=8937662623594,2026-06-30 04:44:35
194,TikTok Shop,285000.0,28000.0,237000.0,Voucher Livestream 20k,,https://www.tiktokshop.vn/search?q=8937662623594,2026-06-30 04:44:35
194,GrabMart,356000.0,0.0,356000.0,,,https://www.grabmart.vn/search?q=8937662623594,2026-06-30 04:44:35
194,Pharmacity,343000.0,17000.0,326000.0,,,https://www.pharmacity.vn/search?q=8937662623594,2026-06-30 04:44:35
194,Shopee,291000.0,0.0,281000.0,Mã giảm 10k,,https://www.shopee.vn/search?q=8937662623594,2026-07-01 04:44:35
194,Lazada,300000.0,15000.0,285000.0,,Combo mua 2 giảm 5%,https://www.lazada.vn/search?q=8937662623594,2026-07-01 04:44:35
194,TikTok Shop,324000.0,32000.0,292000.0,,,https://www.tiktokshop.vn/search?q=8937662623594,2026-07-01 04:44:35
194,GrabMart,384000.0,0.0,384000.0,,,https://www.grabmart.vn/search?q=8937662623594,2026-07-01 04:44:35
194,Pharmacity,355000.0,0.0,355000.0,,,https://www.pharmacity.vn/search?q=8937662623594,2026-07-01 04:44:35
194,Shopee,324000.0,49000.0,265000.0,Mã giảm 10k,,https://www.shopee.vn/search?q=8937662623594,2026-07-02 04:44:35
194,Lazada,324000.0,32000.0,292000.0,,,https://www.lazada.vn/search?q=8937662623594,2026-07-02 04:44:35
194,TikTok Shop,325000.0,49000.0,276000.0,,,https://www.tiktokshop.vn/search?q=8937662623594,2026-07-02 04:44:35
194,GrabMart,398000.0,0.0,398000.0,,,https://www.grabmart.vn/search?q=8937662623594,2026-07-02 04:44:35
194,Pharmacity,335000.0,0.0,335000.0,,,https://www.pharmacity.vn/search?q=8937662623594,2026-07-02 04:44:35
194,Shopee,323000.0,16000.0,297000.0,Mã giảm 10k,,https://www.shopee.vn/search?q=8937662623594,2026-07-03 04:44:35
194,Lazada,299000.0,15000.0,284000.0,Voucher tích lũy,,https://www.lazada.vn/search?q=8937662623594,2026-07-03 04:44:35
194,TikTok Shop,316000.0,32000.0,264000.0,Voucher Livestream 20k,Flash Sale hàng hiệu,https://www.tiktokshop.vn/search?q=8937662623594,2026-07-03 04:44:35
194,GrabMart,382000.0,0.0,382000.0,,,https://www.grabmart.vn/search?q=8937662623594,2026-07-03 04:44:35
194,Pharmacity,342000.0,0.0,342000.0,,,https://www.pharmacity.vn/search?q=8937662623594,2026-07-03 04:44:35
194,Shopee,320000.0,16000.0,294000.0,Mã giảm 10k,,https://www.shopee.vn/search?q=8937662623594,2026-07-04 04:44:35
194,Lazada,300000.0,30000.0,270000.0,Voucher tích lũy,,https://www.lazada.vn/search?q=8937662623594,2026-07-04 04:44:35
194,TikTok Shop,285000.0,28000.0,237000.0,Voucher Livestream 20k,Flash Sale hàng hiệu,https://www.tiktokshop.vn/search?q=8937662623594,2026-07-04 04:44:35
194,GrabMart,395000.0,0.0,395000.0,,,https://www.grabmart.vn/search?q=8937662623594,2026-07-04 04:44:35
194,Pharmacity,349000.0,17000.0,332000.0,,,https://www.pharmacity.vn/search?q=8937662623594,2026-07-04 04:44:35
194,Shopee,333000.0,17000.0,316000.0,,Flash Sale,https://www.shopee.vn/search?q=8937662623594,2026-07-05 04:44:35
194,Lazada,310000.0,31000.0,279000.0,Voucher tích lũy,Combo mua 2 giảm 5%,https://www.lazada.vn/search?q=8937662623594,2026-07-05 04:44:35
194,TikTok Shop,329000.0,0.0,329000.0,,,https://www.tiktokshop.vn/search?q=8937662623594,2026-07-05 04:44:35
194,GrabMart,374000.0,0.0,374000.0,,,https://www.grabmart.vn/search?q=8937662623594,2026-07-05 04:44:35
194,Pharmacity,348000.0,0.0,348000.0,,,https://www.pharmacity.vn/search?q=8937662623594,2026-07-05 04:44:35
194,Shopee,328000.0,49000.0,269000.0,Mã giảm 10k,Flash Sale,https://www.shopee.vn/search?q=8937662623594,2026-07-06 04:44:35
194,Lazada,320000.0,16000.0,304000.0,Voucher tích lũy,Combo mua 2 giảm 5%,https://www.lazada.vn/search?q=8937662623594,2026-07-06 04:44:35
194,TikTok Shop,300000.0,30000.0,270000.0,,,https://www.tiktokshop.vn/search?q=8937662623594,2026-07-06 04:44:35
194,GrabMart,377000.0,0.0,377000.0,,,https://www.grabmart.vn/search?q=8937662623594,2026-07-06 04:44:35
194,Pharmacity,350000.0,0.0,350000.0,,,https://www.pharmacity.vn/search?q=8937662623594,2026-07-06 04:44:35
195,Shopee,271000.0,0.0,261000.0,Mã giảm 10k,,https://www.shopee.vn/search?q=8930566036163,2026-06-30 04:44:35
195,Lazada,265000.0,26000.0,239000.0,,Combo mua 2 giảm 5%,https://www.lazada.vn/search?q=8930566036163,2026-06-30 04:44:35
195,TikTok Shop,280000.0,28000.0,252000.0,,,https://www.tiktokshop.vn/search?q=8930566036163,2026-06-30 04:44:35
195,GrabMart,302000.0,0.0,302000.0,,,https://www.grabmart.vn/search?q=8930566036163,2026-06-30 04:44:35
195,Pharmacity,301000.0,0.0,301000.0,,,https://www.pharmacity.vn/search?q=8930566036163,2026-06-30 04:44:35
195,Shopee,263000.0,26000.0,237000.0,,,https://www.shopee.vn/search?q=8930566036163,2026-07-01 04:44:35
195,Lazada,268000.0,0.0,268000.0,,,https://www.lazada.vn/search?q=8930566036163,2026-07-01 04:44:35
195,TikTok Shop,258000.0,39000.0,219000.0,,Flash Sale hàng hiệu,https://www.tiktokshop.vn/search?q=8930566036163,2026-07-01 04:44:35
195,GrabMart,317000.0,0.0,317000.0,,,https://www.grabmart.vn/search?q=8930566036163,2026-07-01 04:44:35
195,Pharmacity,286000.0,14000.0,272000.0,,,https://www.pharmacity.vn/search?q=8930566036163,2026-07-01 04:44:35
195,Shopee,248000.0,37000.0,211000.0,Freeship Extra,,https://www.shopee.vn/search?q=8930566036163,2026-07-02 04:44:35
195,Lazada,268000.0,0.0,268000.0,Voucher tích lũy,Combo mua 2 giảm 5%,https://www.lazada.vn/search?q=8930566036163,2026-07-02 04:44:35
195,TikTok Shop,240000.0,0.0,220000.0,Voucher Livestream 20k,Flash Sale hàng hiệu,https://www.tiktokshop.vn/search?q=8930566036163,2026-07-02 04:44:35
195,GrabMart,314000.0,0.0,314000.0,,,https://www.grabmart.vn/search?q=8930566036163,2026-07-02 04:44:35
195,Pharmacity,290000.0,14000.0,276000.0,,,https://www.pharmacity.vn/search?q=8930566036163,2026-07-02 04:44:35
195,Shopee,292000.0,29000.0,263000.0,,,https://www.shopee.vn/search?q=8930566036163,2026-07-03 04:44:35
195,Lazada,279000.0,14000.0,265000.0,Voucher tích lũy,,https://www.lazada.vn/search?q=8930566036163,2026-07-03 04:44:35
195,TikTok Shop,252000.0,25000.0,227000.0,,,https://www.tiktokshop.vn/search?q=8930566036163,2026-07-03 04:44:35
195,GrabMart,329000.0,0.0,329000.0,,,https://www.grabmart.vn/search?q=8930566036163,2026-07-03 04:44:35
195,Pharmacity,303000.0,15000.0,288000.0,,,https://www.pharmacity.vn/search?q=8930566036163,2026-07-03 04:44:35
195,Shopee,266000.0,27000.0,239000.0,Freeship Extra,Flash Sale,https://www.shopee.vn/search?q=8930566036163,2026-07-04 04:44:35
195,Lazada,275000.0,14000.0,261000.0,Voucher tích lũy,Combo mua 2 giảm 5%,https://www.lazada.vn/search?q=8930566036163,2026-07-04 04:44:35
195,TikTok Shop,279000.0,42000.0,237000.0,,,https://www.tiktokshop.vn/search?q=8930566036163,2026-07-04 04:44:35
195,GrabMart,335000.0,0.0,335000.0,,,https://www.grabmart.vn/search?q=8930566036163,2026-07-04 04:44:35
195,Pharmacity,299000.0,15000.0,284000.0,,,https://www.pharmacity.vn/search?q=8930566036163,2026-07-04 04:44:35
195,Shopee,258000.0,39000.0,209000.0,Mã giảm 10k,,https://www.shopee.vn/search?q=8930566036163,2026-07-05 04:44:35
195,Lazada,268000.0,13000.0,255000.0,,,https://www.lazada.vn/search?q=8930566036163,2026-07-05 04:44:35
195,TikTok Shop,283000.0,42000.0,221000.0,Voucher Livestream 20k,Flash Sale hàng hiệu,https://www.tiktokshop.vn/search?q=8930566036163,2026-07-05 04:44:35
195,GrabMart,331000.0,0.0,331000.0,,,https://www.grabmart.vn/search?q=8930566036163,2026-07-05 04:44:35
195,Pharmacity,286000.0,14000.0,272000.0,,,https://www.pharmacity.vn/search?q=8930566036163,2026-07-05 04:44:35
195,Shopee,257000.0,0.0,257000.0,Freeship Extra,,https://www.shopee.vn/search?q=8930566036163,2026-07-06 04:44:35
195,Lazada,275000.0,0.0,275000.0,,Combo mua 2 giảm 5%,https://www.lazada.vn/search?q=8930566036163,2026-07-06 04:44:35
195,TikTok Shop,257000.0,0.0,257000.0,,,https://www.tiktokshop.vn/search?q=8930566036163,2026-07-06 04:44:35
195,GrabMart,333000.0,0.0,333000.0,,,https://www.grabmart.vn/search?q=8930566036163,2026-07-06 04:44:35
195,Pharmacity,287000.0,14000.0,273000.0,,,https://www.pharmacity.vn/search?q=8930566036163,2026-07-06 04:44:35
196,Shopee,576000.0,86000.0,480000.0,Mã giảm 10k,,https://www.shopee.vn/search?q=8936440282534,2026-06-30 04:44:35
196,Lazada,535000.0,27000.0,508000.0,Voucher tích lũy,,https://www.lazada.vn/search?q=8936440282534,2026-06-30 04:44:35
196,TikTok Shop,540000.0,81000.0,459000.0,,,https://www.tiktokshop.vn/search?q=8936440282534,2026-06-30 04:44:35
196,GrabMart,663000.0,0.0,663000.0,,,https://www.grabmart.vn/search?q=8936440282534,2026-06-30 04:44:35
196,Pharmacity,612000.0,0.0,612000.0,,,https://www.pharmacity.vn/search?q=8936440282534,2026-06-30 04:44:35
196,Shopee,502000.0,25000.0,477000.0,Freeship Extra,,https://www.shopee.vn/search?q=8936440282534,2026-07-01 04:44:35
196,Lazada,518000.0,0.0,518000.0,Voucher tích lũy,,https://www.lazada.vn/search?q=8936440282534,2026-07-01 04:44:35
196,TikTok Shop,486000.0,73000.0,413000.0,,,https://www.tiktokshop.vn/search?q=8936440282534,2026-07-01 04:44:35
196,GrabMart,667000.0,0.0,667000.0,,,https://www.grabmart.vn/search?q=8936440282534,2026-07-01 04:44:35
196,Pharmacity,583000.0,29000.0,554000.0,,,https://www.pharmacity.vn/search?q=8936440282534,2026-07-01 04:44:35
196,Shopee,526000.0,26000.0,490000.0,Mã giảm 10k,Flash Sale,https://www.shopee.vn/search?q=8936440282534,2026-07-02 04:44:35
196,Lazada,564000.0,56000.0,508000.0,,,https://www.lazada.vn/search?q=8936440282534,2026-07-02 04:44:35
196,TikTok Shop,557000.0,56000.0,481000.0,Voucher Livestream 20k,Flash Sale hàng hiệu,https://www.tiktokshop.vn/search?q=8936440282534,2026-07-02 04:44:35
196,GrabMart,677000.0,0.0,677000.0,,,https://www.grabmart.vn/search?q=8936440282534,2026-07-02 04:44:35
196,Pharmacity,590000.0,30000.0,560000.0,,,https://www.pharmacity.vn/search?q=8936440282534,2026-07-02 04:44:35
196,Shopee,564000.0,28000.0,526000.0,Mã giảm 10k,,https://www.shopee.vn/search?q=8936440282534,2026-07-03 04:44:35
196,Lazada,582000.0,29000.0,553000.0,Voucher tích lũy,Combo mua 2 giảm 5%,https://www.lazada.vn/search?q=8936440282534,2026-07-03 04:44:35
196,TikTok Shop,535000.0,80000.0,455000.0,,,https://www.tiktokshop.vn/search?q=8936440282534,2026-07-03 04:44:35
196,GrabMart,647000.0,0.0,647000.0,,,https://www.grabmart.vn/search?q=8936440282534,2026-07-03 04:44:35
196,Pharmacity,585000.0,0.0,585000.0,,,https://www.pharmacity.vn/search?q=8936440282534,2026-07-03 04:44:35
196,Shopee,498000.0,75000.0,413000.0,Mã giảm 10k,,https://www.shopee.vn/search?q=8936440282534,2026-07-04 04:44:35
196,Lazada,531000.0,0.0,531000.0,,Combo mua 2 giảm 5%,https://www.lazada.vn/search?q=8936440282534,2026-07-04 04:44:35
196,TikTok Shop,575000.0,86000.0,489000.0,,,https://www.tiktokshop.vn/search?q=8936440282534,2026-07-04 04:44:35
196,GrabMart,641000.0,0.0,641000.0,,,https://www.grabmart.vn/search?q=8936440282534,2026-07-04 04:44:35
196,Pharmacity,596000.0,0.0,596000.0,,,https://www.pharmacity.vn/search?q=8936440282534,2026-07-04 04:44:35
196,Shopee,518000.0,0.0,508000.0,Mã giảm 10k,,https://www.shopee.vn/search?q=8936440282534,2026-07-05 04:44:35
196,Lazada,585000.0,29000.0,556000.0,Voucher tích lũy,Combo mua 2 giảm 5%,https://www.lazada.vn/search?q=8936440282534,2026-07-05 04:44:35
196,TikTok Shop,483000.0,48000.0,435000.0,,,https://www.tiktokshop.vn/search?q=8936440282534,2026-07-05 04:44:35
196,GrabMart,648000.0,0.0,648000.0,,,https://www.grabmart.vn/search?q=8936440282534,2026-07-05 04:44:35
196,Pharmacity,578000.0,29000.0,549000.0,,,https://www.pharmacity.vn/search?q=8936440282534,2026-07-05 04:44:35
196,Shopee,575000.0,58000.0,517000.0,Freeship Extra,Flash Sale,https://www.shopee.vn/search?q=8936440282534,2026-07-06 04:44:35
196,Lazada,528000.0,53000.0,475000.0,Voucher tích lũy,,https://www.lazada.vn/search?q=8936440282534,2026-07-06 04:44:35
196,TikTok Shop,540000.0,0.0,540000.0,,Flash Sale hàng hiệu,https://www.tiktokshop.vn/search?q=8936440282534,2026-07-06 04:44:35
196,GrabMart,670000.0,0.0,670000.0,,,https://www.grabmart.vn/search?q=8936440282534,2026-07-06 04:44:35
196,Pharmacity,588000.0,0.0,588000.0,,,https://www.pharmacity.vn/search?q=8936440282534,2026-07-06 04:44:35
197,Shopee,333000.0,50000.0,283000.0,,,https://www.shopee.vn/search?q=8936758267629,2026-06-30 04:44:35
197,Lazada,332000.0,0.0,332000.0,Voucher tích lũy,,https://www.lazada.vn/search?q=8936758267629,2026-06-30 04:44:35
197,TikTok Shop,320000.0,48000.0,252000.0,Voucher Livestream 20k,Flash Sale hàng hiệu,https://www.tiktokshop.vn/search?q=8936758267629,2026-06-30 04:44:35
197,GrabMart,390000.0,0.0,390000.0,,,https://www.grabmart.vn/search?q=8936758267629,2026-06-30 04:44:35
197,Pharmacity,350000.0,18000.0,332000.0,,,https://www.pharmacity.vn/search?q=8936758267629,2026-06-30 04:44:35
197,Shopee,327000.0,33000.0,294000.0,Freeship Extra,Flash Sale,https://www.shopee.vn/search?q=8936758267629,2026-07-01 04:44:35
197,Lazada,308000.0,31000.0,277000.0,Voucher tích lũy,,https://www.lazada.vn/search?q=8936758267629,2026-07-01 04:44:35
197,TikTok Shop,282000.0,0.0,262000.0,Voucher Livestream 20k,Flash Sale hàng hiệu,https://www.tiktokshop.vn/search?q=8936758267629,2026-07-01 04:44:35
197,GrabMart,388000.0,0.0,388000.0,,,https://www.grabmart.vn/search?q=8936758267629,2026-07-01 04:44:35
197,Pharmacity,346000.0,0.0,346000.0,,,https://www.pharmacity.vn/search?q=8936758267629,2026-07-01 04:44:35
197,Shopee,301000.0,45000.0,256000.0,,Flash Sale,https://www.shopee.vn/search?q=8936758267629,2026-07-02 04:44:35
197,Lazada,330000.0,0.0,330000.0,Voucher tích lũy,,https://www.lazada.vn/search?q=8936758267629,2026-07-02 04:44:35
197,TikTok Shop,284000.0,28000.0,236000.0,Voucher Livestream 20k,Flash Sale hàng hiệu,https://www.tiktokshop.vn/search?q=8936758267629,2026-07-02 04:44:35
197,GrabMart,353000.0,0.0,353000.0,,,https://www.grabmart.vn/search?q=8936758267629,2026-07-02 04:44:35
197,Pharmacity,334000.0,0.0,334000.0,,,https://www.pharmacity.vn/search?q=8936758267629,2026-07-02 04:44:35
197,Shopee,340000.0,34000.0,296000.0,Mã giảm 10k,,https://www.shopee.vn/search?q=8936758267629,2026-07-03 04:44:35
197,Lazada,302000.0,0.0,302000.0,,,https://www.lazada.vn/search?q=8936758267629,2026-07-03 04:44:35
197,TikTok Shop,294000.0,29000.0,245000.0,Voucher Livestream 20k,,https://www.tiktokshop.vn/search?q=8936758267629,2026-07-03 04:44:35
197,GrabMart,355000.0,0.0,355000.0,,,https://www.grabmart.vn/search?q=8936758267629,2026-07-03 04:44:35
197,Pharmacity,331000.0,0.0,331000.0,,,https://www.pharmacity.vn/search?q=8936758267629,2026-07-03 04:44:35
197,Shopee,296000.0,44000.0,242000.0,Mã giảm 10k,,https://www.shopee.vn/search?q=8936758267629,2026-07-04 04:44:35
197,Lazada,302000.0,0.0,302000.0,Voucher tích lũy,Combo mua 2 giảm 5%,https://www.lazada.vn/search?q=8936758267629,2026-07-04 04:44:35
197,TikTok Shop,293000.0,44000.0,249000.0,,Flash Sale hàng hiệu,https://www.tiktokshop.vn/search?q=8936758267629,2026-07-04 04:44:35
197,GrabMart,364000.0,0.0,364000.0,,,https://www.grabmart.vn/search?q=8936758267629,2026-07-04 04:44:35
197,Pharmacity,342000.0,17000.0,325000.0,,,https://www.pharmacity.vn/search?q=8936758267629,2026-07-04 04:44:35
197,Shopee,290000.0,14000.0,276000.0,,,https://www.shopee.vn/search?q=8936758267629,2026-07-05 04:44:35
197,Lazada,315000.0,32000.0,283000.0,Voucher tích lũy,,https://www.lazada.vn/search?q=8936758267629,2026-07-05 04:44:35
197,TikTok Shop,294000.0,44000.0,230000.0,Voucher Livestream 20k,,https://www.tiktokshop.vn/search?q=8936758267629,2026-07-05 04:44:35
197,GrabMart,363000.0,0.0,363000.0,,,https://www.grabmart.vn/search?q=8936758267629,2026-07-05 04:44:35
197,Pharmacity,332000.0,0.0,332000.0,,,https://www.pharmacity.vn/search?q=8936758267629,2026-07-05 04:44:35
197,Shopee,341000.0,17000.0,324000.0,Freeship Extra,Flash Sale,https://www.shopee.vn/search?q=8936758267629,2026-07-06 04:44:35
197,Lazada,321000.0,16000.0,305000.0,Voucher tích lũy,Combo mua 2 giảm 5%,https://www.lazada.vn/search?q=8936758267629,2026-07-06 04:44:35
197,TikTok Shop,302000.0,45000.0,237000.0,Voucher Livestream 20k,Flash Sale hàng hiệu,https://www.tiktokshop.vn/search?q=8936758267629,2026-07-06 04:44:35
197,GrabMart,343000.0,0.0,343000.0,,,https://www.grabmart.vn/search?q=8936758267629,2026-07-06 04:44:35
197,Pharmacity,348000.0,17000.0,331000.0,,,https://www.pharmacity.vn/search?q=8936758267629,2026-07-06 04:44:35
198,Shopee,129000.0,0.0,129000.0,Freeship Extra,,https://www.shopee.vn/search?q=8936383097233,2026-06-30 04:44:35
198,Lazada,140000.0,7000.0,133000.0,Voucher tích lũy,,https://www.lazada.vn/search?q=8936383097233,2026-06-30 04:44:35
198,TikTok Shop,123000.0,12000.0,91000.0,Voucher Livestream 20k,Flash Sale hàng hiệu,https://www.tiktokshop.vn/search?q=8936383097233,2026-06-30 04:44:35
198,GrabMart,175000.0,0.0,175000.0,,,https://www.grabmart.vn/search?q=8936383097233,2026-06-30 04:44:35
198,Pharmacity,156000.0,8000.0,148000.0,,,https://www.pharmacity.vn/search?q=8936383097233,2026-06-30 04:44:35
198,Shopee,151000.0,15000.0,126000.0,Mã giảm 10k,Flash Sale,https://www.shopee.vn/search?q=8936383097233,2026-07-01 04:44:35
198,Lazada,138000.0,7000.0,131000.0,Voucher tích lũy,Combo mua 2 giảm 5%,https://www.lazada.vn/search?q=8936383097233,2026-07-01 04:44:35
198,TikTok Shop,126000.0,0.0,106000.0,Voucher Livestream 20k,Flash Sale hàng hiệu,https://www.tiktokshop.vn/search?q=8936383097233,2026-07-01 04:44:35
198,GrabMart,163000.0,0.0,163000.0,,,https://www.grabmart.vn/search?q=8936383097233,2026-07-01 04:44:35
198,Pharmacity,148000.0,0.0,148000.0,,,https://www.pharmacity.vn/search?q=8936383097233,2026-07-01 04:44:35
198,Shopee,137000.0,21000.0,106000.0,Mã giảm 10k,Flash Sale,https://www.shopee.vn/search?q=8936383097233,2026-07-02 04:44:35
198,Lazada,147000.0,0.0,147000.0,Voucher tích lũy,,https://www.lazada.vn/search?q=8936383097233,2026-07-02 04:44:35
198,TikTok Shop,132000.0,13000.0,99000.0,Voucher Livestream 20k,Flash Sale hàng hiệu,https://www.tiktokshop.vn/search?q=8936383097233,2026-07-02 04:44:35
198,GrabMart,159000.0,0.0,159000.0,,,https://www.grabmart.vn/search?q=8936383097233,2026-07-02 04:44:35
198,Pharmacity,149000.0,0.0,149000.0,,,https://www.pharmacity.vn/search?q=8936383097233,2026-07-02 04:44:35
198,Shopee,150000.0,15000.0,125000.0,Mã giảm 10k,,https://www.shopee.vn/search?q=8936383097233,2026-07-03 04:44:35
198,Lazada,147000.0,15000.0,132000.0,Voucher tích lũy,Combo mua 2 giảm 5%,https://www.lazada.vn/search?q=8936383097233,2026-07-03 04:44:35
198,TikTok Shop,123000.0,0.0,123000.0,,Flash Sale hàng hiệu,https://www.tiktokshop.vn/search?q=8936383097233,2026-07-03 04:44:35
198,GrabMart,175000.0,0.0,175000.0,,,https://www.grabmart.vn/search?q=8936383097233,2026-07-03 04:44:35
198,Pharmacity,159000.0,0.0,159000.0,,,https://www.pharmacity.vn/search?q=8936383097233,2026-07-03 04:44:35
198,Shopee,140000.0,7000.0,123000.0,Mã giảm 10k,Flash Sale,https://www.shopee.vn/search?q=8936383097233,2026-07-04 04:44:35
198,Lazada,148000.0,15000.0,133000.0,,Combo mua 2 giảm 5%,https://www.lazada.vn/search?q=8936383097233,2026-07-04 04:44:35
198,TikTok Shop,124000.0,0.0,104000.0,Voucher Livestream 20k,,https://www.tiktokshop.vn/search?q=8936383097233,2026-07-04 04:44:35
198,GrabMart,154000.0,0.0,154000.0,,,https://www.grabmart.vn/search?q=8936383097233,2026-07-04 04:44:35
198,Pharmacity,155000.0,8000.0,147000.0,,,https://www.pharmacity.vn/search?q=8936383097233,2026-07-04 04:44:35
198,Shopee,132000.0,7000.0,125000.0,Freeship Extra,Flash Sale,https://www.shopee.vn/search?q=8936383097233,2026-07-05 04:44:35
198,Lazada,134000.0,0.0,134000.0,Voucher tích lũy,,https://www.lazada.vn/search?q=8936383097233,2026-07-05 04:44:35
198,TikTok Shop,137000.0,21000.0,116000.0,,,https://www.tiktokshop.vn/search?q=8936383097233,2026-07-05 04:44:35
198,GrabMart,177000.0,0.0,177000.0,,,https://www.grabmart.vn/search?q=8936383097233,2026-07-05 04:44:35
198,Pharmacity,156000.0,8000.0,148000.0,,,https://www.pharmacity.vn/search?q=8936383097233,2026-07-05 04:44:35
198,Shopee,146000.0,7000.0,129000.0,Mã giảm 10k,,https://www.shopee.vn/search?q=8936383097233,2026-07-06 04:44:35
198,Lazada,143000.0,7000.0,136000.0,,Combo mua 2 giảm 5%,https://www.lazada.vn/search?q=8936383097233,2026-07-06 04:44:35
198,TikTok Shop,138000.0,21000.0,97000.0,Voucher Livestream 20k,,https://www.tiktokshop.vn/search?q=8936383097233,2026-07-06 04:44:35
198,GrabMart,173000.0,0.0,173000.0,,,https://www.grabmart.vn/search?q=8936383097233,2026-07-06 04:44:35
198,Pharmacity,151000.0,0.0,151000.0,,,https://www.pharmacity.vn/search?q=8936383097233,2026-07-06 04:44:35
199,Shopee,137000.0,21000.0,116000.0,Freeship Extra,Flash Sale,https://www.shopee.vn/search?q=8936948045075,2026-06-30 04:44:35
199,Lazada,129000.0,13000.0,116000.0,,Combo mua 2 giảm 5%,https://www.lazada.vn/search?q=8936948045075,2026-06-30 04:44:35
199,TikTok Shop,127000.0,19000.0,108000.0,,Flash Sale hàng hiệu,https://www.tiktokshop.vn/search?q=8936948045075,2026-06-30 04:44:35
199,GrabMart,158000.0,0.0,158000.0,,,https://www.grabmart.vn/search?q=8936948045075,2026-06-30 04:44:35
199,Pharmacity,147000.0,0.0,147000.0,,,https://www.pharmacity.vn/search?q=8936948045075,2026-06-30 04:44:35
199,Shopee,123000.0,18000.0,105000.0,,,https://www.shopee.vn/search?q=8936948045075,2026-07-01 04:44:35
199,Lazada,136000.0,7000.0,129000.0,Voucher tích lũy,,https://www.lazada.vn/search?q=8936948045075,2026-07-01 04:44:35
199,TikTok Shop,130000.0,0.0,130000.0,,,https://www.tiktokshop.vn/search?q=8936948045075,2026-07-01 04:44:35
199,GrabMart,151000.0,0.0,151000.0,,,https://www.grabmart.vn/search?q=8936948045075,2026-07-01 04:44:35
199,Pharmacity,144000.0,0.0,144000.0,,,https://www.pharmacity.vn/search?q=8936948045075,2026-07-01 04:44:35
199,Shopee,127000.0,13000.0,114000.0,Freeship Extra,,https://www.shopee.vn/search?q=8936948045075,2026-07-02 04:44:35
199,Lazada,132000.0,7000.0,125000.0,,,https://www.lazada.vn/search?q=8936948045075,2026-07-02 04:44:35
199,TikTok Shop,120000.0,18000.0,82000.0,Voucher Livestream 20k,Flash Sale hàng hiệu,https://www.tiktokshop.vn/search?q=8936948045075,2026-07-02 04:44:35
199,GrabMart,153000.0,0.0,153000.0,,,https://www.grabmart.vn/search?q=8936948045075,2026-07-02 04:44:35
199,Pharmacity,144000.0,7000.0,137000.0,,,https://www.pharmacity.vn/search?q=8936948045075,2026-07-02 04:44:35
199,Shopee,128000.0,13000.0,115000.0,,Flash Sale,https://www.shopee.vn/search?q=8936948045075,2026-07-03 04:44:35
199,Lazada,125000.0,6000.0,119000.0,Voucher tích lũy,,https://www.lazada.vn/search?q=8936948045075,2026-07-03 04:44:35
199,TikTok Shop,120000.0,18000.0,102000.0,,Flash Sale hàng hiệu,https://www.tiktokshop.vn/search?q=8936948045075,2026-07-03 04:44:35
199,GrabMart,161000.0,0.0,161000.0,,,https://www.grabmart.vn/search?q=8936948045075,2026-07-03 04:44:35
199,Pharmacity,143000.0,7000.0,136000.0,,,https://www.pharmacity.vn/search?q=8936948045075,2026-07-03 04:44:35
199,Shopee,136000.0,14000.0,122000.0,,Flash Sale,https://www.shopee.vn/search?q=8936948045075,2026-07-04 04:44:35
199,Lazada,127000.0,13000.0,114000.0,,,https://www.lazada.vn/search?q=8936948045075,2026-07-04 04:44:35
199,TikTok Shop,138000.0,14000.0,124000.0,,Flash Sale hàng hiệu,https://www.tiktokshop.vn/search?q=8936948045075,2026-07-04 04:44:35
199,GrabMart,159000.0,0.0,159000.0,,,https://www.grabmart.vn/search?q=8936948045075,2026-07-04 04:44:35
199,Pharmacity,142000.0,7000.0,135000.0,,,https://www.pharmacity.vn/search?q=8936948045075,2026-07-04 04:44:35
199,Shopee,123000.0,18000.0,95000.0,Mã giảm 10k,Flash Sale,https://www.shopee.vn/search?q=8936948045075,2026-07-05 04:44:35
199,Lazada,140000.0,0.0,140000.0,,Combo mua 2 giảm 5%,https://www.lazada.vn/search?q=8936948045075,2026-07-05 04:44:35
199,TikTok Shop,120000.0,0.0,100000.0,Voucher Livestream 20k,Flash Sale hàng hiệu,https://www.tiktokshop.vn/search?q=8936948045075,2026-07-05 04:44:35
199,GrabMart,147000.0,0.0,147000.0,,,https://www.grabmart.vn/search?q=8936948045075,2026-07-05 04:44:35
199,Pharmacity,144000.0,0.0,144000.0,,,https://www.pharmacity.vn/search?q=8936948045075,2026-07-05 04:44:35
199,Shopee,128000.0,0.0,118000.0,Mã giảm 10k,,https://www.shopee.vn/search?q=8936948045075,2026-07-06 04:44:35
199,Lazada,129000.0,0.0,129000.0,Voucher tích lũy,Combo mua 2 giảm 5%,https://www.lazada.vn/search?q=8936948045075,2026-07-06 04:44:35
199,TikTok Shop,134000.0,20000.0,94000.0,Voucher Livestream 20k,Flash Sale hàng hiệu,https://www.tiktokshop.vn/search?q=8936948045075,2026-07-06 04:44:35
199,GrabMart,157000.0,0.0,157000.0,,,https://www.grabmart.vn/search?q=8936948045075,2026-07-06 04:44:35
199,Pharmacity,144000.0,0.0,144000.0,,,https://www.pharmacity.vn/search?q=8936948045075,2026-07-06 04:44:35
200,Shopee,159000.0,8000.0,141000.0,Mã giảm 10k,,https://www.shopee.vn/search?q=8937237179891,2026-06-30 04:44:35
200,Lazada,142000.0,7000.0,135000.0,Voucher tích lũy,Combo mua 2 giảm 5%,https://www.lazada.vn/search?q=8937237179891,2026-06-30 04:44:35
200,TikTok Shop,154000.0,23000.0,111000.0,Voucher Livestream 20k,,https://www.tiktokshop.vn/search?q=8937237179891,2026-06-30 04:44:35
200,GrabMart,180000.0,0.0,180000.0,,,https://www.grabmart.vn/search?q=8937237179891,2026-06-30 04:44:35
200,Pharmacity,164000.0,8000.0,156000.0,,,https://www.pharmacity.vn/search?q=8937237179891,2026-06-30 04:44:35
200,Shopee,162000.0,16000.0,146000.0,Freeship Extra,Flash Sale,https://www.shopee.vn/search?q=8937237179891,2026-07-01 04:44:35
200,Lazada,142000.0,7000.0,135000.0,Voucher tích lũy,Combo mua 2 giảm 5%,https://www.lazada.vn/search?q=8937237179891,2026-07-01 04:44:35
200,TikTok Shop,139000.0,0.0,139000.0,,,https://www.tiktokshop.vn/search?q=8937237179891,2026-07-01 04:44:35
200,GrabMart,184000.0,0.0,184000.0,,,https://www.grabmart.vn/search?q=8937237179891,2026-07-01 04:44:35
200,Pharmacity,166000.0,8000.0,158000.0,,,https://www.pharmacity.vn/search?q=8937237179891,2026-07-01 04:44:35
200,Shopee,150000.0,15000.0,135000.0,Freeship Extra,,https://www.shopee.vn/search?q=8937237179891,2026-07-02 04:44:35
200,Lazada,147000.0,15000.0,132000.0,,Combo mua 2 giảm 5%,https://www.lazada.vn/search?q=8937237179891,2026-07-02 04:44:35
200,TikTok Shop,141000.0,21000.0,100000.0,Voucher Livestream 20k,,https://www.tiktokshop.vn/search?q=8937237179891,2026-07-02 04:44:35
200,GrabMart,173000.0,0.0,173000.0,,,https://www.grabmart.vn/search?q=8937237179891,2026-07-02 04:44:35
200,Pharmacity,164000.0,8000.0,156000.0,,,https://www.pharmacity.vn/search?q=8937237179891,2026-07-02 04:44:35
200,Shopee,151000.0,23000.0,118000.0,Mã giảm 10k,,https://www.shopee.vn/search?q=8937237179891,2026-07-03 04:44:35
200,Lazada,151000.0,0.0,151000.0,,Combo mua 2 giảm 5%,https://www.lazada.vn/search?q=8937237179891,2026-07-03 04:44:35
200,TikTok Shop,142000.0,0.0,142000.0,,Flash Sale hàng hiệu,https://www.tiktokshop.vn/search?q=8937237179891,2026-07-03 04:44:35
200,GrabMart,180000.0,0.0,180000.0,,,https://www.grabmart.vn/search?q=8937237179891,2026-07-03 04:44:35
200,Pharmacity,160000.0,0.0,160000.0,,,https://www.pharmacity.vn/search?q=8937237179891,2026-07-03 04:44:35
200,Shopee,153000.0,15000.0,138000.0,Freeship Extra,,https://www.shopee.vn/search?q=8937237179891,2026-07-04 04:44:35
200,Lazada,152000.0,15000.0,137000.0,,,https://www.lazada.vn/search?q=8937237179891,2026-07-04 04:44:35
200,TikTok Shop,156000.0,23000.0,113000.0,Voucher Livestream 20k,,https://www.tiktokshop.vn/search?q=8937237179891,2026-07-04 04:44:35
200,GrabMart,176000.0,0.0,176000.0,,,https://www.grabmart.vn/search?q=8937237179891,2026-07-04 04:44:35
200,Pharmacity,159000.0,0.0,159000.0,,,https://www.pharmacity.vn/search?q=8937237179891,2026-07-04 04:44:35
200,Shopee,153000.0,23000.0,130000.0,,Flash Sale,https://www.shopee.vn/search?q=8937237179891,2026-07-05 04:44:35
200,Lazada,149000.0,15000.0,134000.0,,,https://www.lazada.vn/search?q=8937237179891,2026-07-05 04:44:35
200,TikTok Shop,132000.0,20000.0,112000.0,,,https://www.tiktokshop.vn/search?q=8937237179891,2026-07-05 04:44:35
200,GrabMart,175000.0,0.0,175000.0,,,https://www.grabmart.vn/search?q=8937237179891,2026-07-05 04:44:35
200,Pharmacity,159000.0,0.0,159000.0,,,https://www.pharmacity.vn/search?q=8937237179891,2026-07-05 04:44:35
200,Shopee,146000.0,7000.0,139000.0,,Flash Sale,https://www.shopee.vn/search?q=8937237179891,2026-07-06 04:44:35
200,Lazada,159000.0,16000.0,143000.0,Voucher tích lũy,Combo mua 2 giảm 5%,https://www.lazada.vn/search?q=8937237179891,2026-07-06 04:44:35
200,TikTok Shop,147000.0,15000.0,132000.0,,,https://www.tiktokshop.vn/search?q=8937237179891,2026-07-06 04:44:35
200,GrabMart,181000.0,0.0,181000.0,,,https://www.grabmart.vn/search?q=8937237179891,2026-07-06 04:44:35
200,Pharmacity,158000.0,8000.0,150000.0,,,https://www.pharmacity.vn/search?q=8937237179891,2026-07-06 04:44:35
